tid,name,usage_count,follower_count,canonical_term,match_type,confidence,final_disposition,canonical_tid
10000,people with disabilities,22,145,Disability Rights,keyword_match,medium,merge_to_canonical,75029.0
10001,Discrimination,24,193,Civil Rights,keyword_match,medium,merge_to_canonical,6831.0
10002,computer crimes,2,5,,,,delete,
10003,Speedy Trial Reform,7,33,,,,delete,
10004,School Funding,55,331,Education,keyword_match,medium,merge_to_canonical,7001.0
10005,Progressive Budget,3,20,Budget,keyword_match,medium,merge_to_canonical,6786.0
10006,Youthbuild,21,28,,,,delete,
10007,Youth Leadership Development,14,36,Children,keyword_match,medium,merge_to_canonical,6816.0
10008,OVERCROWDING,1,4,,,,delete,
10009,Budget Resolution,6,29,Budget,keyword_match,medium,merge_to_canonical,6786.0
10010,Senate Democratic Conference,106,85,,,,delete,
10011,direct service professionals,10,23,,,,delete,
10012,My Brother's Keeper Initiative,1,1,,,,delete,
10013,MTA Funding,14,66,MTA,keyword_match,medium,merge_to_canonical,9222.0
10015,Community Health Centers,4,38,Health Care,keyword_match,medium,merge_to_canonical,7166.0
10016,FQHCs,2,1,,,,delete,
10017,Federal Budget,8,14,Budget,keyword_match,medium,merge_to_canonical,6786.0
10018,America First,1,36,,,,delete,
10019,Criminal Activity,2,29,,,,delete,
100198,Senator Gianaris' 2023 Community Survey,1,3,,,,delete,
10020,General Government,15,88,,,,delete,
10021,Local Assistance,39,110,,,,delete,
10022,Budget Conference,10,21,Budget,keyword_match,medium,merge_to_canonical,6786.0
10023,Nurse Practitioners,5,30,,,,delete,
10024,Nursing,5,39,,,,delete,
10025,Primary Health Care,1,23,Health Care,keyword_match,medium,merge_to_canonical,7166.0
10026,Minority Whip,1,1,,,,delete,
10027,Codes Committee,6,20,,,,delete,
10028,Telehealth,15,75,,,,delete,
10030,child safety zones,4,19,Public Safety,keyword_match,medium,merge_to_canonical,8316.0
10031,David Ohnmacht,2,2,,,,delete,
10032,national register of historic places,2,6,,,,delete,
10033,state register of historic places,3,6,,,,delete,
10034,pleasantville,4,1,,,,delete,
10035,Mohawk Valley,2,1,,,,delete,
10036,Thomas K. Burniston,1,0,,,,delete,
10037,Economic Empowerment,8,24,,,,delete,
10039,Workers' Comp Reform,5,29,,,,delete,
10040,Enviornment,28,95,,,,delete,
10041,2017 Veterans Hall of Fame,0,33,Veterans,keyword_match,medium,merge_to_canonical,7691.0
100426,school food,1,9,Education,keyword_match,medium,merge_to_canonical,7001.0
10044,croton,2,3,,,,delete,
100448,Legalizing basements & Cellars,3,15,,,,delete,
10045,Underhill-Acker House,1,1,,,,delete,
10047,Community Colleges,4,43,Higher Education,keyword_match,medium,merge_to_canonical,7176.0
10048,Real Property Taxes,20,200,Taxes,keyword_match,medium,merge_to_canonical,7626.0
10049,Senator Addabbo,4,1,,,,delete,
10050,Prostate,1,2,,,,delete,
10051,Queens,252,271,,,,delete,
10052,Waste Management,5,27,,,,delete,
100527,Unemployment bridge program,1,6,Jobs & Employment,keyword_match,medium,merge_to_canonical,7261.0
100528,DATA Tax,1,3,Taxes,keyword_match,medium,merge_to_canonical,7626.0
10053,Addabbo,787,79,,,,delete,
10054,Fishing,12,69,,,,delete,
10055,Donor Milk,2,6,,,,delete,
10056,public health and safety,38,292,Health Care,keyword_match,medium,merge_to_canonical,7166.0
100561,limousines safety,1,1,,,,delete,
10057,Marijuana,26,741,Cannabis Policy,keyword_match,medium,merge_to_canonical,
10058,Reproductive Health Act,1,285,Health Care,keyword_match,medium,merge_to_canonical,7166.0
100582,23-24 Executive Budget Proposal,6,32,Budget,keyword_match,medium,merge_to_canonical,6786.0
100586,2023-24 New York state budget,11,72,Budget,keyword_match,medium,merge_to_canonical,6786.0
100587,Taxes and Spending,2,16,Taxes,keyword_match,medium,merge_to_canonical,7626.0
10059,Fossil Fuel Divestment Act,1,64,Climate Change,keyword_match,medium,merge_to_canonical,6841.0
10060,empire bridge program,1,1,,,,delete,
10061,Marijuana Regulation and Taxation Act,1,443,Taxes,keyword_match,medium,merge_to_canonical,7626.0
10062,Major Capital Improvements,11,48,,,,delete,
10063,MCIs,13,11,,,,delete,
10064,Preferential Rents,1,21,,,,delete,
10065,state gaming law,1,9,Gaming,keyword_match,medium,merge_to_canonical,7111.0
10066,Access to Healthcare,66,1254,Health Care,keyword_match,medium,merge_to_canonical,7166.0
10067,Women's Reproductive Health,0,216,Health Care,keyword_match,medium,merge_to_canonical,7166.0
10068,Homelessness,43,293,Homelessness,keyword_match,medium,already_canonical,10068.0
10069,Neighborhood Preservation Companies,2,9,,,,delete,
10070,Anti-Gang Bill,11,42,,,,delete,
10071,Abandoned Homes,5,83,,,,delete,
10072,Preservation,2,11,,,,delete,
10073,Landmarking,1,1,,,,delete,
10074,dutchess county,1,8,,,,delete,
10075,new york state council on the arts,4,20,Arts & Culture,keyword_match,medium,merge_to_canonical,80871.0
10076,Vietnam War veterans,23,48,Veterans,keyword_match,medium,merge_to_canonical,7691.0
10077,victim safety zones,2,5,,,,delete,
10078,Judith Clark parole,3,11,Criminal Justice Reform,keyword_match,medium,merge_to_canonical,8546.0
10079,Women's Equality,6,88,Women's Rights,keyword_match,medium,merge_to_canonical,9128.0
10080,Climate Justice,7,114,Climate Change,keyword_match,medium,merge_to_canonical,6841.0
10081,DNA,4,12,,,,delete,
10082,Forensic,1,7,,,,delete,
10083,electronic cigarettes,5,33,,,,delete,
10084,Albany Update,1,37,,,,delete,
10085,Community Shout Outs,9,14,,,,delete,
10086,fair wages,10,58,,,,delete,
10087,Senator Boyle,1,2,,,,delete,
10088,New York State Senator,7,45,,,,delete,
10089,Machete,1,0,,,,delete,
10090,Diesel Emissions Reduction Act,1,14,,,,delete,
10091,Clean Air,7,85,Environment,keyword_match,medium,merge_to_canonical,7036.0
10092,parks and trails,2,56,State Parks & Recreation,keyword_match,medium,merge_to_canonical,
10093,interoperable communications,1,3,,,,delete,
10094,Extraordinary Session,4,6,,,,delete,
10095,Autism,20,105,Developmental Disabilities,keyword_match,medium,merge_to_canonical,6956.0
10096,albany dysfunction,3,51,,,,delete,
10097,Budget Extender Bill,6,7,Budget,keyword_match,medium,merge_to_canonical,6786.0
10098,Privacy,30,157,Data Privacy,keyword_match,medium,merge_to_canonical,75986.0
10099,navigation,1,1,,,,delete,
10100,boat safety,13,7,,,,delete,
10102,Stroke,1,2,,,,delete,
10103,School Suspensions,4,16,Education,keyword_match,medium,merge_to_canonical,7001.0
10104,School to Prison Pipeline,3,44,Education,keyword_match,medium,merge_to_canonical,7001.0
10105,Electric Generation Cessation Mitigation Fund,3,3,,,,delete,
10106,End School Suspensions,3,16,Education,keyword_match,medium,merge_to_canonical,7001.0
10107,End Mass Incarceration,32,203,Criminal Justice Reform,keyword_match,medium,merge_to_canonical,8546.0
10108,Budget Negotiations,3,20,Budget,keyword_match,medium,merge_to_canonical,6786.0
10109,Budget Agreement,3,19,Budget,keyword_match,medium,merge_to_canonical,6786.0
10110,NYS Senator Persaud,93,72,,,,delete,
10111,Senate Democratic Conference Leader,6,10,,,,delete,
101111,Traffic violence,2,3,,,,delete,
101112,Tamara Kao,1,1,,,,delete,
10112,Senator Stewart-Cousins,2,6,,,,delete,
10113,Penn Station,19,42,,,,delete,
10114,Amtrak,18,48,,,,delete,
10115,Neighborhood Preservation Program,4,12,,,,delete,
10116,Workers' Comp Reform; Child and Dependent Care Tax Credit,0,6,,,,delete,
10117,Child and Dependent Care Tax Credit,4,27,Taxes,keyword_match,medium,merge_to_canonical,7626.0
10118,ms4,1,0,,,,delete,
10119,Keeping Your Word,1,0,,,,delete,
10120,Immigrant Defense Fund,1,12,Immigration,keyword_match,medium,merge_to_canonical,7221.0
10121,Foundation Aid,51,76,,,,delete,
10122,North Rockland Central School District,7,4,Education,keyword_match,medium,merge_to_canonical,7001.0
101228,2023-2024 State Budget,23,79,Budget,keyword_match,medium,merge_to_canonical,6786.0
101229,NYS Senate Dtstrict 47,0,3,,,,delete,
10123,Budget Bill,1,17,Budget,keyword_match,medium,merge_to_canonical,6786.0
101230,Senator Brad Hoylman-Sial,0,1,,,,delete,
101231,2023-24 state budget,8,56,Budget,keyword_match,medium,merge_to_canonical,6786.0
101232,DOE,1,4,,,,delete,
101233,Charter School,2,4,Education,keyword_match,medium,merge_to_canonical,7001.0
10124,farm,1,11,,,,delete,
10125,Passing of State Court of Appeals Judge Abdus Salaam,1,1,,,,delete,
10126,New York State Court of Appeals,18,54,,,,delete,
101270,Oswego County,36,1,,,,delete,
101279,Nomination Lobbying Disclosure Act,2,2,,,,delete,
10128,Senate Interns Model Legislative Session,22,9,,,,delete,
10129,make the national fight local,2,6,,,,delete,
101292,Education Students,3,9,Education,keyword_match,medium,merge_to_canonical,7001.0
10130,Power Generation Mitigation Fund,1,4,,,,delete,
10131,Constitutional Convention,6,59,,,,delete,
10132,Convención Constitucional,1,2,,,,delete,
10133,gondola,1,3,,,,delete,
10134,Women in Business,10,30,,,,delete,
101349,Office of Court Administration,8,9,,,,delete,
10135,End Broken Windows,3,7,,,,delete,
101350,Court Reform,1,7,,,,delete,
10136,Downtown Little League,1,0,,,,delete,
10137,Employment Bulletin Workforce Development,1,11,Jobs & Employment,keyword_match,medium,merge_to_canonical,7261.0
10138,evan's law,1,4,,,,delete,
10139,textalyzer,5,10,,,,delete,
101396,Fix the MTA,11,36,MTA,keyword_match,medium,merge_to_canonical,9222.0
101397,Fix the Subways,1,1,Transportation,keyword_match,medium,merge_to_canonical,7656.0
10140,Health Committee,3,43,Health Care,keyword_match,medium,merge_to_canonical,7166.0
10141,Fairness,3,77,,,,delete,
10142,Equality,10,88,,,,delete,
10143,Transgender Community,11,104,LGBTQ+ Rights,keyword_match,medium,merge_to_canonical,
10144,community safety,38,154,,,,delete,
101447,Smithtown High School East,2,2,Education,keyword_match,medium,merge_to_canonical,7001.0
101448,Student,1,5,Education,keyword_match,medium,merge_to_canonical,7001.0
10145,local roads and bridges,54,203,Transportation,keyword_match,medium,merge_to_canonical,7656.0
101457,BAC,1,0,,,,delete,
101458,Drunk Drive,0,1,,,,delete,
10146,Greek Independence,11,4,,,,delete,
10147,Hon. Ingeniero Miguel Vargas Maldonado,1,0,,,,delete,
10148,Ministro de Relaciones Exteriores de la República Dominicana,3,4,,,,delete,
10149,Sewage Spill,1,3,,,,delete,
10150,National Grid,17,62,Utilities,keyword_match,medium,merge_to_canonical,7686.0
10151,Medical Marijuana Program,2,126,Cannabis Policy,keyword_match,medium,merge_to_canonical,
10152,Monroe County,10,26,,,,delete,
10153,Boss Bill,3,8,,,,delete,
10154,Natural Gas,23,118,Energy,keyword_match,medium,merge_to_canonical,7026.0
10155,southeast,2,1,,,,delete,
10156,prospect hill road bridge,1,1,,,,delete,
10157,Erie Canal bridges,1,6,,,,delete,
10158,correctional officers,15,40,Criminal Justice Reform,keyword_match,medium,merge_to_canonical,8546.0
10159,Social Media,56,122,Technology Policy,keyword_match,medium,merge_to_canonical,
10160,Military Appreciation,59,146,Veterans,keyword_match,medium,merge_to_canonical,7691.0
10161,Beaches,6,24,,,,delete,
10162,Stamp Out Hunger,12,74,Nutrition,keyword_match,medium,merge_to_canonical,7411.0
10163,Brentwood,16,4,,,,delete,
10164,Happy Meals Bill,1,3,,,,delete,
10165,kendra's law,11,32,,,,delete,
10166,Allergy Testing,2,15,,,,delete,
10167,United States military,9,49,Veterans,keyword_match,medium,merge_to_canonical,7691.0
101679,Create a Safer New York,1,11,,,,delete,
10168,State of Emergency,18,77,Emergency Management,keyword_match,medium,merge_to_canonical,71055.0
101680,Create a Safer New York,0,0,,,,delete,
10169,American Health Care Act,1,84,Health Care,keyword_match,medium,merge_to_canonical,7166.0
10170,Affordable Care Care Repeal,2,54,,,,delete,
10171,Women's Empowerment,46,249,Women's Rights,keyword_match,medium,merge_to_canonical,9128.0
101714,Commission on Judicial Conduct,1,5,Judiciary,keyword_match,medium,merge_to_canonical,7271.0
10172,Performing Arts,9,39,Arts & Culture,keyword_match,medium,merge_to_canonical,80871.0
10173,high school athletics,25,34,Education,keyword_match,medium,merge_to_canonical,7001.0
10174,product safety,1,4,,,,delete,
10175,pay equity,3,23,,,,delete,
10176,salary history,2,10,,,,delete,
10177,Ossining,7,2,,,,delete,
10179,roads,8,22,Transportation,keyword_match,medium,merge_to_canonical,7656.0
10180,potholes,3,6,,,,delete,
101808,NYS Senate District 47,1,5,,,,delete,
101809,Senator Brad Hoylman-Sigal,1,2,,,,delete,
10181,developmentally disabled,6,39,,,,delete,
10182,direct service providers,3,9,,,,delete,
10183,State Champions,6,5,,,,delete,
101837,UPS,1,1,,,,delete,
101838,T.E.M.P.,1,0,,,,delete,
101839,Extreme Heat,6,4,,,,delete,
10184,NYS Dept of Transportation,4,23,Transportation,keyword_match,medium,merge_to_canonical,7656.0
10185,hawthorne cedar knolls,5,1,,,,delete,
10186,mt. pleasant,4,2,,,,delete,
10187,special act schools,4,8,Education,keyword_match,medium,merge_to_canonical,7001.0
10188,ocfs,2,3,,,,delete,
10189,gang violence,11,36,,,,delete,
10190,Juvenile Justice,13,41,Criminal Justice Reform,keyword_match,medium,merge_to_canonical,8546.0
101905,parental leave,1,4,,,,delete,
101906,paid parental leave,1,4,,,,delete,
10191,Long Island Rail Road,100,131,Transportation,keyword_match,medium,merge_to_canonical,7656.0
101911,World Trade Center Health Program,1,1,Health Care,keyword_match,medium,merge_to_canonical,7166.0
10192,Veterans Affairs,25,78,Veterans,keyword_match,medium,merge_to_canonical,7691.0
10193,Vets Connect Bill,1,2,,,,delete,
101935,State of the City address,1,1,,,,delete,
101936,small businesses,2,4,Small Business,keyword_match,medium,merge_to_canonical,7561.0
101937,school upgrades,1,4,Education,keyword_match,medium,merge_to_canonical,7001.0
101938,visually impaired,1,0,,,,delete,
101939,blind,0,1,,,,delete,
10194,Benefits,13,74,,,,delete,
101940,visually impaired,1,4,,,,delete,
101941,blind,1,3,,,,delete,
10195,IDAs,9,9,,,,delete,
10196,envirothon,1,1,,,,delete,
10197,bedford central school district,1,2,Education,keyword_match,medium,merge_to_canonical,7001.0
10198,Older New Yorkers Day,4,7,,,,delete,
10199,State Championship,4,1,,,,delete,
10200,Arts Education,24,161,Education,keyword_match,medium,merge_to_canonical,7001.0
10201,Crossing Guards,3,3,,,,delete,
102015,rescue ny,4,9,,,,delete,
102016,State Disaster Emergencies,4,6,,,,delete,
102017,Caroline’s Law,2,3,,,,delete,
102018,Black Business Expo,1,5,,,,delete,
10202,Canalside,1,5,,,,delete,
10203,clergy,13,25,,,,delete,
102033,Legislative Swearing-in,1,2,,,,delete,
10204,non-profit,11,47,,,,delete,
10205,my brother vinny,2,0,,,,delete,
10206,Women's March,1,8,,,,delete,
10207,Organizing,3,11,,,,delete,
10208,Activism,2,63,,,,delete,
10209,Cashless Tolling,22,69,,,,delete,
10210,New York State Thruway Authority,11,27,,,,delete,
10211,Economic Developoment,4,23,,,,delete,
10212,Faith-Based Institutions,7,20,,,,delete,
10213,Black History,39,80,,,,delete,
10214,U.S. Attorney General,1,5,,,,delete,
10215,Jeff Sessions,1,7,,,,delete,
10216,War On Drugs,5,37,Opioid & Substance Use,keyword_match,medium,merge_to_canonical,
10217,National Puerto Rican Day Parade,6,5,,,,delete,
10218,Goya Foods,1,3,,,,delete,
10219,Gran Parada Nacional Puertorriqueña,3,1,,,,delete,
10220,Goya,1,2,,,,delete,
10221,X-Lite,1,0,,,,delete,
10222,Guardrail Systems from Roads Across New York State,1,2,Transportation,keyword_match,medium,merge_to_canonical,7656.0
102229,Clifton Park,8,1,,,,delete,
102238,Statewide Health Care Facility Transformation Program; Health care,1,14,Health Care,semicolon_first_term_keyword,medium,merge_to_canonical,7166.0
102239,LGBTQ+ Equality,7,34,LGBTQ+ Rights,keyword_match,medium,merge_to_canonical,
10225,Workers' Compensation Reform,6,38,,,,delete,
10226,2017 NYS Senate Veterans' Hall of Fame,0,20,Veterans,keyword_match,medium,merge_to_canonical,7691.0
10227,Equal Rights,13,129,,,,delete,
10228,LGBT Rights,24,232,LGBTQ+ Rights,keyword_match,medium,merge_to_canonical,
10229,Rights for the Disabled,3,46,,,,delete,
10230,K-9,2,10,,,,delete,
10231,Remembrance,3,2,,,,delete,
102315,tax increases,2,30,Taxes,keyword_match,medium,merge_to_canonical,7626.0
102316,New York State Senate Liberty Medal; Veterans; World War II,2,5,,,,delete,
10232,In Memoriam,14,10,,,,delete,
102321,Asian Americans,2,4,,,,delete,
102322,Elmhurst,7,2,,,,delete,
102323,Installation,1,5,,,,delete,
102328,Environmental Roundtable,1,19,Environment,keyword_match,medium,merge_to_canonical,7036.0
10233,Gambling,29,48,Gaming,keyword_match,medium,merge_to_canonical,7111.0
10234,Task Force,4,9,,,,delete,
102342,Official Swearing In,2,4,,,,delete,
10235,Lottery,2,14,,,,delete,
10236,paint recycling,6,13,Environment,keyword_match,medium,merge_to_canonical,7036.0
10237,Property Tax Relief,54,386,Taxes,keyword_match,medium,merge_to_canonical,7626.0
10238,Lake Ontario,19,46,,,,delete,
10239,Combating Heroin and Opioid Addiction; Shed the Meds,18,70,Opioid & Substance Use,semicolon_first_term_seed,high,merge_to_canonical,
10240,Fintech,2,5,,,,delete,
10241,financial services,4,19,Finance,keyword_match,medium,merge_to_canonical,7081.0
10242,Healthy Teens Act,1,11,,,,delete,
10243,Sex Education,1,38,Education,keyword_match,medium,merge_to_canonical,7001.0
10244,Teenagers,6,32,,,,delete,
10245,Custom Military License Plates,2,1,Transportation,keyword_match,medium,merge_to_canonical,7656.0
102452,UUP,1,0,,,,delete,
102455,clothing donation,5,16,,,,delete,
102456,Governor's Housing Proposal,1,34,Housing,keyword_match,medium,merge_to_canonical,7201.0
10246,Service corps,2,2,,,,delete,
102465,STOP Governor's Housing Proposal,2,44,Housing,keyword_match,medium,merge_to_canonical,7201.0
10247,AmeriCorps,2,15,,,,delete,
102478,MTA Budget,1,17,Budget,keyword_match,medium,merge_to_canonical,6786.0
10248,Heroin & Opioid Addiction Task Force,47,209,Opioid & Substance Use,keyword_match,medium,merge_to_canonical,
10249,Indigent Care,1,6,,,,delete,
10250,Family Planning,2,14,,,,delete,
10251,Equal Protection,2,32,,,,delete,
102519,packaging reduction,10,17,,,,delete,
10252,Protections for the Disabled,3,37,,,,delete,
10253,texting while driving,3,13,,,,delete,
10254,driver safety,14,28,,,,delete,
10255,Vets Connect,1,2,,,,delete,
10256,Superfund Cleanup,4,9,,,,delete,
10257,Gowanus Canal,2,1,,,,delete,
10258,Praole Reform,1,9,,,,delete,
10259,superfund,1,6,,,,delete,
10260,Ticket Sales,8,11,,,,delete,
10261,Women's Access to Healthcare,18,138,Health Care,keyword_match,medium,merge_to_canonical,7166.0
10262,School Lunch Shaming,2,19,Education,keyword_match,medium,merge_to_canonical,7001.0
10263,Hunger,11,96,Nutrition,keyword_match,medium,merge_to_canonical,7411.0
10264,student Government,4,10,Education,keyword_match,medium,merge_to_canonical,7001.0
10265,Transparency and Public Accountability,27,140,Ethics,keyword_match,medium,merge_to_canonical,7051.0
102658,End Predatory Court Fees Act,1,3,,,,delete,
10266,Parental Rights,12,68,,,,delete,
10267,New York State Board of Regents,14,53,,,,delete,
102675,fair and timely parole,2,4,Criminal Justice Reform,keyword_match,medium,merge_to_canonical,8546.0
10268,Parental Engagement,6,15,,,,delete,
102681,NYS Veterans Cemetery,1,4,Veterans,keyword_match,medium,merge_to_canonical,7691.0
10269,Government Transparency,33,212,Ethics,keyword_match,medium,merge_to_canonical,7051.0
10270,Civil Liberties,6,59,,,,delete,
10271,employee-owned businesses,1,4,,,,delete,
102710,Free Buses,8,17,,,,delete,
102711,Freeze Fares,3,6,,,,delete,
102718,ADA Accessibility,6,17,Disability Rights,keyword_match,medium,merge_to_canonical,75029.0
102719,Elevators,2,1,,,,delete,
10272,report,2,2,,,,delete,
102727,MTA Tax Hike,1,1,Taxes,keyword_match,medium,merge_to_canonical,7626.0
10274,Herion,14,25,,,,delete,
102740,Early Detection,4,2,,,,delete,
102741,Dolma Naadhun,3,0,,,,delete,
102742,Traffic Signals,1,1,,,,delete,
10275,housin,1,5,,,,delete,
10276,Single Payer Bill,5,77,,,,delete,
10277,California State Senate,1,1,,,,delete,
10278,Children’s Christian Parade,1,3,Children,keyword_match,medium,merge_to_canonical,6816.0
10279,Health Fair,13,27,Health Care,keyword_match,medium,merge_to_canonical,7166.0
10280,Community Helath,1,5,,,,delete,
10281,la Parada el Niño Cristiano,1,0,,,,delete,
10282,Made in America,6,29,,,,delete,
10283,Administrative Procedure Act,1,17,,,,delete,
10284,Therapeutic Community,2,9,,,,delete,
10285,100th Anniversary of Women's Suffrage,19,91,,,,delete,
10286,calling cards,1,1,,,,delete,
10287,quality calls,1,0,,,,delete,
102874,Putnam Arts Council,1,0,Arts & Culture,keyword_match,medium,merge_to_canonical,80871.0
10288,Inmigrants,12,29,,,,delete,
102880,Historic Theaters,2,8,,,,delete,
10289,speedy trial crisis,1,4,,,,delete,
10290,Internship Opportunities,10,24,,,,delete,
102906,confronting anti-semitism,4,4,Hate Crimes,keyword_match,medium,merge_to_canonical,9619.0
102907,working group,1,1,,,,delete,
102909,Antisemitism;,4,9,Hate Crimes,semicolon_first_term_seed,high,merge_to_canonical,9619.0
10291,SoHo retail,1,0,,,,delete,
10292,462 Broadway,1,8,,,,delete,
10293,community board 2,2,0,,,,delete,
102935,Women’s Health,1,7,Health Care,keyword_match,medium,merge_to_canonical,7166.0
10294,SoHo,1,0,,,,delete,
10295,oversize retail,1,0,,,,delete,
10296,Topical Oxygen Wound Therapy,1,0,,,,delete,
10297,Solar energy,17,140,Renewable Energy,keyword_match,medium,merge_to_canonical,7511.0
10298,Apprenticeships,9,50,,,,delete,
102981,dyslexia,5,7,,,,delete,
102982,Job Fair Employment,2,4,Jobs & Employment,keyword_match,medium,merge_to_canonical,7261.0
102983,locked doors,1,2,,,,delete,
102987,grand opening,3,0,,,,delete,
102988,SUNY Tuition Increase,1,3,Higher Education,keyword_match,medium,merge_to_canonical,7176.0
10299,New York Health Act,21,279,Health Care,keyword_match,medium,merge_to_canonical,7166.0
102991,MTA Payroll Tax Increase,7,3,Taxes,keyword_match,medium,merge_to_canonical,7626.0
10300,Healthcare For all,4,159,Health Care,keyword_match,medium,merge_to_canonical,7166.0
10301,Child Protection,41,163,Children,keyword_match,medium,merge_to_canonical,6816.0
10302,Southern State Parkway,6,7,,,,delete,
10303,Detective Steven McDonald,7,2,,,,delete,
10304,tickets,1,3,,,,delete,
10305,grammys,1,1,,,,delete,
10306,CTE Education,6,38,Education,keyword_match,medium,merge_to_canonical,7001.0
10307,Parole,19,76,Criminal Justice Reform,keyword_match,medium,merge_to_canonical,8546.0
103070,Senator Kristen Gonzalez,14,6,,,,delete,
103071,Senate District 59,7,2,,,,delete,
103072,Alcoholism and Substance Use Disorders,13,23,Opioid & Substance Use,keyword_match,medium,merge_to_canonical,
10308,Food Security,35,144,Nutrition,keyword_match,medium,merge_to_canonical,7411.0
10309,Medical,10,114,,,,delete,
10310,Public Education,64,531,Education,keyword_match,medium,merge_to_canonical,7001.0
10311,Environmental Protections,15,150,Environment,keyword_match,medium,merge_to_canonical,7036.0
10313,Awarded Liberty Medals,14,5,,,,delete,
10314,NYC Mayoral Elections,1,16,Elections,keyword_match,medium,merge_to_canonical,7011.0
10315,Election Results,5,30,Elections,keyword_match,medium,merge_to_canonical,7011.0
103150,CCIA,2,4,,,,delete,
10316,Puerto Rico Elections,1,3,Elections,keyword_match,medium,merge_to_canonical,7011.0
10317,Puerto Rico Election,1,1,Elections,keyword_match,medium,merge_to_canonical,7011.0
103172,Child Care Crisis,5,12,Child Care,keyword_match,medium,merge_to_canonical,9530.0
103173,Unemployment Insurance Assessment Surcharg,0,0,Jobs & Employment,keyword_match,medium,merge_to_canonical,7261.0
103174,Unemployment Insurance Assessment Surcharge,2,2,Jobs & Employment,keyword_match,medium,merge_to_canonical,7261.0
10318,NYC Mayoral Election,1,14,Elections,keyword_match,medium,merge_to_canonical,7011.0
103180,Filipino Community,1,3,,,,delete,
103181,Cecille Martinez Lai,1,2,,,,delete,
10319,contribution limits,1,5,,,,delete,
10320,Rural public transportation,4,19,Transportation,keyword_match,medium,merge_to_canonical,7656.0
103205,northern border,3,4,,,,delete,
10321,Senate Task Force on Heroin and Opioid Addiction,16,69,Opioid & Substance Use,keyword_match,medium,merge_to_canonical,
10322,Peer Engagement,2,1,,,,delete,
10323,Blood Testing,2,3,,,,delete,
10324,Skin Prick Testing,2,3,,,,delete,
10325,Lease Renewal Guidelines,1,7,,,,delete,
10326,Products,1,1,,,,delete,
10327,Medicaid Fraud,1,13,Medicaid,keyword_match,medium,merge_to_canonical,7331.0
10328,Organ donor,3,20,,,,delete,
10329,donate life registry,2,5,,,,delete,
10330,School Safety,100,535,Education,keyword_match,medium,merge_to_canonical,7001.0
10331,S6642,1,1,,,,delete,
10332,Energy Efficiency,7,61,Energy,keyword_match,medium,merge_to_canonical,7026.0
10333,Living Wage,5,43,,,,delete,
10334,Father's Day,6,12,,,,delete,
10335,Racial and Ethnic Discrimination,18,179,Civil Rights,keyword_match,medium,merge_to_canonical,6831.0
10336,bus service,6,20,,,,delete,
103364,bail laws,1,14,Criminal Justice Reform,keyword_match,medium,merge_to_canonical,8546.0
10337,south village,1,0,,,,delete,
10338,m1,1,0,,,,delete,
10339,Discriminación racial y étnic,1,6,,,,delete,
103399,Community Board Member,1,2,,,,delete,
10340,S1355b,2,0,,,,delete,
103400,Haber,1,1,,,,delete,
103401,natural gas ban,7,35,Energy,keyword_match,medium,merge_to_canonical,7026.0
10341,VA Hudson Valley Health Care System at Montrose,1,2,Health Care,keyword_match,medium,merge_to_canonical,7166.0
10342,montrose,3,2,,,,delete,
10343,montrose va,1,1,,,,delete,
103437,local highway funds,2,3,Transportation,keyword_match,medium,merge_to_canonical,7656.0
10344,transgender,7,91,LGBTQ+ Rights,keyword_match,medium,merge_to_canonical,
103447,Ski; Sales Tax,1,4,,,,delete,
103448,Tenants Rights,3,14,Housing,keyword_match,medium,merge_to_canonical,7201.0
103449,Repairs,1,3,,,,delete,
10345,Grand Island Bridge Tolls,2,1,,,,delete,
103451,2023-A5269,1,10,,,,delete,
103452,2023-A5270,1,8,,,,delete,
103453,Waterford,2,1,,,,delete,
103454,Halfmoon,1,3,,,,delete,
10346,Heroin & Opioid Task Force,11,77,Opioid & Substance Use,keyword_match,medium,merge_to_canonical,
10347,Committee on Energy and Telecommunications,4,48,Energy,keyword_match,medium,merge_to_canonical,7026.0
10348,Snowmobiles,7,12,,,,delete,
10349,Highway Safety,13,22,Transportation,keyword_match,medium,merge_to_canonical,7656.0
10350,Property Rights,3,24,,,,delete,
10351,LAWMAKERS URGE GOVERNOR TO ACT QUICKLY TO SIGN BILL PREVENTING SEX OFFENDERS FROM DRIVING FOR UBER AND LYFT,1,19,Criminal Justice Reform,keyword_match,medium,merge_to_canonical,8546.0
103518,Recycling Safe Disposal,1,24,Environment,keyword_match,medium,merge_to_canonical,7036.0
10352,E-Cigarette,12,78,,,,delete,
10353,Local Representation,9,67,,,,delete,
10354,Mental Health Facilities,4,81,Health Care,keyword_match,medium,merge_to_canonical,7166.0
10355,Tax Incentives,7,26,Taxes,keyword_match,medium,merge_to_canonical,7626.0
103556,unfunded state mandates; Medicaid,1,7,,,,delete,
103557,MTA Fiscal Crisis,1,1,MTA,keyword_match,medium,merge_to_canonical,9222.0
10356,Buy American,5,30,,,,delete,
10357,Sick Leave,3,42,,,,delete,
103578,War Dogs,1,6,Animal Welfare,keyword_match,medium,merge_to_canonical,9462.0
103579,Herkimer,1,1,,,,delete,
10358,tenant protection,20,148,,,,delete,
10359,human resource administration,1,12,,,,delete,
10360,housing court,10,74,Housing,keyword_match,medium,merge_to_canonical,7201.0
103603,Residential Parking Permits,1,5,,,,delete,
103604,Senate One House Budget,12,11,Budget,keyword_match,medium,merge_to_canonical,6786.0
10361,anti-violence,16,91,,,,delete,
103612,Agency Rulemaking,1,8,,,,delete,
103613,Communicable Diseases,1,7,,,,delete,
103619,One-house budget proposal,2,4,Budget,keyword_match,medium,merge_to_canonical,6786.0
10362,community board one,1,3,,,,delete,
10363,mosque,1,4,,,,delete,
10364,ACA,1,45,,,,delete,
10365,ACA Repeal,1,41,,,,delete,
10366,AHCA,1,14,,,,delete,
103662,cybersecurity,5,11,Data Privacy,keyword_match,medium,merge_to_canonical,75986.0
103663,ransomware,5,10,,,,delete,
103664,protecting our data,1,11,,,,delete,
10367,End of session,13,19,,,,delete,
103674,Senate Democrat one-house budget,1,5,Budget,keyword_match,medium,merge_to_canonical,6786.0
103676,Pipeline Insurance,1,3,Insurance,keyword_match,medium,merge_to_canonical,7236.0
10368,e-blast,2,4,,,,delete,
10369,FAIR TIckets Act,1,2,,,,delete,
103698,state government spending; taxpayers,3,10,,,,delete,
10370,New York State Constitutional Convention,5,67,,,,delete,
10372,paths to pier 42,1,0,,,,delete,
103722,Student Speak Out,1,4,Education,keyword_match,medium,merge_to_canonical,7001.0
103728,Child Pove,0,0,,,,delete,
10373,solidarity,5,10,,,,delete,
10374,Open Spaces,6,9,,,,delete,
103748,Leaf Blowers,2,8,,,,delete,
10375,End School to Prison Pipeline,2,37,Education,keyword_match,medium,merge_to_canonical,7001.0
10376,Open School,1,1,Education,keyword_match,medium,merge_to_canonical,7001.0
103763,Cerebral Palsy,1,1,,,,delete,
103764,Bow Tie Tuesday,9,5,,,,delete,
10377,Task Force on Heroin & Opioid Addiction,2,16,Opioid & Substance Use,keyword_match,medium,merge_to_canonical,
103771,Shoplifters,5,19,,,,delete,
103772,Retail Workers,10,10,,,,delete,
103775,Shoplifting,2,6,,,,delete,
10378,Fatal Shooting,4,5,,,,delete,
103781,Commack School District,4,1,Education,keyword_match,medium,merge_to_canonical,7001.0
103782,Commack Legislative Advocacy Committee,2,1,,,,delete,
10379,Bronx Lebanon Hospital Center,1,1,Health Care,keyword_match,medium,merge_to_canonical,7166.0
10380,Fr Louis Gigante,2,0,,,,delete,
103805,Hidden Taxes; New York State Budget; Fees; Surcharges,2,17,Taxes,semicolon_first_term_keyword,medium,merge_to_canonical,7626.0
10381,Family Festival,6,16,,,,delete,
10382,SEBCO,2,0,,,,delete,
10383,SISDA,2,0,,,,delete,
10384,FESTIVAL FAMILIAR,1,1,,,,delete,
10385,flexible work,2,12,,,,delete,
10386,Police Officer Miosotis Familia,1,1,First Responders,keyword_match,medium,merge_to_canonical,8930.0
10387,Illegal Dumping,6,14,,,,delete,
10388,cancer coverage,4,13,Health Care,keyword_match,medium,merge_to_canonical,7166.0
10389,New York City Police Department,24,145,First Responders,keyword_match,medium,merge_to_canonical,8930.0
10390,Legal Clinic,4,6,,,,delete,
10391,North Bellmore,1,0,,,,delete,
10392,North Merrick,1,0,,,,delete,
10393,Agriculture and Health,8,89,Health Care,keyword_match,medium,merge_to_canonical,7166.0
10394,Pedestrian Safety,39,60,,,,delete,
10395,services,2,6,,,,delete,
10396,jackson heights,1,0,,,,delete,
10397,mass transit,21,83,,,,delete,
10399,esl,2,16,,,,delete,
10400,community organizations,12,16,,,,delete,
10401,community forums,2,9,,,,delete,
10402,know your rights,7,47,,,,delete,
10403,New York State Police Trooper,8,19,First Responders,keyword_match,medium,merge_to_canonical,8930.0
10404,Joel R. Davis,1,0,,,,delete,
10405,MTA Board,7,23,MTA,keyword_match,medium,merge_to_canonical,9222.0
10406,Joe Lhota,1,1,,,,delete,
10407,cancer survivors,3,15,Health Care,keyword_match,medium,merge_to_canonical,7166.0
10408,Lyme Disease Task Force,9,32,Lyme & Tick-Borne Diseases,keyword_match,medium,merge_to_canonical,
104085,Fair Housing; Consumer Protection; Fighting Racism; Long Island,1,5,Housing,semicolon_first_term_keyword,medium,merge_to_canonical,7201.0
104086,lead pipes,1,7,,,,delete,
10409,local news,20,99,,,,delete,
104092,health clinic,2,10,Health Care,keyword_match,medium,merge_to_canonical,7166.0
10410,Grandparents,1,10,,,,delete,
10411,Memorial Concert,5,5,,,,delete,
10412,Howard Beach,2,0,,,,delete,
104122,Judicial Nomination,6,8,Judiciary,keyword_match,medium,merge_to_canonical,7271.0
10413,PCBs,2,1,,,,delete,
10414,Whitestone Bridge,1,1,,,,delete,
104145,Access to Healthcare,37,80,Health Care,keyword_match,medium,merge_to_canonical,7166.0
10415,Traffic,8,32,,,,delete,
104159,Mechanicville,5,1,,,,delete,
10416,Finger Lakes Cheese Festival,1,1,,,,delete,
104166,Nursing Simulation,1,5,,,,delete,
104167,Nursing Shortage,2,7,,,,delete,
104168,CICU,1,2,,,,delete,
104169,Healthcare,9,31,Health Care,seed_exact,high,merge_to_canonical,7166.0
10417,Finger Lakes economy,2,4,Economic Development,keyword_match,medium,merge_to_canonical,6996.0
104177,streaming tax,1,10,Taxes,keyword_match,medium,merge_to_canonical,7626.0
10418,Abrazo Dominicano,2,3,,,,delete,
10419,Community Relations,6,28,,,,delete,
10420,Transgender Individuals,3,64,LGBTQ+ Rights,keyword_match,medium,merge_to_canonical,
104202,Edward Kindt,4,2,,,,delete,
104203,Penny Brown,2,2,,,,delete,
104204,Freedom,8,17,,,,delete,
10421,LGBTQIA,8,94,LGBTQ+ Rights,keyword_match,medium,merge_to_canonical,
104211,E-News,3,2,,,,delete,
104212,Senate District 56,1,1,,,,delete,
104218,New York State Government,4,11,,,,delete,
104219,New Yorkers Rights,1,12,,,,delete,
10422,First Respondents,3,15,,,,delete,
104220,2023-A5346,1,4,,,,delete,
104221,2023-A5350,1,6,,,,delete,
104222,2023-A5337,1,7,,,,delete,
104229,responsible gambling,1,0,Gaming,keyword_match,medium,merge_to_canonical,7111.0
10423,subsidies,42,73,,,,delete,
104233,new office,1,1,,,,delete,
104237,curbside pickup,1,5,,,,delete,
104238,Veterans Service Organizations,4,4,Veterans,keyword_match,medium,merge_to_canonical,7691.0
10424,Workshop,9,7,,,,delete,
104247,illegal smoke shops,3,6,,,,delete,
104248,public information,1,5,,,,delete,
104249,Division of the Budget,1,1,Budget,keyword_match,medium,merge_to_canonical,6786.0
10425,rights,2,11,,,,delete,
104250,State Office of Information Technology,2,4,Technology Policy,keyword_match,medium,merge_to_canonical,
104251,NYC Free Tax Prep,15,2,Taxes,keyword_match,medium,merge_to_canonical,7626.0
104254,Student Advocates,1,5,Education,keyword_match,medium,merge_to_canonical,7001.0
104255,Senator Lea Webb,2,1,,,,delete,
104256,Rally for Funding,1,1,,,,delete,
104257,State University of New York,3,4,Higher Education,keyword_match,medium,merge_to_canonical,7176.0
10426,Bail,16,198,Criminal Justice Reform,keyword_match,medium,merge_to_canonical,8546.0
104262,Veterans Tuition Award Program,2,3,Higher Education,keyword_match,medium,merge_to_canonical,7176.0
104268,Tax on digital streaming services,1,6,Taxes,keyword_match,medium,merge_to_canonical,7626.0
10427,Rikers,7,23,,,,delete,
104273,Broadalbin,1,1,,,,delete,
104277,Senator Julia Salazar,1,2,,,,delete,
10428,Trains,8,21,,,,delete,
10429,Landmarks Preservation,5,22,,,,delete,
10430,Repeal of Affordable Care Act,1,15,Health Care,keyword_match,medium,merge_to_canonical,7166.0
104300,2023 Legislative Survey,2,18,,,,delete,
10431,Legal Aid,6,25,,,,delete,
104311,Buffalo blizzard,0,3,,,,delete,
10432,Education Housing,1,24,Education,keyword_match,medium,merge_to_canonical,7001.0
104328,school shootings; mass violence; threats; mass gatherings,2,24,Education,semicolon_first_term_keyword,medium,merge_to_canonical,7001.0
104329,State Capitol,5,3,,,,delete,
10433,School-Based Health Centers,20,83,Health Care,keyword_match,medium,merge_to_canonical,7166.0
104330,State budget; One-party control; state government,1,1,Budget,semicolon_first_term_seed,high,merge_to_canonical,6786.0
10434,Queens Library. Funding,1,2,Libraries,keyword_match,medium,merge_to_canonical,8131.0
104346,Cameras in Courtrooms,1,4,,,,delete,
10435,mobility,2,3,,,,delete,
10436,inclusivity,9,27,,,,delete,
10437,Legislative Rural Resources,5,20,,,,delete,
10439,Agriculture Arts and Culture Tourism Health Transportation,1,27,Health Care,keyword_match,medium,merge_to_canonical,7166.0
10440,Legislative Commission on Rural Resources Agriculture Arts and Culture Tourism Health Transportation,3,20,Health Care,keyword_match,medium,merge_to_canonical,7166.0
10441,Buffalo Waterfront,2,10,,,,delete,
10442,Community Board 7,1,0,,,,delete,
104421,South Salem,1,0,,,,delete,
10443,Andrew Sandler,1,0,,,,delete,
10445,Rehabilitation,4,4,,,,delete,
10446,Beach Cleanup,4,21,,,,delete,
10447,fire prevention,13,31,,,,delete,
10448,wellness,6,37,,,,delete,
10449,Electronics Recycling,91,163,Environment,keyword_match,medium,merge_to_canonical,7036.0
10450,Heroin and Opioid Task Force,4,26,Opioid & Substance Use,keyword_match,medium,merge_to_canonical,
10451,coding,5,14,,,,delete,
10452,Briana's Law,5,12,,,,delete,
10453,NYS Senate Liberty Medal,21,21,,,,delete,
10454,Daniel Loeb,1,1,,,,delete,
104542,Debt extender,1,3,,,,delete,
10455,Senate Democratic Leader,3,9,,,,delete,
10457,Success Academy,1,4,,,,delete,
10458,politics,3,11,,,,delete,
10459,dignity,5,15,,,,delete,
10460,respect,1,7,,,,delete,
10461,Free Training,3,25,,,,delete,
104616,Yeshiva University,1,2,Higher Education,keyword_match,medium,merge_to_canonical,7176.0
10462,Suffolk County Department of Health,1,9,Health Care,keyword_match,medium,merge_to_canonical,7166.0
104624,Energy bills,2,13,Energy,keyword_match,medium,merge_to_canonical,7026.0
104628,grandmaster,1,1,,,,delete,
104629,honoring,1,4,,,,delete,
10463,environmental preservation,20,159,Environment,keyword_match,medium,merge_to_canonical,7036.0
104631,youth symposium,3,3,Children,keyword_match,medium,merge_to_canonical,6816.0
104632,sorority,1,2,,,,delete,
104633,subcommittees,4,9,,,,delete,
104634,Make Every Day Earth Day,1,4,Environment,keyword_match,medium,merge_to_canonical,7036.0
10464,Emmanuel Baptist Church,1,1,,,,delete,
104641,Swatting,5,6,,,,delete,
104642,Baxter's Pet Food Pantry,1,4,Nutrition,keyword_match,medium,merge_to_canonical,7411.0
10465,Community Celebration,29,38,,,,delete,
10466,Development,2,17,,,,delete,
104660,Emergency Equipment,1,3,,,,delete,
10467,Public Assets,4,14,,,,delete,
10470,school supplies,19,30,Education,keyword_match,medium,merge_to_canonical,7001.0
10471,Labor Protections,12,110,Labor,keyword_match,medium,merge_to_canonical,7286.0
10472,Caribbean American Heritage,11,12,,,,delete,
10473,Trailblazers,2,1,,,,delete,
10474,Deer Hunting,11,89,,,,delete,
10475,Antler Point Restrictions,0,14,,,,delete,
104751,Mifepristone,3,3,,,,delete,
10476,Deer Management Permit,0,10,,,,delete,
104762,CLCPA; clean energy mandates,54,19,Climate Change,semicolon_first_term_keyword,medium,merge_to_canonical,6841.0
10477,Removing Grand Island Toll Barriers,1,2,,,,delete,
10478,EpiPen,7,22,,,,delete,
10479,Epinephrine,3,4,,,,delete,
10480,Catholic Guardian Services,1,3,,,,delete,
10481,Diversity,14,77,,,,delete,
10482,Inclusion,6,26,,,,delete,
10483,creative industries,1,10,,,,delete,
10484,television,1,9,,,,delete,
10485,school district,4,23,Education,keyword_match,medium,merge_to_canonical,7001.0
10486,Funding Opportunities,6,19,,,,delete,
10487,Government Grants,17,103,,,,delete,
104871,Office for the Aging,2,8,Seniors,keyword_match,medium,merge_to_canonical,7546.0
104872,COVID test kits,5,3,COVID-19 Pandemic,keyword_match,medium,merge_to_canonical,78756.0
104873,NYS Senate District 16,1,1,,,,delete,
104874,Autism Awareness Month,5,8,Developmental Disabilities,keyword_match,medium,merge_to_canonical,6956.0
10488,Epilepsy,3,6,,,,delete,
104887,Non-Compete Agreements,1,19,,,,delete,
10489,Hurricane Harvey,5,5,,,,delete,
10490,Heath,3,21,,,,delete,
104904,Xylazine,1,2,,,,delete,
10491,Social,1,12,,,,delete,
104915,state spending; taxing; late budget,2,5,Budget,semicolon_first_term_keyword,medium,merge_to_canonical,6786.0
104916,Reality Check,1,2,,,,delete,
104917,JUUL,1,2,,,,delete,
104918,Youth Safety,2,4,Children,keyword_match,medium,merge_to_canonical,6816.0
10492,Adaptive Reuse,1,11,,,,delete,
104920,model united nations,1,2,,,,delete,
104921,missing persons,5,5,,,,delete,
104922,Ballston Spa,8,2,,,,delete,
10493,Neighborhood Redevelopment,5,17,,,,delete,
10494,motorist safety,3,10,,,,delete,
104940,Judge Rowan Wilson,6,2,,,,delete,
10495,Texas,3,6,,,,delete,
10496,Prostate Cancer Awareness,12,14,Health Care,keyword_match,medium,merge_to_canonical,7166.0
10497,Bergen Beach,1,3,,,,delete,
10498,Halloween,16,20,,,,delete,
10499,Community Event,165,118,,,,delete,
104992,Ann Cotton-Morris,1,0,,,,delete,
104993,Thornwood,1,0,,,,delete,
10500,Movies,4,11,,,,delete,
105004,Alliance for Hippocratic Medicine v. FDA,1,2,,,,delete,
10501,Family Health Fair,10,30,Health Care,keyword_match,medium,merge_to_canonical,7166.0
105018,Caitlin Halligan,1,0,,,,delete,
105019,Judicial Nominees,1,3,Judiciary,keyword_match,medium,merge_to_canonical,7271.0
10502,dental care,9,47,,,,delete,
10503,rural,13,17,,,,delete,
10504,Rural health care/dental care,6,41,Health Care,keyword_match,medium,merge_to_canonical,7166.0
105046,etc.,1,1,,,,delete,
10505,Fill a Truck for Texas,1,1,,,,delete,
10506,ew York State Department of Environmental Conservation,1,32,Environment,keyword_match,medium,merge_to_canonical,7036.0
105068,2023 Women of Distinction,10,10,Women of Distinction,keyword_match,medium,merge_to_canonical,8989.0
105071,farm labor costs,1,1,Labor,keyword_match,medium,merge_to_canonical,7286.0
10508,Naloxone,5,11,,,,delete,
10509,9/11,58,103,Public Safety,keyword_match,medium,merge_to_canonical,8316.0
10510,Kiwanis International,1,2,,,,delete,
105101,Parental Alienation,1,3,,,,delete,
105109,Senator Gonzalez,2,2,,,,delete,
10511,End the Prison Pipeline,1,15,Criminal Justice Reform,keyword_match,medium,merge_to_canonical,8546.0
10512,Union Protection,1,18,Labor,keyword_match,medium,merge_to_canonical,7286.0
10513,Safety Net Programs,2,13,,,,delete,
105137,library week,2,5,Libraries,keyword_match,medium,merge_to_canonical,8131.0
105138,outstanding librarian award 2023,5,1,Libraries,keyword_match,medium,merge_to_canonical,8131.0
10514,Small Business Development,57,244,Small Business,keyword_match,medium,merge_to_canonical,7561.0
10515,Assisted Living,6,37,,,,delete,
105155,2023-2024 State Budget; transparency and accountability,5,22,Budget,semicolon_first_term_keyword,medium,merge_to_canonical,6786.0
10516,Farm Safety,6,22,Agriculture,keyword_match,medium,merge_to_canonical,6716.0
10517,Arts & Cultural Funding,24,77,Arts & Culture,keyword_match,medium,merge_to_canonical,80871.0
105177,Education; New York State Education Department; School Districts,9,11,Education,semicolon_first_term_seed,high,merge_to_canonical,7001.0
10518,exhibit,2,4,,,,delete,
105183,book banning,5,13,,,,delete,
10519,Free Chow Down,2,8,,,,delete,
10520,Abortion,85,638,Reproductive Rights,keyword_match,medium,merge_to_canonical,9346.0
105209,etc,2,1,,,,delete,
10521,Major Clayton Carpenter Memorial Highway,1,0,Transportation,keyword_match,medium,merge_to_canonical,7656.0
105217,jail demolition,2,5,,,,delete,
105218,NYC Transit Workers,1,0,,,,delete,
10522,Gentrification,9,56,,,,delete,
105223,Pier 86,1,0,,,,delete,
105224,I Love My Park Day,1,2,,,,delete,
105225,Lidia Bastianich,1,0,,,,delete,
105226,Celebrity Chefs,1,0,,,,delete,
105227,Italian Culture,1,0,,,,delete,
10523,100 Years of Women's Suffrage in NYS,15,118,,,,delete,
10524,New York State Constitution,7,54,,,,delete,
105247,SNAP etc.,2,8,,,,delete,
10525,Union Protections and Workers' Rights,6,46,Labor,keyword_match,medium,merge_to_canonical,7286.0
10526,Right to Counsel,2,7,,,,delete,
105266,Batavia Downs,1,0,,,,delete,
105267,FY 2024 State Budget,6,3,Budget,keyword_match,medium,merge_to_canonical,6786.0
10528,Single Payer Health System,7,107,Health Care,keyword_match,medium,merge_to_canonical,7166.0
105283,2024 budget,8,33,Budget,keyword_match,medium,merge_to_canonical,6786.0
105286,Ruth Bader Ginsburg Hospital,1,1,Health Care,keyword_match,medium,merge_to_canonical,7166.0
105287,Coney Island School,1,0,Education,keyword_match,medium,merge_to_canonical,7001.0
105288,#FixtheMTA,3,56,,,,delete,
10529,Rosh Hashanah,3,3,,,,delete,
105299,2023-2024 Budget,5,14,Budget,keyword_match,medium,merge_to_canonical,6786.0
10530,Fossil Fuel Subsidies,3,17,,,,delete,
105300,The Big Ugly,2,0,,,,delete,
105301,Senate District 33,1,0,,,,delete,
105302,Gordon Creek Elementary School,1,0,Education,keyword_match,medium,merge_to_canonical,7001.0
105303,Free bus,1,1,,,,delete,
10531,Tax Expenditures,3,30,Taxes,keyword_match,medium,merge_to_canonical,7626.0
105313,SNAP/EBT/WIC etc,12,13,,,,delete,
105315,symposium,1,0,,,,delete,
105316,career,1,2,,,,delete,
105317,Safe Harbor for All,1,1,,,,delete,
10533,Flood Assistance,10,6,,,,delete,
10534,Equifax Breach,3,20,,,,delete,
10535,Puerto Rico Crisis,8,16,,,,delete,
10537,NYS Constitutional Protections,2,34,,,,delete,
10538,Sen. Murphy,1,0,,,,delete,
105382,2023 - 2024 State Budget,3,27,Budget,keyword_match,medium,merge_to_canonical,6786.0
105383,Onondaga Lake,1,1,,,,delete,
105384,Onondaga Lake,1,1,,,,delete,
10539,Rate Increase,6,23,,,,delete,
10540,Disaster Relief Effort,9,19,Emergency Management,keyword_match,medium,merge_to_canonical,71055.0
10541,Legal Advice,2,14,,,,delete,
10542,Putnam Hospital,2,2,Health Care,keyword_match,medium,merge_to_canonical,7166.0
10543,agriculture and veterans,1,18,Agriculture,keyword_match,medium,merge_to_canonical,6716.0
10544,nonprofits,23,81,,,,delete,
10545,Mass Shooting,8,61,,,,delete,
10546,Las Vegas,1,5,,,,delete,
10547,School Resource Officer,19,98,Education,keyword_match,medium,merge_to_canonical,7001.0
10548,Tax Reform,17,64,Taxes,keyword_match,medium,merge_to_canonical,7626.0
10549,U.S. Route 219,1,1,,,,delete,
10550,Pipeline of Opportunity for Youth People,1,1,Children,keyword_match,medium,merge_to_canonical,6816.0
105512,liberty award,2,1,,,,delete,
10552,Forever Wild Act,2,7,,,,delete,
10553,Campaign Reform,7,34,,,,delete,
10554,Hurricane Maria,12,6,,,,delete,
10555,Debt Pardon,1,12,,,,delete,
10556,Relief Efforts,2,1,,,,delete,
10557,Domestic Violence Awareness,47,146,Domestic Violence,keyword_match,medium,merge_to_canonical,6971.0
105574,Hard cider,2,1,,,,delete,
105575,cideries,5,1,,,,delete,
10558,Maritime Industry,6,8,,,,delete,
10559,Youth Empowerment,21,68,Children,keyword_match,medium,merge_to_canonical,6816.0
10560,Creating Education Pipeline,2,27,Education,keyword_match,medium,merge_to_canonical,7001.0
10561,STEM Education,6,44,Education,keyword_match,medium,merge_to_canonical,7001.0
10562,Disadvantaged Children,1,24,Children,keyword_match,medium,merge_to_canonical,6816.0
105623,5 WTC Affordability,5,3,Affordability,keyword_match,medium,merge_to_canonical,9076.0
10563,Community Newsletter,39,99,,,,delete,
105635,Lou Gehrig's Disease,1,0,,,,delete,
105637,Asylum Seekers; Immigration; Work Permits; E-verify,1,10,,,,delete,
10564,Thank-A-Veteran,2,3,,,,delete,
105644,Domestic & Sexual Violence,9,10,,,,delete,
10565,tax implications,1,7,Taxes,keyword_match,medium,merge_to_canonical,7626.0
10566,Government Operations and Investigations,25,111,Ethics,keyword_match,medium,merge_to_canonical,7051.0
10567,Community Board,60,36,,,,delete,
10568,gender,3,56,,,,delete,
10569,WNY Warriors Flight,3,3,,,,delete,
105692,Loomis,1,0,,,,delete,
105693,Silo,1,0,,,,delete,
105694,Garrett's Law,1,0,,,,delete,
105696,Emma's Law,1,0,,,,delete,
10570,Chamber on the Go,1,0,,,,delete,
10571,legal assistant,1,5,,,,delete,
105717,Sewer Infrastructure,2,1,Infrastructure,keyword_match,medium,merge_to_canonical,4521.0
105718,Violence in Schools,1,6,Education,keyword_match,medium,merge_to_canonical,7001.0
105719,Community and Ethnic Media,1,1,,,,delete,
10572,Clean Air and Water,16,154,Environment,keyword_match,medium,merge_to_canonical,7036.0
10573,Hearing Screening,3,3,,,,delete,
10575,Puerto Rico Relief Efforts,17,35,,,,delete,
10576,Brewster Nutrition Week,1,0,Nutrition,keyword_match,medium,merge_to_canonical,7411.0
10577,Civil Service,13,69,Civil Service & Pensions,keyword_match,medium,merge_to_canonical,
10578,J.N. Adam Developmental Center,1,1,,,,delete,
10579,Perrysburg,1,0,,,,delete,
10580,Affordable Care Act Repeal,1,42,Health Care,keyword_match,medium,merge_to_canonical,7166.0
10581,Executive Actions,4,33,,,,delete,
10582,Farmland Protection,13,16,,,,delete,
10583,Senior Scam Prevention,21,55,,,,delete,
10584,Veteans Appreciation,1,2,,,,delete,
10586,criminal justicel,0,12,Criminal Justice Reform,keyword_match,medium,merge_to_canonical,8546.0
105862,judicial nominations,2,5,Judiciary,keyword_match,medium,merge_to_canonical,7271.0
105863,Period Poverty Women's Health,7,17,Health Care,keyword_match,medium,merge_to_canonical,7166.0
105869,Ossining Schools,1,0,Education,keyword_match,medium,merge_to_canonical,7001.0
10587,New York State Parks,22,106,State Parks & Recreation,keyword_match,medium,merge_to_canonical,
105870,FY2024 State Budget,2,2,Budget,keyword_match,medium,merge_to_canonical,6786.0
105879,Wine in grocery stores,3,10,,,,delete,
10588,Fentanyl,15,37,,,,delete,
10589,Carfentanil,1,4,,,,delete,
10590,drug addiction,8,62,Opioid & Substance Use,keyword_match,medium,merge_to_canonical,
105908,eFMAP,1,0,,,,delete,
10591,New York State Constitution Protections,2,16,,,,delete,
10592,Workers' Compensation,12,62,,,,delete,
105920,Sikh Awareness Month,1,2,,,,delete,
105921,Sikh Cultural Society,1,2,Arts & Culture,keyword_match,medium,merge_to_canonical,80871.0
10593,Youth Services,2,21,Children,keyword_match,medium,merge_to_canonical,6816.0
10594,Breast Cancer Screening,50,49,Health Care,keyword_match,medium,merge_to_canonical,7166.0
10595,Brownsville,6,4,,,,delete,
10596,Mt. Kisco. hate crime,1,3,Crime,keyword_match,medium,merge_to_canonical,6926.0
10597,Army National Guard,5,7,,,,delete,
10598,Heroin and Opioid Epidemic,24,85,Opioid & Substance Use,keyword_match,medium,merge_to_canonical,
10599,Communities,27,67,,,,delete,
10600,Lyme Disease Awareness,20,69,Lyme & Tick-Borne Diseases,keyword_match,medium,merge_to_canonical,
10601,Powassan virus,1,2,,,,delete,
10602,Herion Task Force,8,11,,,,delete,
106020,Exotic Animals,3,7,Animal Welfare,keyword_match,medium,merge_to_canonical,9462.0
106021,Retail Theft,12,5,,,,delete,
10603,Akshar's All-Stars,41,15,,,,delete,
10604,Student Recognition,9,18,Education,keyword_match,medium,merge_to_canonical,7001.0
10605,Local Control,16,31,,,,delete,
106059,Wage Theft; Labor; SWEAT,2,11,,,,delete,
10606,Donations,22,35,,,,delete,
10607,Mexico,1,1,,,,delete,
106072,Senator Alexis Weik,1,2,,,,delete,
10608,corporate welfare,52,147,,,,delete,
106084,Free School Meals,6,2,Education,keyword_match,medium,merge_to_canonical,7001.0
10609,protecting taxpayers,72,275,Budget,keyword_match,medium,merge_to_canonical,6786.0
10610,water levels,1,11,,,,delete,
10611,lake levels,1,10,,,,delete,
106113,NAACP Huntington,1,1,,,,delete,
106116,west side,1,0,,,,delete,
10612,New York State Department of Environmental Conservation,8,63,Environment,keyword_match,medium,merge_to_canonical,7036.0
10613,impacts of rising water levels on local businesses and homeowners,1,15,Small Business,keyword_match,medium,merge_to_canonical,7561.0
10614,Climate Change Community Protection,3,69,Climate Change,keyword_match,medium,merge_to_canonical,6841.0
10615,Medicare Part D,12,29,Health Care,keyword_match,medium,merge_to_canonical,7166.0
106155,Boys State,1,0,,,,delete,
10616,Stop the Bleed,3,3,,,,delete,
106163,migrant crisis,31,40,,,,delete,
10617,First Aid,3,9,,,,delete,
10618,Halloween safety,3,5,,,,delete,
10619,Honoring Local Veterans,40,158,Veterans,keyword_match,medium,merge_to_canonical,7691.0
10620,Federal Taxes,17,96,Taxes,keyword_match,medium,merge_to_canonical,7626.0
10621,State And Local Tax Deduction,3,43,Taxes,keyword_match,medium,merge_to_canonical,7626.0
106216,Migrants,4,6,,,,delete,
106217,Federal Immigration Policies,24,18,Immigration,keyword_match,medium,merge_to_canonical,7221.0
10622,bfair2directcare,6,13,,,,delete,
106221,Inspector General,1,3,,,,delete,
10623,Research,5,22,,,,delete,
10624,Vacancy Decontrol,3,15,,,,delete,
106253,Economic Abuse,1,4,,,,delete,
106341,Burnt Hills- Ballston Lake,1,0,,,,delete,
106342,Burnt Hills- Ballston Lake NY,5,1,,,,delete,
10641,flu season,6,14,,,,delete,
10645,Turkey Trot,3,2,,,,delete,
106452,Asylum Seekers; Immigration;,12,21,,,,delete,
10646,Run,4,0,,,,delete,
10647,food pantry,18,118,Nutrition,keyword_match,medium,merge_to_canonical,7411.0
106484,School Crossing Guards,0,0,Education,keyword_match,medium,merge_to_canonical,7001.0
106486,School Crossing Guards,1,0,Education,keyword_match,medium,merge_to_canonical,7001.0
106499,missing children,2,6,Children,keyword_match,medium,merge_to_canonical,6816.0
106500,NYS Missing Children's Day,1,2,Children,keyword_match,medium,merge_to_canonical,6816.0
106559,Halfmoon NY,3,0,,,,delete,
106571,Learner's permits,1,0,,,,delete,
106579,alfmoon NY,0,0,,,,delete,
106589,Coverage 4 All,3,8,,,,delete,
106590,1332 Waiver,3,13,,,,delete,
106591,Essential Plan Expansion,2,2,,,,delete,
106603,Multifactor Authentication,2,4,,,,delete,
106604,student debt relief,2,9,Education,keyword_match,medium,merge_to_canonical,7001.0
106605,tax forgiveness,1,3,Taxes,keyword_match,medium,merge_to_canonical,7626.0
106608,Affordable,2,10,,,,delete,
106609,parkinson's disease,6,6,,,,delete,
106610,parkinson's,2,2,,,,delete,
106615,loan forgiveness,1,9,,,,delete,
106618,Rail Safety,2,4,,,,delete,
106628,CIR-SEIU,1,1,,,,delete,
106634,prom,5,1,,,,delete,
106635,dresses,1,1,,,,delete,
106636,accessories,1,1,,,,delete,
106643,Mary Ellen McCrossen,1,0,,,,delete,
106645,Veteran Protections,1,3,,,,delete,
106655,Jacobe's Law,1,0,,,,delete,
106719,Pier 94,1,2,,,,delete,
106750,Knox Farm State Park,1,1,Agriculture,keyword_match,medium,merge_to_canonical,6716.0
106824,Parades,1,1,,,,delete,
106851,Memorial Day 2023,1,1,,,,delete,
106852,Vote Early,1,9,,,,delete,
106853,Vote Early by Mail,2,8,,,,delete,
106862,Public Service Commission; New York State Thruway Authority,1,3,Utilities,semicolon_first_term_keyword,medium,merge_to_canonical,7686.0
106873,Students Inside Albany,1,2,Education,keyword_match,medium,merge_to_canonical,7001.0
106882,Coney Island,3,0,,,,delete,
106898,PSC; Thruway Authority; Community Forum,1,2,,,,delete,
106919,Gaming Compact,5,2,Gaming,keyword_match,medium,merge_to_canonical,7111.0
106920,Casino Revenue,1,4,Gaming,keyword_match,medium,merge_to_canonical,7111.0
106940,New York State championship,6,0,,,,delete,
106959,anxiety,1,11,,,,delete,
106966,Workers Comp,2,5,,,,delete,
106992,Telemarketing; Nuisance calls; Do Not Call Registry,2,3,,,,delete,
107050,Correctional Facilities,9,13,Criminal Justice Reform,keyword_match,medium,merge_to_canonical,8546.0
107053,Justice Courts,0,8,Judiciary,keyword_match,medium,merge_to_canonical,7271.0
107056,Lorraine,1,1,,,,delete,
107057,Minimum Maintenance Roads,1,1,Transportation,keyword_match,medium,merge_to_canonical,7656.0
107072,B&B Sale of Cider,1,3,,,,delete,
107073,Liquor,1,4,,,,delete,
107074,and Wine,1,5,,,,delete,
107075,entrepreneur,1,3,,,,delete,
107085,Sock out Cancer Day,0,0,Health Care,keyword_match,medium,merge_to_canonical,7166.0
107087,Illegal Migrants,5,11,,,,delete,
107088,Pride,2,5,,,,delete,
107089,Nepali Community,1,0,,,,delete,
107095,Vote Early By Mail Act,4,1,,,,delete,
107101,Justice for Heroes,1,3,,,,delete,
107103,Peyton Morse,1,0,,,,delete,
107105,NY Senate,2,3,,,,delete,
107107,national trails day,1,0,,,,delete,
107108,st. regis mohawk tribe,1,0,,,,delete,
107109,land claim,1,2,,,,delete,
107110,honoring local heroes,1,2,,,,delete,
107112,Spanish,6,1,,,,delete,
107114,MENA Data,2,2,,,,delete,
107115,Middle Eastern and North African New Yorkers,2,1,,,,delete,
107116,State Data,1,1,,,,delete,
107117,Reparations,12,14,,,,delete,
107118,Early Vote by Mail,4,5,Elections,keyword_match,medium,merge_to_canonical,7011.0
107119,Mail-in Ballots,3,5,,,,delete,
107120,public safety; crime and corrections,2,11,Public Safety,semicolon_first_term_seed,high,merge_to_canonical,8316.0
107121,Even-Numbered Years,1,2,,,,delete,
107122,class action lawsuit,6,4,,,,delete,
107123,access to courts,2,11,Judiciary,keyword_match,medium,merge_to_canonical,7271.0
107124,wifi access,1,1,,,,delete,
107125,Lockport,1,0,,,,delete,
107126,Senate District 62,2,0,,,,delete,
200009,testing issue,0,0,,,,delete,
205874,2023 Senate Session,1,10,,,,delete,
205875,West Park Church,1,0,,,,delete,
205876,LPC,1,0,,,,delete,
205877,Family Judge; Supreme Court; Judicial Districts,3,2,,,,delete,
205878,NYC Rent Guidelines Board,3,2,Tenant Rights,keyword_match,medium,merge_to_canonical,61615.0
205879,Senator Liz Krueger,2,0,,,,delete,
205912,Chittenango; Wrestling; State Championship,1,1,,,,delete,
205913,Student Citizenship Awards,5,1,Education,keyword_match,medium,merge_to_canonical,7001.0
205914,NYS 2022-2023 budget,1,1,Budget,keyword_match,medium,merge_to_canonical,6786.0
205921,Save Our Schools,5,4,Education,keyword_match,medium,merge_to_canonical,7001.0
205922,Senator Mario R. Mattera,1,0,,,,delete,
205923,University at Albany,1,1,Higher Education,keyword_match,medium,merge_to_canonical,7176.0
205926,mpox,1,1,,,,delete,
205927,Forgotten Victims,1,1,,,,delete,
205928,Flood Mitigation,16,2,,,,delete,
205929,Living Shorelines,2,0,,,,delete,
205936,affirmative action,1,9,,,,delete,
205937,NYS spending and taxing,6,2,,,,delete,
205938,Addiction Services,2,15,Opioid & Substance Use,keyword_match,medium,merge_to_canonical,
205939,Outreach,1,1,,,,delete,
205940,Infrastructure rehabilitation and replacement; BRIDGE NY; Bridges; Culverts;,3,1,Infrastructure,semicolon_first_term_keyword,medium,merge_to_canonical,4521.0
205941,Senior Symposium,1,1,,,,delete,
205942,HECKSCHER STATE PARK,1,1,,,,delete,
205943,NYS SENATOR WEIK,1,1,,,,delete,
205944,WALKING AND BIKE PATHS,1,2,,,,delete,
205945,GREAT SOUTH BAY,3,0,,,,delete,
205946,New York State spending,8,3,Budget,keyword_match,medium,merge_to_canonical,6786.0
205947,double-decker bus,1,0,,,,delete,
205948,tour bus,1,0,,,,delete,
205949,Rainbow Preschool,1,0,,,,delete,
205950,Thalia Spanish Theater,2,0,,,,delete,
205951,(87314),1,9,,,,delete,
205952,City of Schenectady,6,0,,,,delete,
205953,vision loss,1,1,,,,delete,
205954,Community capacity development,1,0,,,,delete,
205955,#SafeSummer,1,37,,,,delete,
205956,cellular service,1,1,,,,delete,
205957,Senior Day In Harlem,1,0,,,,delete,
205958,2023 Veterans' Hall of Fame,4,4,Veterans,keyword_match,medium,merge_to_canonical,7691.0
205959,Senator Cordell Cleare Continues Annual Juneteenth Tradition,1,0,,,,delete,
205960,Senator Cleare Secures Funding for Her District and the State,1,0,,,,delete,
205961,Energy Costs,4,5,Energy,keyword_match,medium,merge_to_canonical,7026.0
205962,Green Hydrogen,2,0,,,,delete,
205963,Energy Mandates,2,4,Energy,keyword_match,medium,merge_to_canonical,7026.0
205964,Veterans’ Hall of Fame,1,0,Veterans,keyword_match,medium,merge_to_canonical,7691.0
205965,Edinburg,1,0,,,,delete,
205966,Rotterdam,4,0,,,,delete,
205967,Tony Bennett,1,0,,,,delete,
205968,Frank Sinatra High School of the Arts,1,0,Education,keyword_match,medium,merge_to_canonical,7001.0
205969,doctors,1,0,,,,delete,
205970,NYS Senator Back To School Event,5,0,Education,keyword_match,medium,merge_to_canonical,7001.0
205971,Inflation Reduction Act,4,0,,,,delete,
205972,Senator Cordell Cleare's Swearing-In Ceremony to be Performed by Honorable Rowan Wilson,1,0,,,,delete,
205973,Chief Judge of the New York State Court of Appeals,2,2,,,,delete,
206008,Illegal Migrants; Resettlement; New York City,5,3,,,,delete,
206009,Organized Retail Theft; Small Businesses; Crime,18,2,,,,delete,
206010,Continental Village Fire Dept.,1,0,,,,delete,
206011,Land Bank,2,0,,,,delete,
206012,NYC KidsRISE,1,0,Children,keyword_match,medium,merge_to_canonical,6816.0
206013,Save for College Program,1,0,Higher Education,keyword_match,medium,merge_to_canonical,7176.0
206014,luncheon,1,0,,,,delete,
206015,fashion,2,0,,,,delete,
206016,africa,3,4,,,,delete,
206019,Library Construction Grants,5,1,Libraries,keyword_match,medium,merge_to_canonical,8131.0
206020,Community Food Distribution,21,5,Nutrition,keyword_match,medium,merge_to_canonical,7411.0
206021,While Supplies Last,1,1,,,,delete,
206022,New York State Senator Cleare 1st Annual Afro-Latino Jazz Concert,2,0,,,,delete,
206023,Stillwater,3,0,,,,delete,
206024,2023 Legislative Session Wrap Up,2,6,,,,delete,
206025,CREST Grants,35,3,,,,delete,
206026,Kingsbridge Armory,3,0,,,,delete,
206027,Kingsbridge,1,0,,,,delete,
206028,Roadway Excavation Quality Assurance Act,3,0,,,,delete,
206029,Utility Workers,2,2,Utilities,keyword_match,medium,merge_to_canonical,7686.0
206030,Senator Martin's Business of the Month Award,2,0,,,,delete,
206031,gala,1,0,,,,delete,
206032,law en,0,0,,,,delete,
206033,Law enforcement; public safety; ride-alongs,1,0,First Responders,semicolon_first_term_seed,high,merge_to_canonical,8930.0
206034,Safer Consumption Services Act,1,0,,,,delete,
206035,Touch Screen Voting,1,0,Voting Rights,keyword_match,medium,merge_to_canonical,9001.0
206084,Solar Facilities,2,1,Renewable Energy,keyword_match,medium,merge_to_canonical,7511.0
206087,grenada carriacou petite martinique day,1,0,,,,delete,
206088,steelpan,1,0,,,,delete,
206089,Asian Lunar New Year,2,2,,,,delete,
206090,Dystonia,1,0,,,,delete,
206091,31st Avenue,2,3,,,,delete,
206092,Nick's Law,2,0,,,,delete,
206093,SAG-AFTRA,1,0,,,,delete,
206094,WGA-East,1,0,,,,delete,
206095,Strikes,1,1,,,,delete,
206096,New York State Bridge Authority,1,0,,,,delete,
206097,survivors of gender-based and domestic violence,1,5,Domestic Violence,keyword_match,medium,merge_to_canonical,6971.0
206104,Notary Services,5,1,,,,delete,
206105,Legislation; Signed Into Law,1,2,,,,delete,
206106,Cannabis Crop Rescue Act,1,6,Cannabis Policy,keyword_match,medium,merge_to_canonical,
206107,Bonfire Sessions,7,0,,,,delete,
206108,Ithaca Carshare,3,0,,,,delete,
206109,National Voter Registration Day,1,0,Voting Rights,keyword_match,medium,merge_to_canonical,9001.0
206124,NYS SENATE VETERANS' HALL OF FAME,1,0,Veterans,keyword_match,medium,merge_to_canonical,7691.0
206125,NYS Senator Cordell Cleare 2nd Annual John Coltrane Appreciation Day Event,1,0,,,,delete,
206126,NYS Senator Cordell Cleare & Save Harlem Now Unveiling Marker Ceremony Event,1,0,,,,delete,
206127,Senator Cordell Cleare's Human Trafficking Bills Sign Into Law In New York City Ceremony,1,0,Civil Rights,keyword_match,medium,merge_to_canonical,6831.0
206128,Senior Resource Fair,9,0,,,,delete,
206198,New York Education Law,1,6,Education,keyword_match,medium,merge_to_canonical,7001.0
206199,Little Thailand,1,1,,,,delete,
206200,Surveillance cameras,3,1,,,,delete,
206318,Pipeline Safety,1,0,,,,delete,
206319,Hell's Kitchen,1,0,,,,delete,
206321,Captain Kenneth Sgroi Memorial Highway,1,0,Transportation,keyword_match,medium,merge_to_canonical,7656.0
206322,Maspeth Park,1,0,,,,delete,
206323,K-Bridge Park,1,0,,,,delete,
206324,Creating Jobs,2,3,Jobs & Employment,keyword_match,medium,merge_to_canonical,7261.0
206386,Trunk or Treat,6,0,,,,delete,
206393,Israel; Hamas; Terrorism,8,2,,,,delete,
206394,Cornell University,1,3,Higher Education,keyword_match,medium,merge_to_canonical,7176.0
206395,Fuel Choice Ban,1,0,,,,delete,
206396,Propane Gas,1,1,,,,delete,
206397,electric school buses; state mandates,1,3,Education,semicolon_first_term_keyword,medium,merge_to_canonical,7001.0
206426,Funding for Small City School Districts,2,0,Education,keyword_match,medium,merge_to_canonical,7001.0
206428,NICS,1,0,,,,delete,
206472,Town of Lewisboro,5,0,,,,delete,
206473,Biomarker Testing,3,2,,,,delete,
206474,Bus Open Stroller Program,1,0,,,,delete,
206479,Pantries,1,0,,,,delete,
206480,Public Safety; Law Enforcement; Protecting New Yorkers; Firefighters,3,2,Public Safety,semicolon_first_term_seed,high,merge_to_canonical,8316.0
206487,Quickstar,0,0,,,,delete,
206488,Quickstart,3,0,,,,delete,
206511,Traveling with Dignity,2,1,,,,delete,
206512,Veterans Home,2,0,Veterans,keyword_match,medium,merge_to_canonical,7691.0
206513,2023 Veterans Hall of Fame,5,4,Veterans,keyword_match,medium,merge_to_canonical,7691.0
206514,Student expulsion,1,0,Education,keyword_match,medium,merge_to_canonical,7001.0
206515,Car Theft Prevention Act,2,0,,,,delete,
206516,n,0,0,,,,delete,
206542,egg and sperm donation,1,0,,,,delete,
206562,Leafs,1,0,,,,delete,
206563,Clean Slate Act; Criminal Justice; Public Safety,5,7,,,,delete,
206564,ruby bridges,1,0,,,,delete,
206565,Clean Slate Act,7,4,,,,delete,
206566,Crime rate,1,1,Crime,keyword_match,medium,merge_to_canonical,6926.0
206572,Cortland,32,1,,,,delete,
206573,2023 Legislation,3,5,,,,delete,
206574,Encrypted police radio,2,0,First Responders,keyword_match,medium,merge_to_canonical,8930.0
206575,NYS 2023-2024 Budget,1,1,Budget,keyword_match,medium,merge_to_canonical,6786.0
206576,Tompkins County,39,1,,,,delete,
206577,Ithaca,5,0,,,,delete,
206578,One-Party Control,2,0,,,,delete,
206579,Binghamton,3,1,,,,delete,
206580,COVID-19 response review,2,0,COVID-19 Pandemic,keyword_match,medium,merge_to_canonical,78756.0
206581,Government overreach,2,3,,,,delete,
206582,Isolation and Quarantine,2,0,,,,delete,
206583,learning loss,1,0,,,,delete,
206584,Keep Police Radio Public Act,1,2,First Responders,keyword_match,medium,merge_to_canonical,8930.0
206586,2024 Legislative Survey,2,6,,,,delete,
206587,Quar,1,0,,,,delete,
206588,Matthew's Law,1,0,,,,delete,
206591,Briarcliff Manor,1,1,,,,delete,
206592,Gaza,3,2,,,,delete,
206593,Rule 2.13,1,5,,,,delete,
206594,Separation of Powers,1,1,,,,delete,
206658,Southern Tier,2,0,,,,delete,
206659,Dryden,1,0,,,,delete,
206660,Broome County,45,0,,,,delete,
206661,International Cooperation,1,1,,,,delete,
206662,COJEP International,1,0,,,,delete,
206667,Remington Arms,1,0,,,,delete,
206668,Town of Day,1,0,,,,delete,
206669,2024 Legislative Session,84,19,,,,delete,
206670,AED Implementation,3,2,,,,delete,
206671,Chanukah,2,0,,,,delete,
206672,Toy Distribution,6,1,,,,delete,
206673,Tax incentives; Ski; Energy costs,1,2,Taxes,semicolon_first_term_keyword,medium,merge_to_canonical,7626.0
206699,Women’s Issues,2,2,,,,delete,
206789,executive mandates; emergency actions,1,0,,,,delete,
206792,Workers Compensation Board,1,2,,,,delete,
206793,hybrid meetings,0,0,,,,delete,
206794,manhattan borough president,0,0,,,,delete,
206795,There Ought To Be A Law,1,1,,,,delete,
206813,youth advocacy,2,1,Children,keyword_match,medium,merge_to_canonical,6816.0
206814,2023 NYS Senate Hall of Fame,1,3,,,,delete,
206817,Christmas 2023,1,0,,,,delete,
206824,population loss,3,1,,,,delete,
206825,commission,2,0,,,,delete,
207026,Vista Fire Department,1,0,,,,delete,
207027,Fire Department Radios,2,1,,,,delete,
207028,Enacted Legislation,4,2,,,,delete,
207198,2024 State of the State,10,10,,,,delete,
207213,Mount Sinai Beth Israel Closure,7,1,,,,delete,
207224,Illegal migrants; Border security,5,1,,,,delete,
207246,pesticides,1,1,,,,delete,
207394,2024-2025 State Budget,37,20,Budget,keyword_match,medium,merge_to_canonical,6786.0
207405,New Hope for the Future of the Empire State,2,1,,,,delete,
207423,A New Hope for New York,5,7,,,,delete,
207424,Republican Agenda for 2024,2,2,,,,delete,
207435,2023-S8110,0,4,,,,delete,
207443,FY2024-25 State Budget,21,4,Budget,keyword_match,medium,merge_to_canonical,6786.0
207444,Legal Services Funding,1,1,,,,delete,
207497,Education Tour,1,0,Education,keyword_match,medium,merge_to_canonical,7001.0
207500,2024 legislative agenda,2,8,,,,delete,
207508,YOUTH LEADERSHIP RECOGNITION,5,0,Children,keyword_match,medium,merge_to_canonical,6816.0
207512,2024-2025 State Budget; legislative hearings,6,10,Budget,semicolon_first_term_keyword,medium,merge_to_canonical,6786.0
207535,dissabilities,1,1,,,,delete,
207536,childrens mental health,1,7,Health Care,keyword_match,medium,merge_to_canonical,7166.0
207572,Ground Water Protection,3,4,,,,delete,
207589,Hazardous Response,1,0,,,,delete,
207596,2024-25 State budget; legislative hearings,10,10,Budget,semicolon_first_term_keyword,medium,merge_to_canonical,6786.0
207607,wage enhancement,1,1,,,,delete,
207608,2024-25 State budget; education aid,15,23,Budget,semicolon_first_term_keyword,medium,merge_to_canonical,6786.0
207630,Education Aid,3,2,Education,keyword_match,medium,merge_to_canonical,7001.0
207673,Volunteer Fire Departments,4,0,,,,delete,
207711,foundation,0,0,,,,delete,
207729,Civil Service and Pensions,20,11,Civil Service & Pensions,seed_exact,high,merge_to_canonical,
207735,Vocal with Governor Hochul,1,1,,,,delete,
207736,Volunteer Shortage,3,0,,,,delete,
207742,2024-25 State budget; local schools,2,15,Budget,semicolon_first_term_keyword,medium,merge_to_canonical,6786.0
207806,Arts Day,1,1,Arts & Culture,keyword_match,medium,merge_to_canonical,80871.0
207807,Fire Departments; EMS Provider,2,2,,,,delete,
207875,New York Blood,0,0,,,,delete,
207876,Senator Dean Murray,1,0,,,,delete,
207927,Forever Chemicals,3,0,,,,delete,
207928,Veterans Hall of Fame; Women of Distinction,1,0,Veterans Hall of Fame,semicolon_first_term_seed,high,merge_to_canonical,9995.0
207963,Artificial intelligence; AI,38,25,Technology Policy,semicolon_first_term_keyword,medium,merge_to_canonical,
207964,electric school buses; affordability; state mandates,2,1,Education,semicolon_first_term_keyword,medium,merge_to_canonical,7001.0
207965,Regent Candidate Interviews,9,0,,,,delete,
207966,electric school buses,2,2,Education,keyword_match,medium,merge_to_canonical,7001.0
207969,all-electric school bus mandate,8,6,Education,keyword_match,medium,merge_to_canonical,7001.0
207972,Electric Buses,3,1,,,,delete,
207973,Property Taxpayers,2,2,Budget,keyword_match,medium,merge_to_canonical,6786.0
207988,Valentines for Seniors,3,0,Seniors,keyword_match,medium,merge_to_canonical,7546.0
207992,AFTERSCHOOL PROGRAMS,3,4,,,,delete,
207995,Student-Athletes,2,1,Education,keyword_match,medium,merge_to_canonical,7001.0
207996,Cougars,1,2,,,,delete,
207997,Volleyball,2,0,,,,delete,
207998,Cross Country,1,0,,,,delete,
208014,Cancer Prevention,1,1,Health Care,keyword_match,medium,merge_to_canonical,7166.0
208048,Student Voices,1,2,Education,keyword_match,medium,merge_to_canonical,7001.0
208053,Electric school bus mandate; unfunded state mandates,4,2,Education,semicolon_first_term_keyword,medium,merge_to_canonical,7001.0
208061,NY Forward,2,2,,,,delete,
208078,Plumbers Local 200,1,1,,,,delete,
208079,Carpenters Local 290,1,1,,,,delete,
208087,Stand Up for Recovery Day,1,1,,,,delete,
208162,4021 Schools,1,4,Education,keyword_match,medium,merge_to_canonical,7001.0
208175,2024-25 State budget; local roads and bridges; CHIPS,3,7,Budget,semicolon_first_term_keyword,medium,merge_to_canonical,6786.0
208218,LAKEN'S LAW,5,2,,,,delete,
208231,HIgh Champions,1,1,,,,delete,
208235,Waterford NY,2,0,,,,delete,
208272,S8533,1,0,,,,delete,
208286,NY HEAT Act,11,5,,,,delete,
208307,Food Additives,2,0,,,,delete,
208403,Babylon,1,2,,,,delete,
208418,Agriculture Literacy Week,1,3,Agriculture,keyword_match,medium,merge_to_canonical,6716.0
208429,Youth Vaping,5,0,Children,keyword_match,medium,merge_to_canonical,6816.0
208430,Underage Nicotine Use,3,0,,,,delete,
208434,S8637,1,0,,,,delete,
208441,Egg,1,0,,,,delete,
208537,2024 Senate One-House Budget Resolution,3,5,Budget,keyword_match,medium,merge_to_canonical,6786.0
208556,SP4 George Harold Fry Memorial Highway,1,0,Transportation,keyword_match,medium,merge_to_canonical,7656.0
208557,Genesee County,1,0,,,,delete,
208558,Hometown Heroes,1,1,,,,delete,
208572,Civics Week,2,1,,,,delete,
208573,NYC Students,1,3,Education,keyword_match,medium,merge_to_canonical,7001.0
208652,Hospital Closures,13,2,Health Care,keyword_match,medium,merge_to_canonical,7166.0
208659,Investment tax credit,1,0,Taxes,keyword_match,medium,merge_to_canonical,7626.0
208694,MSBI,9,1,,,,delete,
208695,Community Journalism,3,1,,,,delete,
208753,Egg Hunt,7,0,,,,delete,
208756,Squatting,2,1,,,,delete,
208815,New York State Senate Liberty Medal,11,0,,,,delete,
208936,Israel Hostages,7,2,,,,delete,
208937,Free The Hostages,1,0,,,,delete,
208938,Run For Their Lives,1,0,,,,delete,
209041,Emergency Notifications,3,2,,,,delete,
209042,Wireless Emergency Alerts,3,1,,,,delete,
209055,Squatters,13,9,,,,delete,
209062,emergency services volunteers,6,0,,,,delete,
209063,CPS Reforms,2,1,,,,delete,
209064,New York State Budget; Lack Of Transparency; Budget Negotiations,1,0,Budget,semicolon_first_term_seed,high,merge_to_canonical,6786.0
209075,Senior,2,1,,,,delete,
209105,and Commissions,1,0,,,,delete,
209106,Port Authority Capital Projects,1,0,,,,delete,
209121,Graduation Program,1,0,,,,delete,
209138,Drinking Water Protection,2,1,Clean Water,keyword_match,medium,merge_to_canonical,9026.0
209139,Grant Writing,4,0,,,,delete,
209140,Not-For-Profit Funding,7,2,,,,delete,
209141,2024-2025 Budget,6,8,Budget,keyword_match,medium,merge_to_canonical,6786.0
209142,State Budget; Affordability; Criminal Justice,1,3,Budget,semicolon_first_term_seed,high,merge_to_canonical,6786.0
209143,law and order; criminal justice,2,3,,,,delete,
209144,Squatter,1,0,,,,delete,
209145,Edgemont Report,1,0,,,,delete,
209164,columbia,4,0,,,,delete,
209196,2024-25 State Budget,4,8,Budget,keyword_match,medium,merge_to_canonical,6786.0
209197,Life's WORC,2,0,,,,delete,
209198,Bay Shore,10,0,,,,delete,
209199,2025 State Budget,16,18,Budget,keyword_match,medium,merge_to_canonical,6786.0
209200,Flushing,3,0,,,,delete,
209201,Allison Hope Liao,1,0,,,,delete,
209202,lowering speed limit,1,0,,,,delete,
209404,Earth Month,3,1,,,,delete,
209456,Discount program,1,2,,,,delete,
209512,HFC Regulations,2,2,,,,delete,
209521,Organized Retail Theft,1,0,,,,delete,
209522,Anti-crime Legislation,2,0,Crime,keyword_match,medium,merge_to_canonical,6926.0
209535,Protecting Property Owners,1,0,,,,delete,
209586,ERA,1,1,,,,delete,
209587,Equal Right Amendment,1,0,,,,delete,
209600,Overdose Prevention,2,3,,,,delete,
209601,Fentanyl Awareness Day,2,2,,,,delete,
209613,Route 9A,3,0,,,,delete,
209626,Veterans; Honor and Remember Flag; Military; Gold Star Mothers & Families,4,1,Veterans,semicolon_first_term_seed,high,merge_to_canonical,7691.0
209633,Ross Park Zoo,1,0,,,,delete,
209660,Revenge Porn Victims,3,0,,,,delete,
209661,Victim Lawsuit,1,0,,,,delete,
209711,Police Officers Memorial,2,0,First Responders,keyword_match,medium,merge_to_canonical,8930.0
209740,New York Conference of Italian American Legislators,3,0,,,,delete,
209741,Italian American Day,1,1,,,,delete,
209742,Festa Italiana,1,1,,,,delete,
209743,Student Leaders,2,1,Education,keyword_match,medium,merge_to_canonical,7001.0
209747,Highway Worker Safety,4,0,Transportation,keyword_match,medium,merge_to_canonical,7656.0
209748,Jake's Law,1,0,,,,delete,
209784,2024 Women of Distinction,8,4,Women of Distinction,keyword_match,medium,merge_to_canonical,8989.0
209950,Ballot Harvesting,1,0,Elections,keyword_match,medium,merge_to_canonical,7011.0
209956,University of Albany,1,2,Higher Education,keyword_match,medium,merge_to_canonical,7176.0
209990,Express Bus,1,0,,,,delete,
210029,pediatrics,1,0,,,,delete,
210033,graveyard,0,0,,,,delete,
210205,PS22Q,1,0,,,,delete,
210206,Safe street,1,3,,,,delete,
210209,New York State Office for the Aging,1,3,Seniors,keyword_match,medium,merge_to_canonical,7546.0
210210,Schools; Education; NYSED,2,3,Education,semicolon_first_term_seed,high,merge_to_canonical,7001.0
210212,2024 Woman of Distinction,4,3,,,,delete,
210213,Honoree,1,1,,,,delete,
210215,local community and economic development,1,2,Economic Development,keyword_match,medium,merge_to_canonical,6996.0
210236,Sovereign debt,2,1,,,,delete,
210237,champerty,1,0,,,,delete,
210241,Greenfield,1,0,,,,delete,
210302,Robbie Garrison,1,0,,,,delete,
210303,Local Tax Savings,2,1,Taxes,keyword_match,medium,merge_to_canonical,7626.0
210306,HIA-LI,1,0,,,,delete,
210326,Boilermaker Road Race; Economic Development; Local Business,1,0,,,,delete,
210337,Italian-American,2,1,,,,delete,
210338,WFAN’s Gregg,1,0,,,,delete,
210339,Senator George Borrello,1,0,,,,delete,
210354,Deer Park,14,1,,,,delete,
210358,Memorial Day 2024,2,1,,,,delete,
210360,Suffolk County Water Restoration Act,2,1,,,,delete,
210361,Ground and Drinking Water Protection,3,3,Clean Water,keyword_match,medium,merge_to_canonical,9026.0
210418,2024 Veterans Hall of Fame,11,1,Veterans,keyword_match,medium,merge_to_canonical,7691.0
210420,John Jay High School,1,0,Education,keyword_match,medium,merge_to_canonical,7001.0
210432,Teacher Appreciation Day,1,0,,,,delete,
210489,First Reponders,1,0,,,,delete,
210506,Fire and Ambulance Volunteer Income Tax Credit,3,3,Taxes,keyword_match,medium,merge_to_canonical,7626.0
210507,Volunteer Recruitment,5,1,,,,delete,
210519,Bridge Fencing,1,0,,,,delete,
210546,Revenge Porn Law,6,2,,,,delete,
210547,Exploitation,2,1,,,,delete,
210574,Cyber extortion,1,2,,,,delete,
210576,LED Lighting,1,0,,,,delete,
210580,Brooks Hospital,1,0,Health Care,keyword_match,medium,merge_to_canonical,7166.0
210581,Chautauqua County,1,0,,,,delete,
210625,Teacher and Principal Evaluation,1,2,,,,delete,
210643,Flushing BAPS,1,0,,,,delete,
210644,Assembly Member Rozic,3,0,,,,delete,
210646,High School Theater and Performing Arts,2,2,Education,keyword_match,medium,merge_to_canonical,7001.0
210647,Award Ceremony,3,0,,,,delete,
210649,Crisis Services,1,3,,,,delete,
210663,Cortlandt Waterfront Park,1,0,,,,delete,
210664,Town of Milton,3,0,,,,delete,
210665,PS133Q,1,1,,,,delete,
210666,Reading Garden,1,0,,,,delete,
210668,Scouting,2,0,,,,delete,
210669,Funding for Anti-Vaping Programs,2,0,,,,delete,
210670,Farming; Agriculture; 4-H; FFA,1,3,Agriculture,semicolon_first_term_keyword,medium,merge_to_canonical,6716.0
210672,Wright Brothers Award,1,0,,,,delete,
210673,United States Air Force Academy,1,0,,,,delete,
210674,ASK Day,2,0,,,,delete,
210743,veterans honored,0,0,Veterans,keyword_match,medium,merge_to_canonical,7691.0
210745,Law Enforcment Agency Grants,3,0,,,,delete,
210746,Violent Crime Reduction,4,1,Crime,keyword_match,medium,merge_to_canonical,6926.0
210747,TLC-Lakeshore,1,0,,,,delete,
210748,Green roof,1,0,,,,delete,
210752,summer youth programs,2,0,Children,keyword_match,medium,merge_to_canonical,6816.0
210754,COVID response,1,0,COVID-19 Pandemic,keyword_match,medium,merge_to_canonical,78756.0
210755,community affairs,1,1,,,,delete,
210756,Youth Workforce Training,1,2,Jobs & Employment,keyword_match,medium,merge_to_canonical,7261.0
210758,Teen Driver Safety,1,1,,,,delete,
210759,political violence,2,0,,,,delete,
210761,Donuts,2,1,,,,delete,
210763,Mount Kisco Fire Department,1,0,,,,delete,
210770,Mental Health and Substance Use Disorder,2,7,Health Care,keyword_match,medium,merge_to_canonical,7166.0
210771,Girls Sports,4,0,,,,delete,
210772,Affordability; high taxes; state spending,23,18,Affordability,semicolon_first_term_seed,high,merge_to_canonical,9076.0
210773,Critical Need for Blood Donations,2,0,,,,delete,
210798,Rural Suicide Prevention Council,4,1,Mental Health,keyword_match,medium,merge_to_canonical,7346.0
210800,2024 Senate Veterans Hall of Fame,2,1,Veterans,keyword_match,medium,merge_to_canonical,7691.0
210801,Camp Smith,2,0,,,,delete,
210802,Persons with Disabilities Tax Exemption,2,1,Taxes,keyword_match,medium,merge_to_canonical,7626.0
210803,American with Disabilities Act,1,5,Disability Rights,keyword_match,medium,merge_to_canonical,75029.0
210804,United States Green Building Council - Long Island Chapter,1,0,,,,delete,
210807,New York State Senate's Empire Award,2,0,,,,delete,
210808,Small Business Recognition,5,0,Small Business,keyword_match,medium,merge_to_canonical,7561.0
210809,MWBE Certified Business,2,0,Minority & Women-Owned Business,keyword_match,medium,merge_to_canonical,
210814,Lincoln Sq. Neighborhood Center,2,0,,,,delete,
210815,Adult Resource Fair,1,3,,,,delete,
210816,Older adult resource fair,1,0,,,,delete,
210817,Family Service Society,1,1,,,,delete,
210818,COVID-19 pandemic response review,1,0,COVID-19 Pandemic,keyword_match,medium,merge_to_canonical,78756.0
210819,Senior citizen resource health fair,0,0,Health Care,keyword_match,medium,merge_to_canonical,7166.0
210820,55+,2,4,,,,delete,
210821,55+ Senior Resource Fair,1,2,,,,delete,
210823,CDPAP,32,11,,,,delete,
210826,Emergency Broadcasting,1,0,,,,delete,
210829,School Supply Distribution,2,1,Education,keyword_match,medium,merge_to_canonical,7001.0
210830,flashing flooding; natural disasters; response and recovery,1,0,Environment,semicolon_first_term_keyword,medium,merge_to_canonical,7036.0
210831,Community Fun Day,1,0,,,,delete,
210832,Affordable Energy,41,16,Energy,keyword_match,medium,merge_to_canonical,7026.0
210834,concealment of identity,1,1,,,,delete,
210877,Civil Service; Village of Canastota,1,0,Civil Service & Pensions,semicolon_first_term_keyword,medium,merge_to_canonical,
210878,Shed,0,0,,,,delete,
210879,New York State Grant Funding,6,1,,,,delete,
210880,Funding for the Arts,3,3,Arts & Culture,keyword_match,medium,merge_to_canonical,80871.0
210881,Cultural Programs,2,0,Arts & Culture,keyword_match,medium,merge_to_canonical,80871.0
210882,Community Services Block Grant Program,2,0,,,,delete,
210883,residency requirements,1,0,,,,delete,
210884,Community Health Resource Fair,7,0,Health Care,keyword_match,medium,merge_to_canonical,7166.0
210886,Paper Sporting Licenses,1,0,,,,delete,
210888,Fighting Hunger,7,5,Nutrition,keyword_match,medium,merge_to_canonical,7411.0
210889,Giving Back to the Community,3,0,,,,delete,
210892,Sagitkos State Parkway,2,1,,,,delete,
210900,Union Strike,2,2,Labor,keyword_match,medium,merge_to_canonical,7286.0
210901,Women's Equality Day,1,1,Women's Rights,keyword_match,medium,merge_to_canonical,9128.0
210902,9/11 Notice Act,1,1,Public Safety,keyword_match,medium,merge_to_canonical,8316.0
210906,Infrastructure Upgrades,1,0,Infrastructure,keyword_match,medium,merge_to_canonical,4521.0
210907,Tropical Storm Debby,1,1,,,,delete,
210908,Environmental Stewardship,4,1,Environment,keyword_match,medium,merge_to_canonical,7036.0
210909,Suffolk County Environmental Protection,2,1,Environment,keyword_match,medium,merge_to_canonical,7036.0
210910,Environmental Leadership Award,2,0,Environment,keyword_match,medium,merge_to_canonical,7036.0
210930,Long Island Flash Flooding,2,0,Environment,keyword_match,medium,merge_to_canonical,7036.0
210931,Homes and Community Renewal program,2,1,,,,delete,
210932,August 18-19 Storms,2,0,,,,delete,
210936,Fire House,1,0,,,,delete,
210937,Mural,1,0,,,,delete,
210939,Education Initiative,1,2,Education,keyword_match,medium,merge_to_canonical,7001.0
210940,Mayor Adams,1,1,,,,delete,
210941,FBI,1,1,,,,delete,
210943,Unique Abilities,1,0,,,,delete,
210944,Babylon Public Library,2,1,Libraries,keyword_match,medium,merge_to_canonical,8131.0
210945,Deer Park Public Library,2,0,Libraries,keyword_match,medium,merge_to_canonical,8131.0
210946,West Babylon Public Library,2,0,Libraries,keyword_match,medium,merge_to_canonical,8131.0
210947,West Islip Public Library,2,0,Libraries,keyword_match,medium,merge_to_canonical,8131.0
210948,Gates Fire District,1,0,,,,delete,
210949,Prisons; Corrections Officers; DOCCS;,10,12,Criminal Justice Reform,semicolon_first_term_keyword,medium,merge_to_canonical,8546.0
210952,Start-up Businesses,2,1,,,,delete,
210953,New York State Main Street Capital Loan Fund,2,0,,,,delete,
210957,Rochester Celebration,1,0,,,,delete,
210963,Advanced Clean Trucking Regulations,4,0,,,,delete,
210964,Fire and Ambulance Volunteer Property Tax Credit,2,0,Taxes,keyword_match,medium,merge_to_canonical,7626.0
210968,Protections for Domestic Violence Victims,2,3,Domestic Violence,keyword_match,medium,merge_to_canonical,6971.0
210969,Intimate Partner Abuse,2,3,,,,delete,
210970,Enhancing Protections,2,0,,,,delete,
210975,Ground Lease,1,0,,,,delete,
210979,povert,0,1,,,,delete,
210981,Central Islip,11,1,,,,delete,
210983,Veterans; Property Tax; Military,1,1,Veterans,semicolon_first_term_seed,high,merge_to_canonical,7691.0
210985,New York State Veterans,1,0,Veterans,keyword_match,medium,merge_to_canonical,7691.0
210986,Veterans Healthcare,2,1,Health Care,keyword_match,medium,merge_to_canonical,7166.0
210987,Advanced Clean Truck Regulations,1,1,,,,delete,
210989,Assemblymember Rozic,1,0,,,,delete,
210992,Elections; voting,3,2,Elections,semicolon_first_term_seed,high,merge_to_canonical,7011.0
210993,Economic Development & Small Business,1,1,Economic Development,keyword_match,medium,merge_to_canonical,6996.0
210994,Budget & Revenues,0,0,Budget,keyword_match,medium,merge_to_canonical,6786.0
210999,Long Island Commuters,2,0,,,,delete,
211005,voting policies,1,0,Voting Rights,keyword_match,medium,merge_to_canonical,9001.0
211006,Pediatric Cancer,1,0,Health Care,keyword_match,medium,merge_to_canonical,7166.0
211008,NYSED Regionalization,6,1,,,,delete,
211009,Long Island Schools,1,2,Education,keyword_match,medium,merge_to_canonical,7001.0
211010,Long Island Taxpayers,1,1,Budget,keyword_match,medium,merge_to_canonical,6786.0
211011,Long Island Jobs,1,1,Jobs & Employment,keyword_match,medium,merge_to_canonical,7261.0
211012,State Tourism Grant,1,0,State Parks & Recreation,keyword_match,medium,merge_to_canonical,
211013,Adventureland,1,3,,,,delete,
211015,Long Island School Districts,4,1,Education,keyword_match,medium,merge_to_canonical,7001.0
211016,Mandates; Homeownership; Affordability; New York State Fire Prevention and Building Code Council,1,0,,,,delete,
211019,Rockefeller Institute,1,0,,,,delete,
211022,Sewer Expansion,2,0,,,,delete,
211023,Community Redevelopment,3,0,,,,delete,
211024,New York State Downtown Revitalization Initiative,2,0,,,,delete,
211025,Galway,4,0,,,,delete,
211026,Ambulance Squad Members,2,0,,,,delete,
211027,Request a Meeting,4,0,,,,delete,
211030,New York State Energy Research and Development Authority,1,3,Energy,keyword_match,medium,merge_to_canonical,7026.0
211031,2025 Legislative Session,81,18,,,,delete,
211032,Inflation; Cost Of Living; Affordability; Taxes,2,2,,,,delete,
211034,Cell Phones For Soldiers; Military; Calling Cards; Veterans,1,0,,,,delete,
211037,Niskayuna,2,0,,,,delete,
211038,tax relief; mandate relief; regulatory reform,2,1,Taxes,semicolon_first_term_keyword,medium,merge_to_canonical,7626.0
211039,Assemblywoman Mary Beth Walsh,1,0,,,,delete,
211040,Schuylerville,3,0,,,,delete,
211064,Champion Taekwondo,1,0,,,,delete,
211065,Operation CR,1,0,,,,delete,
211066,Queens YWCA,1,0,,,,delete,
211068,End of year,1,0,,,,delete,
211069,Year of Snake,1,0,,,,delete,
211386,Knickerbocker Greys,1,0,,,,delete,
211408,book drive,1,1,,,,delete,
211438,Zero-emissions school buses,1,0,Education,keyword_match,medium,merge_to_canonical,7001.0
211573,New York State Energy Plan,2,4,Energy,keyword_match,medium,merge_to_canonical,7026.0
212341,State Sen. Pete Harckham,2,0,,,,delete,
212417,Universal School Meals Act,2,1,Education,keyword_match,medium,merge_to_canonical,7001.0
212471,2025 Legislative Agenda,7,16,,,,delete,
212472,Protecting Children and Enhancing Public Safety,3,1,Public Safety,keyword_match,medium,merge_to_canonical,8316.0
212718,Liberate New York,4,1,,,,delete,
212930,State of the State Address,3,1,,,,delete,
212940,2025 State of the State,12,9,,,,delete,
213072,Staff announcements,1,0,,,,delete,
213073,Temporary locations in Buffalo and Albany,1,0,,,,delete,
213355,Natural Disasters,3,1,,,,delete,
213356,Evacuations,2,0,,,,delete,
213357,Pet Evacuation Procedures,3,0,,,,delete,
213358,Pet Friendly Sheltering Options,2,0,,,,delete,
213359,Victims of Domestic Violence,2,4,Domestic Violence,keyword_match,medium,merge_to_canonical,6971.0
213485,Public Statements,3,1,,,,delete,
213611,2025-2026 State Budget,48,23,Budget,keyword_match,medium,merge_to_canonical,6786.0
213942,Valentine's Day Drive,1,0,,,,delete,
213943,Senator Webb,1,0,,,,delete,
214310,2025-2026 State Budget; legislative hearings,7,11,Budget,semicolon_first_term_keyword,medium,merge_to_canonical,6786.0
214339,Year of the Snake,1,0,,,,delete,
214340,Flushing High School,1,0,Education,keyword_match,medium,merge_to_canonical,7001.0
214407,District 52,1,0,,,,delete,
214750,Brooklyn Technical High School,1,0,Education,keyword_match,medium,merge_to_canonical,7001.0
214911,DOROTHY CHIN BRANDT,1,0,,,,delete,
214912,the first Asian American woman judge,1,0,,,,delete,
214942,NOPV,1,0,,,,delete,
215070,Mount Kisco,2,0,,,,delete,
215121,Bail and Discovery reform,2,2,Criminal Justice Reform,keyword_match,medium,merge_to_canonical,8546.0
215192,Hydropower,1,0,,,,delete,
215193,Niagara Power Project,1,0,,,,delete,
215204,Committee Announcement,1,0,,,,delete,
215668,Reproductive Freedom,7,1,Reproductive Rights,keyword_match,medium,merge_to_canonical,9346.0
215688,American Red Cross in New York State,2,3,,,,delete,
215689,Legislator of the Year Award,2,0,,,,delete,
215690,Support for Disaster Victims,2,0,,,,delete,
215691,Blood Donation and CPR Training Programs,2,1,,,,delete,
215788,Energy and Telecommunication,1,1,Energy,keyword_match,medium,merge_to_canonical,7026.0
215804,Constituent Services Request,1,0,,,,delete,
215819,Black Dolls,1,0,,,,delete,
215820,Gamechangers,1,0,,,,delete,
215851,North Country,1,0,,,,delete,
215981,LIRP,1,0,,,,delete,
215991,Trans healthcare,3,4,Health Care,keyword_match,medium,merge_to_canonical,7166.0
215992,NYU Langone,2,0,,,,delete,
215993,Economic Development Funding,2,1,Economic Development,keyword_match,medium,merge_to_canonical,6996.0
215994,New York State Regional Economic Development Council,2,1,Economic Development,keyword_match,medium,merge_to_canonical,6996.0
215995,2025-26 Budget; legislative hearings,2,7,Budget,semicolon_first_term_keyword,medium,merge_to_canonical,6786.0
216016,trans youth,2,2,Children,keyword_match,medium,merge_to_canonical,6816.0
216054,New York Power Authority,2,0,,,,delete,
216341,Municipal Clerks,2,1,Local Government,keyword_match,medium,merge_to_canonical,7326.0
216445,Senior Citizen Appreciation,2,1,,,,delete,
216779,CHIPS Funding,4,0,,,,delete,
216852,Housing Equality,1,3,Housing,keyword_match,medium,merge_to_canonical,7201.0
216853,NYCEM,1,0,,,,delete,
216854,Aging (6711,1,2,Seniors,keyword_match,medium,merge_to_canonical,7546.0
216915,Alcoholism and Substance Use Disorder,1,3,Opioid & Substance Use,keyword_match,medium,merge_to_canonical,
216984,Mortgage Recording Tax,1,0,Taxes,keyword_match,medium,merge_to_canonical,7626.0
216985,Home Affordability,1,1,Affordability,keyword_match,medium,merge_to_canonical,9076.0
216986,First-Time Homebuyers,2,1,,,,delete,
216987,New York State Senate Leadership,2,1,,,,delete,
216988,Liaison to the Executive Branch,2,1,,,,delete,
217180,Prisons; Corrections Officers; DOCCS; HALT Act,16,12,Criminal Justice Reform,semicolon_first_term_keyword,medium,merge_to_canonical,8546.0
217260,CLCPA Mandates,15,0,Climate Change,keyword_match,medium,merge_to_canonical,6841.0
217261,Energy Ban,1,1,Energy,keyword_match,medium,merge_to_canonical,7026.0
217262,Inaugural Intergovernmental,1,0,,,,delete,
217357,Extreme Winter Recovery; Winter Storm; Snow & Ice; Building Collapse; Public Safety,2,1,,,,delete,
217405,Community Benefits Agreement,1,0,,,,delete,
217447,2025 Women of Distinction,53,4,Women of Distinction,keyword_match,medium,merge_to_canonical,8989.0
217522,2025 Veterans Hall of Fame,12,2,Veterans,keyword_match,medium,merge_to_canonical,7691.0
217589,Climate Resilience,7,5,,,,delete,
217590,Resiliency; Storms; New York State;,1,1,,,,delete,
217740,Wage Theft,2,0,,,,delete,
217904,Temporary Disability Insurance,1,1,Insurance,keyword_match,medium,merge_to_canonical,7236.0
217971,Uber/Lyft,1,0,,,,delete,
217972,AG James,1,1,,,,delete,
217973,Settlement,1,1,,,,delete,
217974,NYTWA,1,0,,,,delete,
218168,Prison crisis; local roads and bridges,1,1,Criminal Justice Reform,semicolon_first_term_keyword,medium,merge_to_canonical,8546.0
218263,illegal immigration; border crisis,1,3,Immigration,semicolon_first_term_keyword,medium,merge_to_canonical,7221.0
218268,Small Business Tax Credits,1,0,Small Business,keyword_match,medium,merge_to_canonical,7561.0
218269,Supporting Local Journalism,1,0,,,,delete,
218270,Save Community Journalism,1,0,,,,delete,
218328,2025 Senate One-House Budget Resolution,4,5,Budget,keyword_match,medium,merge_to_canonical,6786.0
218369,Stony Point,3,0,,,,delete,
218407,ACT Rule,1,2,,,,delete,
218426,Mahmoud Khalil,1,0,,,,delete,
218639,nyu lango,0,0,,,,delete,
218715,Affordable Waste Reduction Act,2,4,,,,delete,
218716,Trash Reduction,1,1,,,,delete,
218717,protecting consumers,1,0,,,,delete,
218718,investment in recycling infrastructure,1,1,Infrastructure,keyword_match,medium,merge_to_canonical,4521.0
218721,US DOE,1,0,,,,delete,
218722,Community Baby Shower,2,0,,,,delete,
218723,SUNY Upstate,1,0,Higher Education,keyword_match,medium,merge_to_canonical,7176.0
218766,Katonah-Lewisboro School District,1,0,Education,keyword_match,medium,merge_to_canonical,7001.0
218844,Financial Control Board,9,0,,,,delete,
219060,Clean Natural Gas,3,2,Energy,keyword_match,medium,merge_to_canonical,7026.0
219132,DEP,1,0,,,,delete,
219133,Water Board,1,0,,,,delete,
219191,Elephant Hotel,1,0,,,,delete,
219199,NYC Abortion Guide,1,0,Reproductive Rights,keyword_match,medium,merge_to_canonical,9346.0
219238,100-Year Anniversary,1,5,,,,delete,
219239,Merriweather Family,1,0,,,,delete,
219346,Assembly Majority,4,1,,,,delete,
219368,Medicaid Cuts,2,2,Medicaid,keyword_match,medium,merge_to_canonical,7331.0
219369,ICE Raids,2,2,,,,delete,
219370,Robert F. Kennedy Jr.,1,0,,,,delete,
219371,Morris Heights,1,0,,,,delete,
219372,PPL,4,2,,,,delete,
219381,American Heart Association,2,1,,,,delete,
219422,robert brooks,1,0,,,,delete,
219423,Halt Act,4,2,,,,delete,
219513,2025-26 Budget; schools,2,5,Budget,semicolon_first_term_keyword,medium,merge_to_canonical,6786.0
219514,2025-26 Budget; infrastructure,1,6,Budget,semicolon_first_term_keyword,medium,merge_to_canonical,6786.0
219520,Paper Shredding Event,10,1,,,,delete,
219526,Lieutenant Governor; Good Government Reform,1,0,,,,delete,
219527,HOLOCAUST SURVIVOR,1,0,,,,delete,
219528,Kindertransport,1,0,,,,delete,
219561,Firefighter and EMS Additional Protection,1,0,First Responders,keyword_match,medium,merge_to_canonical,8930.0
219562,Class Size Law,2,0,,,,delete,
219563,Teacher,2,0,,,,delete,
219573,United Auto Workers (UAW),1,1,,,,delete,
219574,Criminal Justice; Public Safety; Parole,2,3,Criminal Justice Reform,semicolon_first_term_seed,high,merge_to_canonical,8546.0
219587,Housing Resources,1,2,Housing,keyword_match,medium,merge_to_canonical,7201.0
219591,involuntary commitment,2,0,,,,delete,
219623,Long Island Motor Parkway,1,0,,,,delete,
219624,Trade Unions,3,0,,,,delete,
219761,Jazz Appreciation Month,2,0,,,,delete,
219798,Town of Kent,3,0,,,,delete,
219799,Police Vehicles,1,0,First Responders,keyword_match,medium,merge_to_canonical,8930.0
219823,New York Wines,1,0,,,,delete,
219938,Community Board 10,1,0,,,,delete,
219939,Happy Easter,2,0,,,,delete,
220066,Townsend Harris High School,1,0,Education,keyword_match,medium,merge_to_canonical,7001.0
220067,Assemblymember Nily Rozic,1,0,,,,delete,
220121,City of Dunkirk,6,0,,,,delete,
220129,Intimate Images,2,0,,,,delete,
220130,Victim Coercion,2,0,,,,delete,
220149,Business Appreciation Day,1,0,,,,delete,
220164,5K,1,0,,,,delete,
220195,ACT Rule; CLCPA; Electric Trucks and Vehicles; EPA,1,1,,,,delete,
220202,Biosolids,2,0,,,,delete,
220247,Merwil Gutierrez,1,0,,,,delete,
220248,El Salvador,1,0,,,,delete,
220252,Dr Oz,1,0,,,,delete,
220279,Touro Law Center,2,0,,,,delete,
220280,With Liberty and Justice for All Ceremony,2,0,,,,delete,
220281,Elected Official of the Year,2,0,,,,delete,
220313,Black Women's History Month,1,1,,,,delete,
220526,Women of Distinction,1,0,Women of Distinction,seed_exact,high,merge_to_canonical,8989.0
220527,Women of Distinction,1,0,Women of Distinction,seed_exact,high,merge_to_canonical,8989.0
220528,Mother's Day 2025,1,0,,,,delete,
220529,Women of Distinction,1,0,Women of Distinction,seed_exact,high,merge_to_canonical,8989.0
220530,Women of Distinction,1,0,Women of Distinction,seed_exact,high,merge_to_canonical,8989.0
220531,Women of Distinction,1,0,Women of Distinction,seed_exact,high,merge_to_canonical,8989.0
220532,Women of Distinction,1,0,Women of Distinction,seed_exact,high,merge_to_canonical,8989.0
220548,National Small Business Week,3,0,Small Business,keyword_match,medium,merge_to_canonical,7561.0
220549,Bayside BID,1,0,,,,delete,
220550,Flushing BID,1,0,,,,delete,
220562,Women of Distinction,1,0,Women of Distinction,seed_exact,high,merge_to_canonical,8989.0
220563,Women of Distinction,1,0,Women of Distinction,seed_exact,high,merge_to_canonical,8989.0
220564,Women of Distinction,1,0,Women of Distinction,seed_exact,high,merge_to_canonical,8989.0
220565,Women of Distinction,1,0,Women of Distinction,seed_exact,high,merge_to_canonical,8989.0
220566,Women of Distinction,1,0,Women of Distinction,seed_exact,high,merge_to_canonical,8989.0
220567,Women of Distinction,1,0,Women of Distinction,seed_exact,high,merge_to_canonical,8989.0
220568,Women of Distinction,1,0,Women of Distinction,seed_exact,high,merge_to_canonical,8989.0
220569,Women of Distinction,1,0,Women of Distinction,seed_exact,high,merge_to_canonical,8989.0
220570,Women of Distinction,1,0,Women of Distinction,seed_exact,high,merge_to_canonical,8989.0
220571,Women of Distinction,1,0,Women of Distinction,seed_exact,high,merge_to_canonical,8989.0
220572,Women of Distinction,1,0,Women of Distinction,seed_exact,high,merge_to_canonical,8989.0
220573,Women of Distinction,1,0,Women of Distinction,seed_exact,high,merge_to_canonical,8989.0
220574,Women of Distinction,1,0,Women of Distinction,seed_exact,high,merge_to_canonical,8989.0
220575,Women of Distinction,1,0,Women of Distinction,seed_exact,high,merge_to_canonical,8989.0
220576,Women of Distinction,1,0,Women of Distinction,seed_exact,high,merge_to_canonical,8989.0
220577,Women of Distinction,1,0,Women of Distinction,seed_exact,high,merge_to_canonical,8989.0
220578,Women of Distinction,1,0,Women of Distinction,seed_exact,high,merge_to_canonical,8989.0
220579,Women of Distinction,1,0,Women of Distinction,seed_exact,high,merge_to_canonical,8989.0
220580,Women of Distinction,1,0,Women of Distinction,seed_exact,high,merge_to_canonical,8989.0
220581,Women of Distinction,1,0,Women of Distinction,seed_exact,high,merge_to_canonical,8989.0
220582,Women of Distinction,1,0,Women of Distinction,seed_exact,high,merge_to_canonical,8989.0
220583,Women of Distinction,1,0,Women of Distinction,seed_exact,high,merge_to_canonical,8989.0
220584,Women of Distinction,1,0,Women of Distinction,seed_exact,high,merge_to_canonical,8989.0
220585,Women of Distinction,1,0,Women of Distinction,seed_exact,high,merge_to_canonical,8989.0
220586,Women of Distinction,1,0,Women of Distinction,seed_exact,high,merge_to_canonical,8989.0
220587,Women of Distinction,1,0,Women of Distinction,seed_exact,high,merge_to_canonical,8989.0
220588,Women of Distinction,1,0,Women of Distinction,seed_exact,high,merge_to_canonical,8989.0
220589,Women of Distinction,1,0,Women of Distinction,seed_exact,high,merge_to_canonical,8989.0
220590,Women of Distinction,1,0,Women of Distinction,seed_exact,high,merge_to_canonical,8989.0
220591,Women of Distinction,1,0,Women of Distinction,seed_exact,high,merge_to_canonical,8989.0
220592,Women of Distinction,1,0,Women of Distinction,seed_exact,high,merge_to_canonical,8989.0
220593,Women of Distinction,1,0,Women of Distinction,seed_exact,high,merge_to_canonical,8989.0
220594,Women of Distinction,1,0,Women of Distinction,seed_exact,high,merge_to_canonical,8989.0
220595,Women of Distinction,1,0,Women of Distinction,seed_exact,high,merge_to_canonical,8989.0
220596,Women of Distinction,1,0,Women of Distinction,seed_exact,high,merge_to_canonical,8989.0
220597,Women of Distinction,1,0,Women of Distinction,seed_exact,high,merge_to_canonical,8989.0
220598,Women of Distinction,1,0,Women of Distinction,seed_exact,high,merge_to_canonical,8989.0
220599,Women of Distinction,1,0,Women of Distinction,seed_exact,high,merge_to_canonical,8989.0
220600,Women of Distinction,1,0,Women of Distinction,seed_exact,high,merge_to_canonical,8989.0
220601,Women of Distinction,1,0,Women of Distinction,seed_exact,high,merge_to_canonical,8989.0
220602,Women of Distinction,1,0,Women of Distinction,seed_exact,high,merge_to_canonical,8989.0
220603,Women of Distinction,1,0,Women of Distinction,seed_exact,high,merge_to_canonical,8989.0
220604,Women of Distinction,1,0,Women of Distinction,seed_exact,high,merge_to_canonical,8989.0
220605,Women of Distinction,1,0,Women of Distinction,seed_exact,high,merge_to_canonical,8989.0
220606,Women of Distinction,1,0,Women of Distinction,seed_exact,high,merge_to_canonical,8989.0
220607,Women of Distinction,1,0,Women of Distinction,seed_exact,high,merge_to_canonical,8989.0
220608,Women of Distinction,1,0,Women of Distinction,seed_exact,high,merge_to_canonical,8989.0
220612,Women of Distinction,1,0,Women of Distinction,seed_exact,high,merge_to_canonical,8989.0
220613,Women of Distinction,1,0,Women of Distinction,seed_exact,high,merge_to_canonical,8989.0
220614,Women of Distinction,1,0,Women of Distinction,seed_exact,high,merge_to_canonical,8989.0
220615,Women of Distinction,1,0,Women of Distinction,seed_exact,high,merge_to_canonical,8989.0
220620,Women of Distinction,1,0,Women of Distinction,seed_exact,high,merge_to_canonical,8989.0
220621,Women of Distinction,1,0,Women of Distinction,seed_exact,high,merge_to_canonical,8989.0
220622,Women of Distinction,1,0,Women of Distinction,seed_exact,high,merge_to_canonical,8989.0
220623,Women of Distinction,1,0,Women of Distinction,seed_exact,high,merge_to_canonical,8989.0
220624,Women of Distinction,1,0,Women of Distinction,seed_exact,high,merge_to_canonical,8989.0
220625,Women of Distinction 2025,2,0,Women of Distinction,keyword_match,medium,merge_to_canonical,8989.0
220628,Firehouse mural,1,0,,,,delete,
220629,bb.q Chicken USA,1,0,,,,delete,
220796,2025-26 Budget,3,8,Budget,keyword_match,medium,merge_to_canonical,6786.0
221042,Social Worker Protections,3,0,,,,delete,
221043,CSEA,1,0,,,,delete,
221044,Child Protection Services,1,1,Children,keyword_match,medium,merge_to_canonical,6816.0
221064,Malcolm X,2,0,,,,delete,
221065,Black Liberation,1,0,,,,delete,
221084,Road Salt Reduction,1,0,,,,delete,
221181,Veterans Mental Health Awareness,2,1,Health Care,keyword_match,medium,merge_to_canonical,7166.0
221260,Memorial Day 2025,2,0,,,,delete,
221263,Diabetes (9469,0,0,,,,delete,
221264,BMI,3,0,,,,delete,
221265,S634B,1,0,,,,delete,
221266,Mexican Heritage,1,0,,,,delete,
221321,Clean Fuel Standard,1,0,,,,delete,
221322,EV Vehicles,1,0,,,,delete,
221326,Community Services for Veterans,1,0,Veterans,keyword_match,medium,merge_to_canonical,7691.0
221350,Veterans; Tax Relief,1,0,Veterans,semicolon_first_term_seed,high,merge_to_canonical,7691.0
221363,Harlem History,3,0,,,,delete,
221391,Dairy Farms; Farmers; Agriculture,1,1,,,,delete,
221402,child safety seat inspection,1,0,Public Safety,keyword_match,medium,merge_to_canonical,8316.0
221410,2025 Veterans Hall of Fame,1,2,Veterans,keyword_match,medium,merge_to_canonical,7691.0
221411,2025 Veterans Hall of Fame,1,2,Veterans,keyword_match,medium,merge_to_canonical,7691.0
221487,Jewish American Heritage Month,3,0,,,,delete,
221491,Bottle,1,0,,,,delete,
221492,redemption centers,1,1,,,,delete,
221506,U.S. Marine Corps Veteran,1,0,,,,delete,
221507,Paws of War,1,0,,,,delete,
221508,West Babylon,1,0,,,,delete,
221519,2025 Woman of Distinction,4,2,,,,delete,
221524,Extreme Weather,2,0,,,,delete,
221528,Severe Storms,1,0,,,,delete,
221529,Storm Damage,1,0,,,,delete,
221544,Fare Evasion,2,0,,,,delete,
221739,Veterans Advisory Council,3,0,Veterans,keyword_match,medium,merge_to_canonical,7691.0
221742,School Security Guards,1,0,Education,keyword_match,medium,merge_to_canonical,7001.0
221743,Security Guard Training,1,0,,,,delete,
221752,Property Tax Equalization Rates,1,0,Taxes,keyword_match,medium,merge_to_canonical,7626.0
221753,Farmingdale and Amityville School Districts,1,0,Education,keyword_match,medium,merge_to_canonical,7001.0
221754,Nassau and Suffolk Counties,3,0,,,,delete,
221755,asian,0,0,,,,delete,
221769,Cardiac Emergency Response Plan,1,0,,,,delete,
221770,Desha's Law,1,0,,,,delete,
221772,Wilton NY,2,0,,,,delete,
221773,2025 Senate Session,2,6,,,,delete,
221774,2025 Legislation,2,6,,,,delete,
221781,AANHPI,3,1,,,,delete,
221782,AANHPI Curriculum,1,1,,,,delete,
221786,District 50,45,0,,,,delete,
221788,Child Social Media Influencers,1,0,Technology Policy,keyword_match,medium,merge_to_canonical,
221789,Minors,2,0,,,,delete,
221791,Summer Activities Guide,1,1,,,,delete,
221795,Fiscal Crisis,1,0,,,,delete,
221797,Birthright citizenship,1,2,,,,delete,
221798,constitutional protections,2,0,,,,delete,
221799,Supreme Court Ruling,2,1,Judiciary,keyword_match,medium,merge_to_canonical,7271.0
221800,Teatown Lake Reservation,1,0,,,,delete,
221801,FY2025-2026 State Budget,3,0,Budget,keyword_match,medium,merge_to_canonical,6786.0
221802,Library Aid,1,0,Libraries,keyword_match,medium,merge_to_canonical,8131.0
221803,Community learning,1,0,,,,delete,
221806,New York State Senate Summer Reading Program,5,0,,,,delete,
221807,Summer Slide,1,0,,,,delete,
221808,School Aged Children,1,0,Education,keyword_match,medium,merge_to_canonical,7001.0
221809,Certificate of Achievement,1,0,,,,delete,
221810,Big Beautiful Bill,3,1,,,,delete,
221816,Veterans Recognition Program,1,0,Veterans,keyword_match,medium,merge_to_canonical,7691.0
221870,Warsaw,1,0,,,,delete,
221871,State-Native American Relations,1,0,,,,delete,
221872,Document Shredding,2,0,,,,delete,
221874,Veteran Recognition,2,0,,,,delete,
221875,cultrual afiars,0,0,,,,delete,
221876,Arts ed,1,0,Arts & Culture,keyword_match,medium,merge_to_canonical,80871.0
221877,2025-2026 Budget,2,7,Budget,keyword_match,medium,merge_to_canonical,6786.0
221878,El barrio,0,0,,,,delete,
221879,Puerto Rican culture,2,0,,,,delete,
221880,Summer and Pools,1,0,,,,delete,
221881,Bronx Zoo,1,0,,,,delete,
221882,NYS wine and grape industry,2,0,,,,delete,
221883,Law Enforcement Agency Funding,1,0,First Responders,keyword_match,medium,merge_to_canonical,8930.0
221884,Big Ugly Bill,1,0,,,,delete,
221885,Congresswoman Meng,1,0,,,,delete,
221887,OTDA; SNAP,1,2,,,,delete,
221888,Clifton,0,0,,,,delete,
221891,Cyber Hacks on Governments,0,0,,,,delete,
221892,network safety,1,0,,,,delete,
221893,Cyber Attacks on Governments,1,0,,,,delete,
221896,North Babylon,1,0,,,,delete,
221897,Backpack and School Supply Distribution,6,2,Education,keyword_match,medium,merge_to_canonical,7001.0
221899,Cheektowaga Town Park Jazz Fest,1,0,,,,delete,
221901,Community Blood Drive,4,0,,,,delete,
221904,Seal of Civic Readiness,1,0,,,,delete,
221905,engineering,1,0,,,,delete,
221906,Vision Screening,2,0,,,,delete,
221907,Tzu Chi Foundation,2,0,,,,delete,
221908,legionnaire's Disease,1,0,,,,delete,
221968,Emergency First Responders,5,0,First Responders,keyword_match,medium,merge_to_canonical,8930.0
221969,Energy Capacity,1,1,Energy,keyword_match,medium,merge_to_canonical,7026.0
221970,National Volunteer Firefighters Recognition Day,1,2,First Responders,keyword_match,medium,merge_to_canonical,8930.0
221971,Community Barbecue,2,0,,,,delete,
221972,Wheatly Heights,1,0,,,,delete,
221985,Pinwheels for Peace,1,0,,,,delete,
221986,Cashless Ban,1,0,,,,delete,
221987,Energy costs; PSC,4,1,Energy,semicolon_first_term_keyword,medium,merge_to_canonical,7026.0
221990,Wildlife Management,1,2,,,,delete,
221993,Energy costs;  2025 Draft Energy Plan; Public Input,2,0,Energy,semicolon_first_term_keyword,medium,merge_to_canonical,7026.0
221998,S6865,1,0,,,,delete,
221999,A8386,1,0,,,,delete,
222000,We Need A Plan Not A Ban,4,1,,,,delete,
222060,Utility Rates,3,2,Utilities,keyword_match,medium,merge_to_canonical,7686.0
222061,Peekskill Fire Department,1,0,,,,delete,
222066,September 11th Terrorist Attacks,4,0,,,,delete,
222067,Police Accidental Disability Retirement Benefits,2,0,First Responders,keyword_match,medium,merge_to_canonical,8930.0
222068,Ground Zero Related Illnesses,2,0,,,,delete,
222069,September 11th Responders,2,0,,,,delete,
222070,Bridge Renaming,2,0,,,,delete,
222071,veterans iss,0,0,Veterans,keyword_match,medium,merge_to_canonical,7691.0
222075,Treatment Expansion,1,0,,,,delete,
222100,MACNY,1,0,,,,delete,
222105,Syracuse Officer Michael E. Jensen,1,0,,,,delete,
222106,Medical Aid in Dying Act,6,3,,,,delete,
222108,Jake Arcara,1,0,,,,delete,
222109,Children's Village,1,0,Children,keyword_match,medium,merge_to_canonical,6816.0
222110,John F. McArdle,1,0,,,,delete,
222111,Route 301 Designation,1,0,,,,delete,
222112,Ground Zero,1,0,,,,delete,
222113,University Housing,2,0,Higher Education,keyword_match,medium,merge_to_canonical,7176.0
222114,Bill Signing,4,0,,,,delete,
222115,Animal Abuse; Animal care; Companion Animals; Registry,2,6,Animal Welfare,semicolon_first_term_keyword,medium,merge_to_canonical,9462.0
222120,Optics and Photonics,1,0,,,,delete,
222153,Route 133,1,0,,,,delete,
222154,Critical Repaving Projects,1,0,,,,delete,
222155,Hadley NY,1,0,,,,delete,
222162,PROTECT Act,3,2,,,,delete,
222163,Small Business;,1,0,Small Business,semicolon_first_term_seed,high,merge_to_canonical,7561.0
222166,Sergeant James S. Hayes Memorial Highway,1,0,Transportation,keyword_match,medium,merge_to_canonical,7656.0
222167,SPCA Westchester,1,0,,,,delete,
222172,NESE Pipeline,2,1,,,,delete,
222173,Energy Reliability,2,1,Energy,keyword_match,medium,merge_to_canonical,7026.0
222176,Internet technology,1,1,Technology Policy,keyword_match,medium,merge_to_canonical,
222227,Hospital Care,4,0,Health Care,keyword_match,medium,merge_to_canonical,7166.0
222231,Safe Halloween,3,0,,,,delete,
222240,Firefighters and First Responders,2,1,First Responders,keyword_match,medium,merge_to_canonical,8930.0
222248,and Community  Development,1,1,,,,delete,
222249,Petrisino Association,1,0,,,,delete,
222250,IAMPAC,1,0,,,,delete,
222251,State budget; government spending; deficits,1,0,Budget,semicolon_first_term_seed,high,merge_to_canonical,6786.0
222259,Red Light Cameras,1,0,,,,delete,
222262,Putnam SPCA,1,0,,,,delete,
222263,Anti-Hunger Programs,2,3,Nutrition,keyword_match,medium,merge_to_canonical,7411.0
222264,farming; agriculture,1,0,Agriculture,semicolon_first_term_keyword,medium,merge_to_canonical,6716.0
222311,Volunteer First Responders,4,0,First Responders,keyword_match,medium,merge_to_canonical,8930.0
222312,volunteer emergency services members,3,0,,,,delete,
222313,Golden Trumpet Award,3,0,,,,delete,
222314,Adirondack Forest Preserve,1,2,,,,delete,
222347,winter sports,1,0,,,,delete,
222348,Food Allergens,1,0,,,,delete,
222354,Manlius,2,0,,,,delete,
222355,Onondaga County,23,0,,,,delete,
222356,Fare Share Act,1,0,,,,delete,
222357,Wealthiest,1,1,,,,delete,
222358,Working people,1,1,,,,delete,
222359,Equine Therapy,1,1,,,,delete,
222360,Veterans Care,2,0,Veterans,keyword_match,medium,merge_to_canonical,7691.0
222363,Economic Development (6996,1,0,Economic Development,keyword_match,medium,merge_to_canonical,6996.0
222364,Check Presentation; Support for Local Organizations; Bronx House,1,0,,,,delete,
222365,Federal Reconciliation Bill; Budget Cuts; Medicaid Cuts,1,1,,,,delete,
222366,Seniors; Community Event; Senior Health Fair,1,0,Seniors,semicolon_first_term_seed,high,merge_to_canonical,7546.0
222367,Public Safety; Williamsbridge Oval Park,1,0,Public Safety,semicolon_first_term_seed,high,merge_to_canonical,8316.0
222369,Check Presentation; Support for Local Organizations; West Bronx Housing and Neighborhood Resource Center,1,0,,,,delete,
222370,Immigration; Funding; Support for Local Organizations; NMIC,1,2,Immigration,semicolon_first_term_seed,high,merge_to_canonical,7221.0
222371,Funding; Support for Local Organizations; POTS,1,0,,,,delete,
222372,Funding; Support for Local Organizations; RNH,1,0,,,,delete,
222373,Funding; Support for Local Organizations; KRVC,1,0,,,,delete,
222374,Funding; Support for Local Organizations; Maternal Health; The Bronx Health Link,1,0,,,,delete,
222375,Economic Development; Kingsbridge Armory,1,0,Economic Development,semicolon_first_term_seed,high,merge_to_canonical,6996.0
222376,Elections; New York City; Zohran Mamdani,1,0,Elections,semicolon_first_term_seed,high,merge_to_canonical,7011.0
222377,Protecting Small Businesses,1,0,Small Business,keyword_match,medium,merge_to_canonical,7561.0
222378,Protecting Jobs,1,0,Jobs & Employment,keyword_match,medium,merge_to_canonical,7261.0
222380,north syracuse,1,0,,,,delete,
222383,naturalization ceremony,2,0,,,,delete,
222384,Police Radios,1,0,First Responders,keyword_match,medium,merge_to_canonical,8930.0
222419,small business; local economies,1,1,Small Business,semicolon_first_term_seed,high,merge_to_canonical,7561.0
222420,Southern Tier robotics; STEM education,1,0,,,,delete,
222421,License Plate Fraud,2,0,Transportation,keyword_match,medium,merge_to_canonical,7656.0
222422,Town of Geddes,1,0,,,,delete,
222423,Street Sweeper,1,0,,,,delete,
222424,rochester city school,1,0,Education,keyword_match,medium,merge_to_canonical,7001.0
222425,dolly parton,1,0,,,,delete,
222431,State Budget; transparency and accountability,1,0,Budget,semicolon_first_term_seed,high,merge_to_canonical,6786.0
222432,2026 Legislative Session,92,12,,,,delete,
222446,Christmas tree menorah and kinara lighting ceremony,2,0,,,,delete,
222451,In the Line of Duty Death,3,0,,,,delete,
222452,Fire and Ambulance Volunteer Property Taxes,1,0,Taxes,keyword_match,medium,merge_to_canonical,7626.0
222507,100-foot rule,1,3,,,,delete,
222520,Katonah,2,0,,,,delete,
222521,Wreaths Across America,1,0,,,,delete,
222527,Soldiers,1,0,,,,delete,
222602,City of Oswego,1,0,,,,delete,
222603,Roadway Safety Improvement Funding,1,0,,,,delete,
222604,Christmas 2025,1,0,,,,delete,
222606,Assembly Member Lavine,1,0,,,,delete,
222607,NY Public Schools,2,2,Education,keyword_match,medium,merge_to_canonical,7001.0
222608,NYC Chancellor,1,0,,,,delete,
222900,Surviving Spouses,2,0,,,,delete,
222901,National Law Enforcement Appreciation Day,2,0,First Responders,keyword_match,medium,merge_to_canonical,8930.0
222908,Hauppauge,1,0,,,,delete,
222909,Drugged Driving,1,0,,,,delete,
222928,Oneida High School,0,0,Education,keyword_match,medium,merge_to_canonical,7001.0
222930,Veterans; Cell Phones For Soldiers; Military; Military Families,1,0,Veterans,semicolon_first_term_seed,high,merge_to_canonical,7691.0
222931,Save New York legislative agenda,3,1,,,,delete,
222947,#StateOfDistrict #2026Plans #District10,1,4,,,,delete,
222948,#FathersDay #FatherFest #FamilyFunDay,1,3,,,,delete,
222951,#CaribbeanCulture #Carnival #FamilyFunDay #Beach #Vendor #Community #Culture,1,2,,,,delete,
222962,2026 State of the State,13,4,,,,delete,
222963,Immigration Community,1,3,Immigration,keyword_match,medium,merge_to_canonical,7221.0
222964,Saturday office hours,3,1,,,,delete,
223022,#AfricanAmerican #Africa #Culture #Food #Experience #Caucus #Fashion #TasteOfAfrica,1,6,,,,delete,
223030,prison reuse,1,0,Criminal Justice Reform,keyword_match,medium,merge_to_canonical,8546.0
223046,self employed,1,0,,,,delete,
223064,2026-27 State Budget,16,8,Budget,keyword_match,medium,merge_to_canonical,6786.0
223068,HAVP,3,0,,,,delete,
223069,Housing Access Voucher Program,1,2,Housing,keyword_match,medium,merge_to_canonical,7201.0
223077,2026-2027 state budget,25,11,Budget,keyword_match,medium,merge_to_canonical,6786.0
223083,911 operations,2,1,,,,delete,
223206,Funding for Senate District 4,2,0,,,,delete,
223211,Utility costs; affordability; ratepayers,8,2,Utilities,semicolon_first_term_keyword,medium,merge_to_canonical,7686.0
223215,Dunkirk Financial Problems,2,0,,,,delete,
223217,Maple Avenue Middle School,1,0,Education,keyword_match,medium,merge_to_canonical,7001.0
223243,#FAPA #foreclosure #CourtOfAppeal,1,2,Housing,keyword_match,medium,merge_to_canonical,7201.0
223244,Press Conference,6,0,,,,delete,
223255,Rest Act,1,1,,,,delete,
223265,2025 Legislative Survey,1,0,,,,delete,
223266,2026 Women of Distinction,60,0,Women of Distinction,keyword_match,medium,merge_to_canonical,8989.0
223274,international woman's day,1,0,,,,delete,
223356,Government Corruption,1,0,Ethics,keyword_match,medium,merge_to_canonical,7051.0
223360,#Rockaways #StopDrowning #Stakeholders #Community #Safety,1,4,,,,delete,
223361,NYCOM,1,0,,,,delete,
223386,#KnowYourRights #Immigration #ICE,4,26,Immigration,keyword_match,medium,merge_to_canonical,7221.0
223406,#WomenInMilitary #WomenMonth #CelebratingWomen,2,5,Veterans,keyword_match,medium,merge_to_canonical,7691.0
223412,New York State Thruway; Cashless Tolling; Transportation; E-ZPass,1,0,,,,delete,
223419,New York State Persistent Domestic Violence Offender Registry,1,1,Domestic Violence,keyword_match,medium,merge_to_canonical,6971.0
223421,Save NY; tax relief; spending cap,1,0,,,,delete,
223439,DMV; Transportation; Deed Fraud,1,0,Transportation,semicolon_first_term_keyword,medium,merge_to_canonical,7656.0
223462,college resource fair,1,0,Higher Education,keyword_match,medium,merge_to_canonical,7176.0
223479,Scholarships,1,0,,,,delete,
223480,NYC Chancellor Samuels,1,0,,,,delete,
223489,2026-27 state budget; Medicaid spending,2,3,Budget,semicolon_first_term_keyword,medium,merge_to_canonical,6786.0
223495,Childhood Literacy,4,2,,,,delete,
223497,Veterans Advocacy,1,0,Veterans,keyword_match,medium,merge_to_canonical,7691.0
223499,Stillwater NY,1,0,,,,delete,
223503,Budget Hearing,1,0,Budget,keyword_match,medium,merge_to_canonical,6786.0
223504,2026-27 Budget,3,5,Budget,keyword_match,medium,merge_to_canonical,6786.0
223643,Black Puerto Rican Hispanic Asian Legislative Conference,1,0,,,,delete,
223644,Caucus Weekend 2026,4,0,,,,delete,
223688,infrastructure improvements,2,2,Infrastructure,keyword_match,medium,merge_to_canonical,4521.0
223691,2026 Veterans Hall of Fame,58,1,Veterans,keyword_match,medium,merge_to_canonical,7691.0
223780,city of buffalo,1,0,,,,delete,
223816,Schenectady County,4,0,,,,delete,
223823,Energy costs; Utilities: CLCPA; Green Energy; Affordability,14,6,Energy,semicolon_first_term_keyword,medium,merge_to_canonical,7026.0
223846,New York State Senate Educator Recognition Program Awards,2,0,,,,delete,
223852,2026 Veterans Hall of Fame; Women of Distinction,1,0,Veterans,semicolon_first_term_keyword,medium,merge_to_canonical,7691.0
223938,26 Federal Plaza,1,1,,,,delete,
223939,Congresswoman Nydia Velazquez,1,0,,,,delete,
223940,Mayor Zohran Mamdani,1,0,,,,delete,
223941,Foreign Affairs; Military Intervention; Venezuela,1,0,,,,delete,
223942,Environmental Justice; Bucks for Boilers Act; Climate Change,1,1,Environment,semicolon_first_term_keyword,medium,merge_to_canonical,7036.0
224086,Acupuncture,2,2,,,,delete,
224087,Assembly Member Kim,1,0,,,,delete,
224091,Assemblymember Burdick,1,0,,,,delete,
224092,Assemblymember Burdick,0,0,,,,delete,
224093,2026-27 State budget; local roads and bridges; CHIPS,1,6,Budget,semicolon_first_term_keyword,medium,merge_to_canonical,6786.0
224127,#legal #immigration #familylaw #realestate,1,7,Immigration,keyword_match,medium,merge_to_canonical,7221.0
224133,Annsville Circle,1,0,,,,delete,
224271,NYCPS,1,0,,,,delete,
224282,Shrub Oak,3,1,,,,delete,
224283,John C. Hart Memorial Library,1,0,Libraries,keyword_match,medium,merge_to_canonical,8131.0
224297,medical misconduct,1,1,,,,delete,
224313,2026-2027 New York State Budget,33,8,Budget,keyword_match,medium,merge_to_canonical,6786.0
224338,#FacialRecognition #Privacy #Innovation #Accountability,1,20,Ethics,keyword_match,medium,merge_to_canonical,7051.0
224339,#SchoolSafety #Schoolbus #Transportation,1,4,Transportation,keyword_match,medium,merge_to_canonical,7656.0
224351,One-House Budget Resolution,3,2,Budget,keyword_match,medium,merge_to_canonical,6786.0
224357,Cashless Businesses; Affordability; Cash,1,0,,,,delete,
224400,Punitive Administrative Fee,1,0,,,,delete,
224401,United States Immigration and Customs Enforcement,1,1,Immigration,keyword_match,medium,merge_to_canonical,7221.0
224402,Holding Cell Conditions,1,0,,,,delete,
224424,EV buses,2,0,,,,delete,
224447,2026-27 State Budget; education aid,3,10,Budget,semicolon_first_term_keyword,medium,merge_to_canonical,6786.0
224599,Fourth Senatorial District,2,0,,,,delete,
224728,ORES; RAPID ACT; Local Control; Farm Land; Natural Resources,1,0,,,,delete,
224815,Intake Form,1,0,,,,delete,
224870,Schenectady Veterans,1,0,Veterans,keyword_match,medium,merge_to_canonical,7691.0
224921,hotel placements,1,0,,,,delete,
224922,Emergency shelter,1,1,,,,delete,
224946,PULP Clinic,2,0,,,,delete,
225036,#ImmigrantSeniors,1,1,Immigration,keyword_match,medium,merge_to_canonical,7221.0
225037,#HealthcarePlans,1,9,Health Care,keyword_match,medium,merge_to_canonical,7166.0
225038,#Medicaid #Medicare,1,9,Health Care,keyword_match,medium,merge_to_canonical,7166.0
225039,#WomensHistoryMonth,2,4,,,,delete,
225040,#BankingInUnderservedCommunities,1,1,Finance,keyword_match,medium,merge_to_canonical,7081.0
225041,#BankingSolutions,1,3,Finance,keyword_match,medium,merge_to_canonical,7081.0
225043,OMNY Card,2,0,,,,delete,
225044,Bruckner Commons,1,0,,,,delete,
225045,Bronx CB9,1,0,,,,delete,
225046,Building Trades,1,0,,,,delete,
225048,National Volunteer Month,1,0,,,,delete,
225049,2026 Youth Leadership Award,1,0,Children,keyword_match,medium,merge_to_canonical,6816.0
225052,ratepayer protections,1,1,Utilities,keyword_match,medium,merge_to_canonical,7686.0
225153,New York State taxing and spending; fiscal practices,1,0,,,,delete,
225165,Eagle Scout Court of Honor,1,0,,,,delete,
225170,Cub Scouts,1,0,,,,delete,
225171,Local Recognition,1,0,,,,delete,
225321,Hands Off NYC,1,0,,,,delete,
225331,Memorial Day 2026,2,0,,,,delete,
225354,Community Health Fair; De Rosa O'Boyle Triangle,1,0,Health Care,semicolon_first_term_keyword,medium,merge_to_canonical,7166.0
225380,Autism Spectrum Disorders,1,0,Developmental Disabilities,keyword_match,medium,merge_to_canonical,6956.0
225381,Public Service Jobs,1,0,Jobs & Employment,keyword_match,medium,merge_to_canonical,7261.0
225382,Expanding Employment Opportunities,1,0,Jobs & Employment,keyword_match,medium,merge_to_canonical,7261.0
225383,Autism Acceptance Month,1,0,Developmental Disabilities,keyword_match,medium,merge_to_canonical,6956.0
225418,Protecting Healthcare Workers; Hospitals; Healthcare; Medical,1,0,Health Care,semicolon_first_term_keyword,medium,merge_to_canonical,7166.0
225529,Crime Victims and Survivors,1,1,Crime,keyword_match,medium,merge_to_canonical,6926.0
225530,Sexual Assault Awareness,1,0,,,,delete,
225538,2026 Women of Distinction,3,0,Women of Distinction,keyword_match,medium,merge_to_canonical,8989.0
225551,Shepherd Patterson Notification Act,1,0,,,,delete,
225600,Bengali New Year Festival,1,1,,,,delete,
225601,Bangladesh Academy of Fine Arts,1,1,Arts & Culture,keyword_match,medium,merge_to_canonical,80871.0
225602,Free Event,1,1,,,,delete,
225658,CLCPA; ratepayer relief and transparency,2,2,Climate Change,semicolon_first_term_keyword,medium,merge_to_canonical,6841.0
225660,Cicero,1,0,,,,delete,
225671,2026 Women of Distinction,1,0,Women of Distinction,keyword_match,medium,merge_to_canonical,8989.0
225672,2026 Women of Distinction,0,0,Women of Distinction,keyword_match,medium,merge_to_canonical,8989.0
225826,STAR Exemption; Tax Relief; Affordability,1,1,Taxes,semicolon_first_term_keyword,medium,merge_to_canonical,7626.0
225876,Data Centers,7,9,Data Centers,keyword_match,medium,already_canonical,225876.0
225877,chatbots,2,1,,,,delete,
225910,surveillance pricing,2,1,,,,delete,
225977,Edeedson,0,0,,,,delete,
225978,Timely Sharing of Surveillance Footage,1,1,,,,delete,
225979,Felony Investigations,1,1,Ethics,keyword_match,medium,merge_to_canonical,7051.0
225980,Ciné Transparency Act,1,1,Ethics,keyword_match,medium,merge_to_canonical,7051.0
226070,America's 250th Birthday,2,2,,,,delete,
226071,Recitation Contest,1,0,,,,delete,
226086,PRRIA,1,1,,,,delete,
226105,Fire Service,1,0,,,,delete,
226131,Health Education,1,2,Health Care,keyword_match,medium,merge_to_canonical,7166.0
226132,School Curriculum,1,1,Education,keyword_match,medium,merge_to_canonical,7001.0
226136,Charter Revision Commissions,1,0,,,,delete,
226137,Eric Act,1,0,,,,delete,
226149,Distracted Driving; Law Enforcement; Safe Roads,1,0,,,,delete,
226162,#cybersecurity #ProtectChildren,1,6,Data Privacy,keyword_match,medium,merge_to_canonical,75986.0
226173,Bronx Community Townhall,1,0,,,,delete,
226174,PELHAM COMMUNITY TOWN HALL,1,0,,,,delete,
226175,BRONX COUNTY,1,0,,,,delete,
226176,HUNTINGTON FREE LIBRARY,1,0,Libraries,keyword_match,medium,merge_to_canonical,8131.0
226191,S3492A,0,0,,,,delete,
226195,New York State Veterans Hall of Fame; World War II; Veterans,1,0,Veterans,semicolon_first_term_keyword,medium,merge_to_canonical,7691.0
226240,Assemblymember Lee,1,0,,,,delete,
226243,Insurance coverage for gambling,1,0,Insurance,keyword_match,medium,merge_to_canonical,7236.0
226244,American Psychiatric Association,1,2,Mental Health,keyword_match,medium,merge_to_canonical,7346.0
226250,Throggs Neck Business Improvement District,1,0,,,,delete,
226335,New York State Council On The Arts; Culture; Arts,1,2,Arts & Culture,semicolon_first_term_keyword,medium,merge_to_canonical,80871.0
226344,Oswego River Basin,1,0,,,,delete,
226345,Children (6816,1,1,Children,keyword_match,medium,merge_to_canonical,6816.0
226349,Energy; Solar; Water; CLCPA,1,1,Energy,semicolon_first_term_seed,high,merge_to_canonical,7026.0
226359,Wheelchair Repair,1,0,,,,delete,
226360,Veterans Homeland Security and Military Affairs,1,0,Public Safety,keyword_match,medium,merge_to_canonical,8316.0
226361,nitrous oxi,1,0,,,,delete,
226413,America 250th Birthday,1,1,,,,delete,
226414,Time Capsule,4,0,,,,delete,
226415,NYS champions; student-athletes,2,0,,,,delete,
226416,America 250,3,1,,,,delete,
226418,cannoli challenge,1,0,,,,delete,
226419,529 College Savings,1,1,Higher Education,keyword_match,medium,merge_to_canonical,7176.0
226420,FY2026-2027 State Budget,1,1,Budget,keyword_match,medium,merge_to_canonical,6786.0
226421,FY 2027,1,0,,,,delete,
226425,School Summer Break,2,0,Education,keyword_match,medium,merge_to_canonical,7001.0
226426,Summer Learning,2,0,,,,delete,
226427,Things to Do,2,0,,,,delete,
226428,sentencing,1,1,Criminal Justice Reform,keyword_match,medium,merge_to_canonical,8546.0
226429,Corinth,1,0,,,,delete,
226432,Freedom to Read,1,0,,,,delete,
226433,Delaney Hall,1,0,,,,delete,
226435,Watkins Glen International; NASCAR; American motorsports,1,0,,,,delete,
226436,gun,0,0,Gun Control,keyword_match,medium,merge_to_canonical,7141.0
226438,Harborfest,1,0,,,,delete,
226439,Food Reform,1,0,,,,delete,
226441,Lake Appreciation Month,1,0,,,,delete,
226443,Traffic Delays,2,0,,,,delete,
226444,Brentwood - Central Islip - Wyandanch,2,0,,,,delete,
226447,Co-occurring Disorders,1,0,,,,delete,
226449,Congressman Eliot Engel,3,0,,,,delete,
226450,Public Media,1,0,,,,delete,
226451,NYSEG/RG&E Rate Case,1,0,Utilities,keyword_match,medium,merge_to_canonical,7686.0
226452,Payments to nonprofits,2,0,,,,delete,
226453,NYS regulatory reform; mandate relief,1,0,,,,delete,
226454,PFAS testing,1,0,,,,delete,
226455,Abortion Access,3,0,Reproductive Rights,keyword_match,medium,merge_to_canonical,9346.0
226456,Bronxville High School,1,0,Education,keyword_match,medium,merge_to_canonical,7001.0
226457,All-State Musicians,1,0,,,,delete,
226458,Patient Privacy,1,0,Data Privacy,keyword_match,medium,merge_to_canonical,75986.0
226459,Abortion Medication,1,0,Reproductive Rights,keyword_match,medium,merge_to_canonical,9346.0
226460,NYSUT,1,0,,,,delete,
226461,S9568-A,1,0,,,,delete,
226462,White Plains High School,1,0,Education,keyword_match,medium,merge_to_canonical,7001.0
226463,League of Women Voters,1,0,,,,delete,
226464,2026 New York State Senate Veterans Hall of Fame,1,0,Veterans,keyword_match,medium,merge_to_canonical,7691.0
226465,37th District,4,0,,,,delete,
226466,noprofit contracting system,1,0,,,,delete,
226467,#fathers #Family #Community,1,0,,,,delete,
226468,#MTA #Accessibility #Elders #Elevator,1,0,MTA,keyword_match,medium,merge_to_canonical,9222.0
226469,#RecapBill2026 #Legislations #District10 #Highlights,1,0,,,,delete,
226471,Yonkers Public Schools,3,0,Education,keyword_match,medium,merge_to_canonical,7001.0
226472,Adult Education,1,0,Education,keyword_match,medium,merge_to_canonical,7001.0
226473,Outstanding Educators,3,0,,,,delete,
226474,Bronxville Union Free School District,1,0,Education,keyword_match,medium,merge_to_canonical,7001.0
226475,Burke Rehabilitation,1,0,,,,delete,
226476,physical and medical rehabilitation,1,0,,,,delete,
226477,Corning Incorporated; 175th Anniversary,1,0,,,,delete,
226478,Verplanck,1,0,,,,delete,
226481,E-Recycling,1,0,Environment,keyword_match,medium,merge_to_canonical,7036.0
226534,Moyers Corners,1,0,,,,delete,
23614,Ambulances,6,22,,,,delete,
4506,Lindenhurst,0,2,,,,delete,
4511,business economy labor,18,105,Economic Development,keyword_match,medium,merge_to_canonical,6996.0
4516,Rural public transportation seniors Medicaid,8,45,Medicaid,keyword_match,medium,merge_to_canonical,7331.0
4521,Infrastructure,145,737,Infrastructure,seed_exact,high,already_canonical,4521.0
4526,Hispanic Heritage Community Event,9,26,,,,delete,
57206,Veteran Of the Month,1,60,,,,delete,
57207,Caregiver Workshop,4,19,,,,delete,
57208,Joseph P. Dwyer,2,3,,,,delete,
57209,Supporting Our Veterans,7,56,Veterans,keyword_match,medium,merge_to_canonical,7691.0
57214,Highway Cleanup,3,9,Transportation,keyword_match,medium,merge_to_canonical,7656.0
57215,Santa Claus,3,5,,,,delete,
57216,Ag in the Classroom,1,11,,,,delete,
57217,Contracting Opportunities,1,1,,,,delete,
57218,Student Advisory Council,13,21,Education,keyword_match,medium,merge_to_canonical,7001.0
57219,Scholarship,5,24,,,,delete,
57220,MATTHEW PATERSON ELEMENTARY SCHOOL,1,1,Education,keyword_match,medium,merge_to_canonical,7001.0
57221,Joseph P. Dwyer Veterans Peer to Peer Program,11,34,Veterans,keyword_match,medium,merge_to_canonical,7691.0
57222,Broome Developmental Center,1,3,,,,delete,
57223,Preserving Working Waterfront,3,4,,,,delete,
57224,Preserving Industrial and Manufacturing in NYC,4,6,,,,delete,
57225,First Responders Ambassador Award,1,5,First Responders,keyword_match,medium,merge_to_canonical,8930.0
57226,Primary Care,3,27,,,,delete,
57227,Contextual Rezoning,3,9,,,,delete,
57228,Neighborhood Institutions,3,7,,,,delete,
57229,Volunteerism,11,44,,,,delete,
57230,Building Stronger Communities,11,39,,,,delete,
57231,Precinct Council Meeting,11,7,,,,delete,
57232,School Resources,2,18,Education,keyword_match,medium,merge_to_canonical,7001.0
57233,Home heating,11,58,,,,delete,
57234,Livonia,1,0,,,,delete,
57240,sewer overflows,3,8,,,,delete,
57242,Food Donation,22,59,,,,delete,
57243,Small Business Saturday,3,20,Small Business,keyword_match,medium,merge_to_canonical,7561.0
57245,Sutton Place,1,1,,,,delete,
57246,Supertall Towers,2,1,,,,delete,
57248,Marine Corporal James J. Jackowski Memorial Highway,1,0,Transportation,keyword_match,medium,merge_to_canonical,7656.0
57249,Corporal James J. Jackowski,1,0,,,,delete,
57250,Session Calendar,1,20,,,,delete,
57287,Morris Houses,1,0,,,,delete,
57288,Urban Justice Center,1,3,,,,delete,
57289,Legal Settlement,3,2,,,,delete,
57290,Lead Paint,8,15,,,,delete,
57291,Housing Funding,1,23,Housing,keyword_match,medium,merge_to_canonical,7201.0
57292,Holiday Giving,23,26,,,,delete,
57293,J-51,4,10,,,,delete,
57294,Season of Giving,5,5,,,,delete,
57296,Facebook,7,12,,,,delete,
57297,Vaping,34,172,,,,delete,
57309,google,4,11,,,,delete,
57310,Psychiatric Services,4,24,Mental Health,keyword_match,medium,merge_to_canonical,7346.0
57312,Senior Health and Safety,10,51,Health Care,keyword_match,medium,merge_to_canonical,7166.0
57313,presidency,1,8,,,,delete,
57314,World AIDS Day,4,8,,,,delete,
57315,Putnam County Youth Court 30th Anniversary,1,0,Children,keyword_match,medium,merge_to_canonical,6816.0
57316,Putnam County,20,13,,,,delete,
57317,Maximum Base Rent,2,20,Tenant Rights,keyword_match,medium,merge_to_canonical,61615.0
57320,Peekskill Highschool,2,0,,,,delete,
57321,conservation,6,63,Environment,keyword_match,medium,merge_to_canonical,7036.0
57322,lakes,4,15,,,,delete,
57323,AFC Urgent Care,1,7,,,,delete,
57324,Health Disparities,4,40,Health Care,keyword_match,medium,merge_to_canonical,7166.0
57325,Blood Allergy Testing,1,2,,,,delete,
57326,Medicaid Patients,2,23,Medicaid,keyword_match,medium,merge_to_canonical,7331.0
57327,microgrids,1,3,,,,delete,
57328,NYLAG,20,15,,,,delete,
57329,New York Legal Assistance Group,8,20,,,,delete,
57330,Senator Persaud,90,57,,,,delete,
57331,Free Legal Assistance,85,233,,,,delete,
57337,NYSEG,23,53,Utilities,keyword_match,medium,merge_to_canonical,7686.0
57338,Power Outage,5,25,,,,delete,
57339,Sex trafficking,13,85,,,,delete,
57340,Urban Farm,0,1,,,,delete,
57341,Urban Farming,1,8,Agriculture,keyword_match,medium,merge_to_canonical,6716.0
57342,Transfer Schools,7,7,Education,keyword_match,medium,merge_to_canonical,7001.0
57378,WNY Children's Psychiatric Center,4,12,Mental Health,keyword_match,medium,merge_to_canonical,7346.0
57484,Net Neutrality,6,104,Technology Policy,keyword_match,medium,merge_to_canonical,
57485,Hour of Code,1,2,,,,delete,
57500,Belmont,20,15,,,,delete,
57501,Christmas,17,28,,,,delete,
57502,Maritime,1,0,,,,delete,
57503,Harbor School,1,0,Education,keyword_match,medium,merge_to_canonical,7001.0
57512,Tax Credit,18,162,Taxes,keyword_match,medium,merge_to_canonical,7626.0
57514,Community Banking,7,19,Finance,keyword_match,medium,merge_to_canonical,7081.0
57515,Community Revitalization,11,38,,,,delete,
57524,Student Programs,13,70,Education,keyword_match,medium,merge_to_canonical,7001.0
57525,Presidential Honors Program,1,1,,,,delete,
57526,Credit Reports,3,23,,,,delete,
57528,and Small Business,25,169,Small Business,keyword_match,medium,merge_to_canonical,7561.0
57529,To discuss the potential of sports betting in New York State,2,16,,,,delete,
57530,Business Improvement Districts,2,19,,,,delete,
57531,Sexual Harassment,109,220,Women's Rights,seed_exact,high,merge_to_canonical,9128.0
57532,Women's Issues,89,563,Women's Rights,seed_exact,high,merge_to_canonical,9128.0
57534,Temporary Protected Status,4,7,,,,delete,
57535,Code Enforcement,25,108,,,,delete,
57536,Senator James Tedisco,2,8,,,,delete,
57537,New York State Legislative Questionnaire,1,14,,,,delete,
57538,2018,3,41,,,,delete,
57539,Hurricane Sandy Rebuilding,8,12,,,,delete,
57540,Sexual Harassment Laws,51,95,Women's Rights,keyword_match,medium,merge_to_canonical,9128.0
57541,school bus drivers,1,7,Education,keyword_match,medium,merge_to_canonical,7001.0
57542,life saving law,1,6,,,,delete,
57548,Pension Fund,3,24,,,,delete,
57549,Elizabeth Street Garden,1,1,,,,delete,
57550,New York State Constitution Workers Rights,1,20,Labor,keyword_match,medium,merge_to_canonical,7286.0
57632,Emergency Services,24,91,,,,delete,
57633,Flooding Recovery,6,11,Environment,keyword_match,medium,merge_to_canonical,7036.0
57637,NYS Senator Young,0,6,,,,delete,
57638,2018 Legislative Survey,3,58,,,,delete,
57639,private prisons,7,40,Criminal Justice Reform,keyword_match,medium,merge_to_canonical,8546.0
57640,Rikers Island,6,22,,,,delete,
57647,Cab Companies,1,3,,,,delete,
57648,NYC Ferry,3,10,,,,delete,
57651,NYS Senator Kemp Hannon,1,3,,,,delete,
57652,workers,3,15,,,,delete,
57653,bald eagle,1,12,,,,delete,
57654,NYS Senator Pamela Helming,2,3,,,,delete,
57657,Waterways,1,17,,,,delete,
57662,Blueprint for New York,2,18,,,,delete,
57666,Senator Helming,1,7,,,,delete,
57667,NYS Senate District 54,2,13,,,,delete,
57669,school,12,104,Education,keyword_match,medium,merge_to_canonical,7001.0
57670,bail reform,128,1187,Criminal Justice Reform,seed_exact,high,merge_to_canonical,8546.0
57671,holiday clothing drive,4,11,,,,delete,
57679,Tobacco Addiction,1,13,Opioid & Substance Use,keyword_match,medium,merge_to_canonical,
57700,gun rights,10,366,Gun Control,keyword_match,medium,merge_to_canonical,7141.0
57723,Governor Andrew Cuomo,28,159,,,,delete,
57724,Department of Labor,32,297,Labor,keyword_match,medium,merge_to_canonical,7286.0
57730,Employee Scheduling,1,7,,,,delete,
57731,Call-In Pay,1,3,,,,delete,
57785,Boating Safety,24,31,,,,delete,
57825,Department of Homeless Services,2,26,Homelessness,keyword_match,medium,merge_to_canonical,10068.0
57855,Personal Income Tax Cut,3,20,Taxes,keyword_match,medium,merge_to_canonical,7626.0
57856,Lower Energy Taxes,3,41,Taxes,keyword_match,medium,merge_to_canonical,7626.0
57879,aviation industry,2,4,,,,delete,
57887,Blueprint for a Stronger New York,10,31,,,,delete,
57895,Early voting,97,455,Voting Rights,keyword_match,medium,merge_to_canonical,9001.0
57900,Environmental Conservation Committee,14,149,Environment,keyword_match,medium,merge_to_canonical,7036.0
57901,S881A,1,0,,,,delete,
57902,State Spending Cap,4,17,Budget,keyword_match,medium,merge_to_canonical,6786.0
57910,Education Committee,12,147,Education,keyword_match,medium,merge_to_canonical,7001.0
57931,Senate Affordability Agenda,5,15,Affordability,keyword_match,medium,merge_to_canonical,9076.0
57940,Cutting Taxes,33,225,Taxes,keyword_match,medium,merge_to_canonical,7626.0
57945,Taekwondo,1,0,,,,delete,
57950,Child Victims Act,39,169,Children,keyword_match,medium,merge_to_canonical,6816.0
57962,Elections Committee,14,76,Elections,keyword_match,medium,merge_to_canonical,7011.0
57969,Rape Kits,3,17,,,,delete,
57988,Farm Brewery,1,5,Agriculture,keyword_match,medium,merge_to_canonical,6716.0
57997,Week in Review,1,5,,,,delete,
58034,heartscan Services,2,2,,,,delete,
58035,Anti-racism,26,211,Civil Rights,keyword_match,medium,merge_to_canonical,6831.0
58036,healthy food,7,106,Nutrition,keyword_match,medium,merge_to_canonical,7411.0
58037,public service,8,20,,,,delete,
58038,New York State forests,1,10,,,,delete,
58053,2018-19 Budget,31,116,Budget,keyword_match,medium,merge_to_canonical,6786.0
58058,senator valesky,0,0,,,,delete,
58059,senate district 53,2,10,,,,delete,
58060,nys senator david valesky,0,0,,,,delete,
58061,ERPO,6,12,,,,delete,
58062,Gun Violence Prevention,160,1964,Gun Control,seed_exact,high,merge_to_canonical,7141.0
58068,Legislative Questionnare,1,9,,,,delete,
58158,Trees,1,6,,,,delete,
58159,Economic Development and job,4,22,Economic Development,keyword_match,medium,merge_to_canonical,6996.0
58160,Walter Panas High School,1,0,Education,keyword_match,medium,merge_to_canonical,7001.0
58168,Government Reform,8,92,,,,delete,
58195,Safe Child ID,6,17,,,,delete,
58209,Whitebook,10,10,,,,delete,
58210,2018-19 Executive Budget,5,50,Budget,keyword_match,medium,merge_to_canonical,6786.0
58254,Income Taxes,10,79,Taxes,keyword_match,medium,merge_to_canonical,7626.0
58264,Federal Tax Law,3,27,Taxes,keyword_match,medium,merge_to_canonical,7626.0
58265,abuse,5,67,,,,delete,
58266,WWII Veterans,7,10,Veterans,keyword_match,medium,merge_to_canonical,7691.0
58267,Personal Income Taxes,2,19,Taxes,keyword_match,medium,merge_to_canonical,7626.0
58269,Voter Empowerment Act,6,34,Voting Rights,keyword_match,medium,merge_to_canonical,9001.0
58270,voter turnout,3,11,Voting Rights,keyword_match,medium,merge_to_canonical,9001.0
58273,2018 Affordability Agenda that focuses on broad-based tax relief for families and seniors,14,124,Taxes,keyword_match,medium,merge_to_canonical,7626.0
58274,Hunger Prevention,33,128,Nutrition,keyword_match,medium,merge_to_canonical,7411.0
58275,red tape reduction,1,4,,,,delete,
58279,Dreamers,6,49,,,,delete,
58280,Hudson Valley,48,147,,,,delete,
58281,Westchester,29,47,,,,delete,
58282,Design-build,8,18,,,,delete,
58283,BQE reconstruction,7,17,,,,delete,
58284,Parole Transparency,7,25,Criminal Justice Reform,keyword_match,medium,merge_to_canonical,8546.0
58308,Flood Relief,11,14,,,,delete,
58309,Democracy,28,76,,,,delete,
58310,Voter Suppression,1,7,Voting Rights,keyword_match,medium,merge_to_canonical,9001.0
58332,cervical cancer,1,8,Health Care,keyword_match,medium,merge_to_canonical,7166.0
58333,cervical cancer awareness,1,4,Health Care,keyword_match,medium,merge_to_canonical,7166.0
58336,BQE,16,28,,,,delete,
58337,BPCA,7,8,,,,delete,
58404,Civil Practice Law and Rules,2,31,,,,delete,
58405,Social Security Scam,3,22,Seniors,keyword_match,medium,merge_to_canonical,7546.0
58421,Historic Tax Credits,4,7,Taxes,keyword_match,medium,merge_to_canonical,7626.0
58422,Brownfield Tax Credits,5,7,Taxes,keyword_match,medium,merge_to_canonical,7626.0
58423,Business Tax Credits,7,36,Taxes,keyword_match,medium,merge_to_canonical,7626.0
58428,Class D Felony,1,4,,,,delete,
58431,Penalties for Unlicensed Drivers,6,10,,,,delete,
58446,telemarketing,8,28,,,,delete,
58455,Westchester County Purple Heart Highway,1,0,Transportation,keyword_match,medium,merge_to_canonical,7656.0
58456,cop killer,6,13,,,,delete,
58457,no parole,3,15,Criminal Justice Reform,keyword_match,medium,merge_to_canonical,8546.0
58458,police shooting,4,18,First Responders,keyword_match,medium,merge_to_canonical,8930.0
58490,Breast and Gynecologic Cancers,4,22,,,,delete,
58535,State,2,14,,,,delete,
58536,Federal,7,37,,,,delete,
58537,Consumers,10,35,,,,delete,
58538,sports betting,14,34,,,,delete,
58547,lake ontario flooding,30,85,Environment,keyword_match,medium,merge_to_canonical,7036.0
58582,World Read Aloud Day,4,4,,,,delete,
58587,School Based Health Center,4,11,Health Care,keyword_match,medium,merge_to_canonical,7166.0
58598,Taxpayers,18,104,Budget,keyword_match,medium,merge_to_canonical,6786.0
58615,Criminal Purchases of Weapons,2,30,,,,delete,
58616,Background Checks,22,162,Gun Control,keyword_match,medium,merge_to_canonical,7141.0
58617,guns,39,512,Gun Control,keyword_match,medium,merge_to_canonical,7141.0
58618,Legislative Budget Process,4,16,Budget,keyword_match,medium,merge_to_canonical,6786.0
58632,Congestion Pricing,139,169,Transportation,seed_exact,high,merge_to_canonical,7656.0
58648,Future Farmers of America,8,27,Agriculture,keyword_match,medium,merge_to_canonical,6716.0
58649,Youth Entrepreneurship,2,3,Children,keyword_match,medium,merge_to_canonical,6816.0
58689,DWI,4,11,Drunk Driving,keyword_match,medium,merge_to_canonical,6981.0
58690,STOP-DWI,4,10,Drunk Driving,keyword_match,medium,merge_to_canonical,6981.0
58699,Above the Influence,1,13,,,,delete,
58712,Sexual Assault Survivors,24,96,,,,delete,
58713,Job Training,17,75,,,,delete,
58717,High Energy Costs,12,46,Energy,keyword_match,medium,merge_to_canonical,7026.0
58720,Jobs and Opportunity,23,129,Jobs & Employment,keyword_match,medium,merge_to_canonical,7261.0
58721,Disabled Veterans,5,53,Veterans,keyword_match,medium,merge_to_canonical,7691.0
58722,Jobs and Opportunity Agenda,8,14,Jobs & Employment,keyword_match,medium,merge_to_canonical,7261.0
58725,Primary Date,2,7,,,,delete,
58727,Sportsmen & Women,5,28,,,,delete,
58729,Marijuana Legalization,36,627,Cannabis Policy,keyword_match,medium,merge_to_canonical,
58730,Ending Mass Incarceration,15,78,Criminal Justice Reform,keyword_match,medium,merge_to_canonical,8546.0
58731,Building Stronger Neighborhoods,5,29,,,,delete,
58732,HEOP,1,1,,,,delete,
58733,EOP,1,1,,,,delete,
58734,Access to Higher Education Opportunity Programs,10,177,Education,keyword_match,medium,merge_to_canonical,7001.0
58735,Driving With a Suspended License,8,19,,,,delete,
58775,Revisioning NY's Economy,3,17,Economic Development,keyword_match,medium,merge_to_canonical,6996.0
58797,Valentines for Veterans,3,6,Veterans,keyword_match,medium,merge_to_canonical,7691.0
58798,Students Salute Local Veterans,1,4,Education,keyword_match,medium,merge_to_canonical,7001.0
58799,sexual assault victims,4,36,,,,delete,
58800,National Sexual Violence Resource Center,1,15,,,,delete,
58801,blue-green algae,3,13,,,,delete,
58802,Harmful Algal Bloom,13,24,,,,delete,
58805,First Amendment,7,47,,,,delete,
58806,Cutting Red Tape,10,23,,,,delete,
58808,Retail Stores,9,21,,,,delete,
58809,Pet Shops,3,31,,,,delete,
58828,puppy mills,32,149,Animal Welfare,keyword_match,medium,merge_to_canonical,9462.0
58840,brooklyn-queens expressway,7,22,,,,delete,
58841,sober homes,1,10,,,,delete,
58842,Marijuana Regulation and Taxation,6,202,Taxes,keyword_match,medium,merge_to_canonical,7626.0
58844,Athletics,11,33,,,,delete,
58845,New York State Senate Resolution,8,31,,,,delete,
58846,Emergency Flu Shot,3,4,,,,delete,
58847,Valentines,1,0,,,,delete,
58849,February 14th “Donor Day,2,0,,,,delete,
58851,CB5,1,2,,,,delete,
58852,Atlantic Avenue,1,0,,,,delete,
58854,Department of Finance,9,26,Finance,keyword_match,medium,merge_to_canonical,7081.0
58855,property value,2,12,,,,delete,
58868,plan 2014,3,5,,,,delete,
58869,international joint commission,4,8,,,,delete,
58871,primary election,5,32,Elections,keyword_match,medium,merge_to_canonical,7011.0
58874,Environmental Protection Fund,6,52,Environment,keyword_match,medium,merge_to_canonical,7036.0
58887,COMMUNITY  COMMUNITY SAFETY  NEW YORK CITY POLICE DEPARTMENT,2,27,First Responders,keyword_match,medium,merge_to_canonical,8930.0
58888,Clean Water Infrastructure Act,6,34,Infrastructure,keyword_match,medium,merge_to_canonical,4521.0
58890,United States Olympic Team,2,1,,,,delete,
58891,Women's Hockey,1,2,,,,delete,
58892,United States Women's Hockey,1,2,,,,delete,
58917,Rain Barrel,1,4,,,,delete,
58930,New York State Senate Youth Leadership Recognition Program,14,34,Children,keyword_match,medium,merge_to_canonical,6816.0
58943,Public Transportation,72,200,Transportation,keyword_match,medium,merge_to_canonical,7656.0
58944,Fix Our Subways,8,39,Transportation,keyword_match,medium,merge_to_canonical,7656.0
58946,Discovery Reform,23,48,,,,delete,
58953,Public Hospitals,2,8,Health Care,keyword_match,medium,merge_to_canonical,7166.0
58954,NYC Health and Hospitals,7,84,Health Care,keyword_match,medium,merge_to_canonical,7166.0
58955,Education Opportunity Programs,1,21,Education,keyword_match,medium,merge_to_canonical,7001.0
58956,Increasing Access to Higher Education,3,43,Education,keyword_match,medium,merge_to_canonical,7001.0
58957,Pipeline to Higher Education,1,20,Education,keyword_match,medium,merge_to_canonical,7001.0
58958,Celebrating Community Heroes,15,15,,,,delete,
58959,Comprehensive Contraception Care Act,10,46,Reproductive Rights,keyword_match,medium,merge_to_canonical,9346.0
58960,Community Icons,1,1,,,,delete,
58987,Honoring Veterans,36,110,Veterans,keyword_match,medium,merge_to_canonical,7691.0
58988,Astoria,78,50,,,,delete,
58996,cryptocurrency,9,26,,,,delete,
59004,Italian American Scholarships,16,26,,,,delete,
59006,Economic and Revenue Review,3,8,,,,delete,
59007,Easter 2018,4,3,,,,delete,
59009,LUNAR YEAR,1,2,,,,delete,
59011,SNAP,49,79,,,,delete,
59020,DMV Selling Personal Data,1,13,Transportation,keyword_match,medium,merge_to_canonical,7656.0
59042,bpc,2,6,,,,delete,
59046,Domestic Terrorism,9,58,Public Safety,keyword_match,medium,merge_to_canonical,8316.0
59047,Superintendent,1,1,,,,delete,
59048,Brewster School District,3,2,Education,keyword_match,medium,merge_to_canonical,7001.0
59049,Peekskill,30,8,,,,delete,
59059,Extreme risk protection orders,11,42,,,,delete,
59060,Kevin Flores,1,0,,,,delete,
59068,S7437,2,2,,,,delete,
59069,S4342,1,1,,,,delete,
59070,SALT deductions,3,22,,,,delete,
59071,New York First Home bill,1,8,,,,delete,
59074,Thyroid Cancer,1,3,Health Care,keyword_match,medium,merge_to_canonical,7166.0
59075,Yorktown Police,4,1,First Responders,keyword_match,medium,merge_to_canonical,8930.0
59076,Rural Communities,24,109,,,,delete,
59104,Crime Prevention,39,159,Crime,keyword_match,medium,merge_to_canonical,6926.0
59108,Protecting Students,5,55,Education,keyword_match,medium,merge_to_canonical,7001.0
59113,Face Time With Fred,5,4,,,,delete,
59116,Pet Adoption,12,47,Children,keyword_match,medium,merge_to_canonical,6816.0
59117,Storm Response,25,39,,,,delete,
59119,Ronkonkoma,3,1,,,,delete,
59125,State Taxes,7,108,Taxes,keyword_match,medium,merge_to_canonical,7626.0
59126,Tax Refund,4,16,Taxes,keyword_match,medium,merge_to_canonical,7626.0
59134,NYS Intelligence Center,2,13,,,,delete,
59135,Storm Recovery,31,55,,,,delete,
59162,Volunteer Appreciation,9,13,,,,delete,
59186,Senior Housing,6,25,Housing,keyword_match,medium,merge_to_canonical,7201.0
59188,Census 2020,14,80,,,,delete,
59189,Gerrymandering,7,35,,,,delete,
59190,Preserving Brownstone Neighborhoods,2,3,,,,delete,
59194,New York City Schools,1,13,Education,keyword_match,medium,merge_to_canonical,7001.0
59195,bump stocks,6,41,,,,delete,
59197,Housing Construction and Community Development,27,254,Housing,keyword_match,medium,merge_to_canonical,7201.0
59198,Close to Home,5,17,,,,delete,
59216,East New York,4,9,,,,delete,
59220,Gag Clauses,1,1,,,,delete,
59221,Clawbacks,1,3,,,,delete,
59227,PRESCRIPTION MEDICATIONS,3,18,,,,delete,
59234,Childcare Funding,15,48,Child Care,keyword_match,medium,merge_to_canonical,9530.0
59240,SOTA,2,3,,,,delete,
59244,Brooklyn House of Detention,11,9,,,,delete,
59248,learning,5,9,,,,delete,
59250,Summer Youth Opportunities,2,11,Children,keyword_match,medium,merge_to_canonical,6816.0
59251,Opportunities and Programs,1,13,,,,delete,
59253,SYEP,8,15,,,,delete,
59266,Safe Workplaces,15,35,,,,delete,
59268,Workplaces,3,12,,,,delete,
59270,Kindergarten,2,10,,,,delete,
59275,Comprehensive Primary Health Care for Children,1,27,Health Care,keyword_match,medium,merge_to_canonical,7166.0
59276,Preserving Affordable Housing,5,43,Housing,keyword_match,medium,merge_to_canonical,7201.0
59277,full day kindergarten,6,11,,,,delete,
59288,Workplace Safety,29,92,,,,delete,
59290,Heroin & Opioid Abuse,25,99,Opioid & Substance Use,keyword_match,medium,merge_to_canonical,
59294,Campaign Finance Regulation,3,26,Finance,keyword_match,medium,merge_to_canonical,7081.0
59296,Gun Legislation,60,910,Gun Control,keyword_match,medium,merge_to_canonical,7141.0
59297,Mass Shootings,5,71,,,,delete,
59298,BQE fix,2,2,,,,delete,
59299,2018 Veterans Hall of Fame,0,27,Veterans,keyword_match,medium,merge_to_canonical,7691.0
59304,ENGAGEMENT . COMMUNITY  DEVELOPMENT,1,2,,,,delete,
59305,COMMUNITY  COMMUNITY ENGAGEMENT  COMMUNITY DEVELOPMENT,7,8,Community Development,keyword_match,medium,merge_to_canonical,6856.0
59306,Dress for Success,1,2,,,,delete,
59352,Contraband,4,5,,,,delete,
59356,NYC Department of Transportation,18,81,Transportation,keyword_match,medium,merge_to_canonical,7656.0
59357,Women's History Month,61,86,,,,delete,
59358,Summer Youth Employment,4,18,Jobs & Employment,keyword_match,medium,merge_to_canonical,7261.0
59360,Highway Construction,5,8,Infrastructure,keyword_match,medium,merge_to_canonical,4521.0
59363,Undocumented Immigrants,18,160,Immigration,keyword_match,medium,merge_to_canonical,7221.0
59370,prison violence,3,22,Criminal Justice Reform,keyword_match,medium,merge_to_canonical,8546.0
59371,Department of Tax and Finance,2,20,Finance,keyword_match,medium,merge_to_canonical,7081.0
59377,PAROLE BOARD,9,38,Criminal Justice Reform,keyword_match,medium,merge_to_canonical,8546.0
59383,Combat Heroin and Opioid Addiction,47,194,Opioid & Substance Use,keyword_match,medium,merge_to_canonical,
59394,My Brother's Keeper,3,8,,,,delete,
59395,Early College High School,2,13,Education,keyword_match,medium,merge_to_canonical,7001.0
59396,Higher Education Funding,11,74,Education,keyword_match,medium,merge_to_canonical,7001.0
59397,Raise the Age and Close to Home,3,12,Criminal Justice Reform,keyword_match,medium,merge_to_canonical,8546.0
59405,Waste Treatment,2,6,,,,delete,
59422,March for Our Lives,1,5,,,,delete,
59423,Black History Month Art Celebration,1,5,,,,delete,
59425,Fertility Preservation,1,6,,,,delete,
59426,Cancer Treatment,3,11,Health Care,keyword_match,medium,merge_to_canonical,7166.0
59443,power outages,17,34,,,,delete,
59448,Senior ID,7,9,,,,delete,
59460,NAACP,8,11,,,,delete,
59484,Classrooms,8,24,,,,delete,
59485,Hotels,3,4,,,,delete,
59486,Home Care,10,28,,,,delete,
59487,Aging In Place,14,129,Seniors,keyword_match,medium,merge_to_canonical,7546.0
59492,Senate Hearing on Storm Response & Preparedness,4,7,,,,delete,
59493,Women of Excellence,1,5,,,,delete,
59495,Town of Smithtown,18,9,,,,delete,
59497,Bryan Johnson's Law,2,3,,,,delete,
59498,Emergency Responders,14,68,,,,delete,
59502,O&R's Proposed Rate Hike,0,6,,,,delete,
59504,EDUCATION  PUBLIC SCHOOLS  COMMUNITY ENGAGEMENT,6,46,Education,keyword_match,medium,merge_to_canonical,7001.0
59509,COMMUNITY BOARD  COMMUNITY ENGAGEMENT  CONSTRUCTION AND COMMUNITY DEVELOPMENT  CIVIC ENGAGEMENT,2,4,Infrastructure,keyword_match,medium,merge_to_canonical,4521.0
59517,prison safety,9,60,Criminal Justice Reform,keyword_match,medium,merge_to_canonical,8546.0
59520,Youth Employment,20,38,Jobs & Employment,keyword_match,medium,merge_to_canonical,7261.0
59521,Youth Apprenticeship,8,67,Children,keyword_match,medium,merge_to_canonical,6816.0
59523,#UnitedAgainstCruelty,1,171,,,,delete,
59527,Budget Conferences,1,8,Budget,keyword_match,medium,merge_to_canonical,6786.0
59533,The Arts,1,6,Arts & Culture,keyword_match,medium,merge_to_canonical,80871.0
59536,Kushner Companies,1,1,,,,delete,
59589,Buffalo Zoo,2,4,,,,delete,
59596,Protecting Children,12,101,Children,keyword_match,medium,merge_to_canonical,6816.0
59598,community heroes,4,11,,,,delete,
59599,gun laws,45,804,Gun Control,keyword_match,medium,merge_to_canonical,7141.0
59622,Education   College   Brownsville   East New York   Career Fair,1,6,Education,keyword_match,medium,merge_to_canonical,7001.0
59625,New York State Champions,20,15,,,,delete,
59628,local organization,1,6,,,,delete,
59634,Mentally Ill,1,19,,,,delete,
59638,Mental Illness,7,80,,,,delete,
59667,Protecting our Students,1,20,Education,keyword_match,medium,merge_to_canonical,7001.0
59669,Down Syndrome Awareness,7,13,,,,delete,
59703,EDUCATION  COMMUNITY MEETING  COMMUNITY ENGAGEMENT,1,18,Education,keyword_match,medium,merge_to_canonical,7001.0
59708,Lifesaving,4,6,,,,delete,
59714,Housing Development,16,92,Housing,keyword_match,medium,merge_to_canonical,7201.0
59715,Infrastructure and Government Investment,14,74,Infrastructure,keyword_match,medium,merge_to_canonical,4521.0
59721,Samuel Abbott,2,0,,,,delete,
59722,Capitol Fire of 1911,2,0,,,,delete,
59723,New York State History,4,14,,,,delete,
59733,Tax Stabilization,1,3,Taxes,keyword_match,medium,merge_to_canonical,7626.0
59734,Clean Drinking Water,47,247,Clean Water,keyword_match,medium,merge_to_canonical,9026.0
59735,New York Reservoirs,3,9,,,,delete,
59736,Hydrofracking,4,19,,,,delete,
59738,good friday,2,2,,,,delete,
59742,NY Budget,1,10,Budget,keyword_match,medium,merge_to_canonical,6786.0
59743,croton river,1,2,,,,delete,
59745,Out of Context Development,1,2,,,,delete,
59746,Transparency and Public Assets,1,5,Ethics,keyword_match,medium,merge_to_canonical,7051.0
59747,S7874,1,1,,,,delete,
59748,Campaign Transparency,8,38,Ethics,keyword_match,medium,merge_to_canonical,7051.0
59749,Easter,10,5,,,,delete,
59750,Persaud,90,39,,,,delete,
59751,Fun,2,5,,,,delete,
59753,X-Lite Guardrails,1,0,,,,delete,
59755,Historic Homeownership Rehabilitation Tax Credit,1,5,Taxes,keyword_match,medium,merge_to_canonical,7626.0
59756,Historic Commercial Properties Tax Credit,1,4,Taxes,keyword_match,medium,merge_to_canonical,7626.0
59757,Community Preservation,6,27,,,,delete,
59760,State Funding To Fix Local Roads,12,32,Transportation,keyword_match,medium,merge_to_canonical,7656.0
59778,accidental disability,1,32,Disability Rights,keyword_match,medium,merge_to_canonical,75029.0
59779,World Trade Center,8,7,,,,delete,
59780,recovery and clean up activities,2,5,,,,delete,
59786,CIT,1,1,,,,delete,
59787,Black Lives Matter,17,437,Criminal Justice Reform,keyword_match,medium,merge_to_canonical,8546.0
59795,Veterans Recognition,12,14,Veterans,keyword_match,medium,merge_to_canonical,7691.0
59797,Billions in Federal Funding,4,21,,,,delete,
59798,US Constitution,3,28,,,,delete,
59799,Voting Rights Act,11,70,Voting Rights,keyword_match,medium,merge_to_canonical,9001.0
59802,Access to Education,111,570,Education,seed_exact,high,merge_to_canonical,7001.0
59803,BQE Design Build,1,2,,,,delete,
59806,SD 27,216,136,,,,delete,
59807,Smithtown West,1,0,,,,delete,
59873,SPCA,6,13,,,,delete,
59874,animal shelter,4,68,Animal Welfare,keyword_match,medium,merge_to_canonical,9462.0
59890,EDUCATION  COMMUNITY ENGAGEMENT  PUBLIC SCHOOLS,3,23,Education,keyword_match,medium,merge_to_canonical,7001.0
59893,Urban Farms,1,8,,,,delete,
59894,School Farms,1,9,Education,keyword_match,medium,merge_to_canonical,7001.0
59895,Funding Opportunity,1,12,,,,delete,
59908,Red Hook Empowerment,1,1,,,,delete,
59909,Youth Opportunities,16,33,Children,keyword_match,medium,merge_to_canonical,6816.0
59910,Youth Career Pathways,5,16,Children,keyword_match,medium,merge_to_canonical,6816.0
59911,STEM/STEAM youth programming,6,23,Children,keyword_match,medium,merge_to_canonical,6816.0
59912,Bridging the Digital Divide,4,15,,,,delete,
59913,Envior,1,0,,,,delete,
59914,CODA,2,3,,,,delete,
59915,Disorder Awareness,1,5,,,,delete,
59919,senior volunteers,5,12,,,,delete,
59921,teachers,24,105,,,,delete,
59939,S3299,4,3,,,,delete,
59941,Citizen Preparedness,3,11,,,,delete,
59942,Senior Scam Prevention Seminar,13,15,,,,delete,
59953,Buffalo Police Department,1,9,First Responders,keyword_match,medium,merge_to_canonical,8930.0
59958,Special Needs,10,62,,,,delete,
59966,diploma,2,3,,,,delete,
59968,POLICE SAFETY  COMMUNITY ENGAGEMENT  CIVIC ENGAGEMENT,15,77,Community Development,keyword_match,medium,merge_to_canonical,6856.0
59971,Police   police safety   community engagement   Civic Engagement,3,44,Community Development,keyword_match,medium,merge_to_canonical,6856.0
59972,CIVIC ENGAGEMENT  COMMUNITY ENGAGEMENT  COMMUNITY DEVELOPMENT,5,15,Community Development,keyword_match,medium,merge_to_canonical,6856.0
59973,COMMUNITY BOARD  COMMUNITY DEVELOPMENT  COMMUNITY ENGAGEMENT,6,6,Community Development,keyword_match,medium,merge_to_canonical,6856.0
59974,election reforms,13,158,Elections,keyword_match,medium,merge_to_canonical,7011.0
59975,Protecting Pensions,3,20,Civil Service & Pensions,keyword_match,medium,merge_to_canonical,
59983,Commercial GPS,4,3,,,,delete,
60020,COMMUNITY  COMMUNITY ENGAGEMENT,3,12,Community Development,keyword_match,medium,merge_to_canonical,6856.0
60025,Second Chance,1,1,,,,delete,
60099,Overage Under-credited Students,5,3,Education,keyword_match,medium,merge_to_canonical,7001.0
60100,Protecting Our Most Vulnerable Students,5,22,Education,keyword_match,medium,merge_to_canonical,7001.0
60112,Co-Location,4,0,,,,delete,
60118,Plastic Bag Pollution,4,42,Environment,keyword_match,medium,merge_to_canonical,7036.0
60131,Historic Old Boys High,1,0,,,,delete,
60146,Safe Staffing,7,42,,,,delete,
60170,S7711,3,0,,,,delete,
60188,Drug Take Back Act,5,15,Opioid & Substance Use,keyword_match,medium,merge_to_canonical,
60196,Herman Bell,3,4,,,,delete,
60203,2018 Women of Distinction,69,25,Women of Distinction,keyword_match,medium,merge_to_canonical,8989.0
60206,Gun trafficking,13,87,Gun Control,keyword_match,medium,merge_to_canonical,7141.0
60224,S8308,5,1,,,,delete,
60233,evaluation,1,0,,,,delete,
60236,Winter recovery,1,2,,,,delete,
60237,Transportation Parity,1,1,Transportation,keyword_match,medium,merge_to_canonical,7656.0
60251,New York Parole System,12,71,Criminal Justice Reform,keyword_match,medium,merge_to_canonical,8546.0
60252,automatic voter registration,34,179,Voting Rights,keyword_match,medium,merge_to_canonical,9001.0
60257,S5808A,2,1,,,,delete,
60262,Government,6,57,,,,delete,
60263,Civics,7,51,,,,delete,
60264,Suffrage,1,0,,,,delete,
60269,Iran,9,10,,,,delete,
60270,Iranian Divestment,1,0,,,,delete,
60285,Crime Victims Services,8,34,Crime,keyword_match,medium,merge_to_canonical,6926.0
60295,Hudson Valley Chamber Executive,1,4,,,,delete,
60296,2018 Woman of Distinction,0,18,,,,delete,
60297,Unsung Heroes,3,4,,,,delete,
60298,Senator Larkin,2,1,,,,delete,
60313,Senator Bill Larkin,1,0,,,,delete,
60322,Teacher Training,1,6,,,,delete,
60323,Supporting Students,3,31,Education,keyword_match,medium,merge_to_canonical,7001.0
60324,OUT-OF-SCALE DEVELOPMENT,3,2,,,,delete,
60325,PUBLIC SUBSIDIES AND TAX ABATEMENTS,2,4,Taxes,keyword_match,medium,merge_to_canonical,7626.0
60326,TAXPAYER BURDENS,8,42,Budget,keyword_match,medium,merge_to_canonical,6786.0
60329,register,1,3,,,,delete,
60330,Queens. Housing,0,5,Housing,keyword_match,medium,merge_to_canonical,7201.0
60338,Legislator Leslie Kennedy,1,0,,,,delete,
60421,ELECTION LAWS,4,33,Elections,keyword_match,medium,merge_to_canonical,7011.0
60455,Pediatric Stroke,1,0,,,,delete,
60473,Economic Growth,10,52,,,,delete,
60474,Carrie E. Tompkins School,1,1,Education,keyword_match,medium,merge_to_canonical,7001.0
60522,Sunnyside Yard,4,3,,,,delete,
60551,Uber & Lyft,6,15,,,,delete,
60552,Sexual Assault,28,102,,,,delete,
60558,Special One Time Assistance Program,1,4,,,,delete,
60559,Kavanagh Convention,1,3,,,,delete,
60560,SD26,1,2,,,,delete,
60707,Government Accountability,12,149,Ethics,keyword_match,medium,merge_to_canonical,7051.0
60733,Real Affordable Housing,6,57,Housing,keyword_match,medium,merge_to_canonical,7201.0
60734,Girls' Leadership Development and College Prep,1,1,Higher Education,keyword_match,medium,merge_to_canonical,7176.0
60735,100th Years of Women's Suffrage,2,41,,,,delete,
60736,Women's House of Brooklyn,1,1,,,,delete,
60738,Girls' Leadership Development and College Access,4,22,Higher Education,keyword_match,medium,merge_to_canonical,7176.0
60771,Child Sexual Abuse,37,110,,,,delete,
60772,Mandated Reporters,2,9,,,,delete,
60836,Police community engagement Civic Engagement,0,5,Community Development,keyword_match,medium,merge_to_canonical,6856.0
60908,Teacher Appreciation,18,29,,,,delete,
60909,Teacher Evaluations,11,61,,,,delete,
60911,Honoring Women,19,47,,,,delete,
60918,Wellsville,1,0,,,,delete,
60953,Lyft & Uber,7,11,,,,delete,
60957,Finger Lakes protection,17,36,,,,delete,
60959,S2394,3,1,,,,delete,
60960,Community and Justice Sunday,2,4,,,,delete,
60961,Berean Baptist Church,2,1,,,,delete,
60962,Science,3,19,,,,delete,
60963,Incubation And Entrepreneurship,2,8,,,,delete,
60964,Electoral Reform,4,40,,,,delete,
60965,Fix Election Laws. Protect Our Democracy,1,23,Elections,keyword_match,medium,merge_to_canonical,7011.0
60966,Increase Voter Participation,8,68,Voting Rights,keyword_match,medium,merge_to_canonical,9001.0
60967,Low Voter Turnout,1,11,Voting Rights,keyword_match,medium,merge_to_canonical,9001.0
60968,Voting Reforms,20,163,Voting Rights,keyword_match,medium,merge_to_canonical,9001.0
60969,Preventing Voter Suppression,8,59,Voting Rights,keyword_match,medium,merge_to_canonical,9001.0
60970,Garifuna Community,5,1,,,,delete,
60971,Low Income Housing,3,42,Housing,keyword_match,medium,merge_to_canonical,7201.0
61004,Military Service,21,44,Veterans,keyword_match,medium,merge_to_canonical,7691.0
61011,Celebrating Diversity,8,32,,,,delete,
61012,Turkish Cultural Center,2,0,Arts & Culture,keyword_match,medium,merge_to_canonical,80871.0
61013,legacy credits,1,0,,,,delete,
61014,Charleston Loophole,3,3,,,,delete,
61018,2018 NYS Senate Veterans Hall of Fame,0,10,Veterans,keyword_match,medium,merge_to_canonical,7691.0
61021,Agent Orange,3,15,,,,delete,
61022,New York State Military Service Honors,2,7,Veterans,keyword_match,medium,merge_to_canonical,7691.0
61040,Task Force On Lyme Disease And Tick-Borne Diseases,6,30,Lyme & Tick-Borne Diseases,keyword_match,medium,merge_to_canonical,
61041,Senior Health & Fitness Fun Fair,7,16,Health Care,keyword_match,medium,merge_to_canonical,7166.0
61093,waterfront revitalization,12,23,,,,delete,
61097,nonagricultural low nitrogen fertilizer on Long Island,2,3,Arts & Culture,keyword_match,medium,merge_to_canonical,80871.0
61099,State Energy Committee,2,33,Energy,keyword_match,medium,merge_to_canonical,7026.0
61100,Utility Reform Bill,2,9,Utilities,keyword_match,medium,merge_to_canonical,7686.0
61115,Protecting Vulnerable New Yorkers,3,22,,,,delete,
61116,Elder abuse prevention,8,25,Seniors,keyword_match,medium,merge_to_canonical,7546.0
61131,Child Victims Reconciliation & Compensation Fund,1,8,,,,delete,
61137,MetroCard Van,16,7,,,,delete,
61140,Participatory Budgeting,4,17,,,,delete,
61150,New York State Attorney General,12,44,,,,delete,
61151,New York State Assembly,5,48,,,,delete,
61156,union workers,3,29,Labor,keyword_match,medium,merge_to_canonical,7286.0
61157,Croton Reservoir Bridge,1,1,,,,delete,
61158,Humane Legislator Award,1,2,,,,delete,
61159,Elephant Protection Act,1,4,,,,delete,
61162,Senior Empowerment,4,16,,,,delete,
61163,Culturally Competent Senior Services,2,9,Seniors,keyword_match,medium,merge_to_canonical,7546.0
61164,Building Better Communities,16,63,,,,delete,
61165,Culturally Competent Senior Centers,1,7,Arts & Culture,keyword_match,medium,merge_to_canonical,80871.0
61166,Environmental Hazards,11,77,Environment,keyword_match,medium,merge_to_canonical,7036.0
61167,Dust Control,2,3,,,,delete,
61202,Nurses of the Year,1,6,,,,delete,
61203,Historic Acreage Addition,1,3,,,,delete,
61205,young leaders,4,18,,,,delete,
61225,Orange and Rockland,3,6,,,,delete,
61226,Orange and Rockland  Customer service,1,1,,,,delete,
61233,and Community Development,18,115,Community Development,keyword_match,medium,merge_to_canonical,6856.0
61261,New York State Office of Court Administration,3,16,,,,delete,
61262,Judicial System,3,23,Judiciary,keyword_match,medium,merge_to_canonical,7271.0
61263,Diversity in the Judicial System,3,15,Judiciary,keyword_match,medium,merge_to_canonical,7271.0
61264,Equality in Education,4,62,Education,keyword_match,medium,merge_to_canonical,7001.0
61265,Old Boys High School,3,1,Education,keyword_match,medium,merge_to_canonical,7001.0
61266,Governmental Operations,4,95,,,,delete,
61269,Scajaquada Creek Restoration,1,0,,,,delete,
61380,local lakes,5,15,,,,delete,
61381,Michael O'Kane,1,0,,,,delete,
61383,Sickle Cell,2,2,,,,delete,
61395,beach closures,5,12,,,,delete,
61396,Rockaway Beach closures,3,1,,,,delete,
61398,traffic crashes,5,11,,,,delete,
61401,Academic Excellence,4,33,,,,delete,
61402,John F. Kennedy Catholic High School,1,1,Education,keyword_match,medium,merge_to_canonical,7001.0
61403,RHA AND CCCA,4,5,,,,delete,
61405,NYS Liberty Medal,10,5,,,,delete,
61409,Denny Farrell,1,0,,,,delete,
61410,Ways and Means,1,3,,,,delete,
61453,Brooklyn Army Terminal,1,1,,,,delete,
61454,When Women Lead,1,12,,,,delete,
61455,Women's Leadership,2,13,,,,delete,
61463,School District Funding,3,16,Education,keyword_match,medium,merge_to_canonical,7001.0
61493,veterans legislation,1,7,Veterans,keyword_match,medium,merge_to_canonical,7691.0
61494,S3304,3,4,,,,delete,
61502,Anthony Bottom,1,0,,,,delete,
61507,food desert,12,52,,,,delete,
61535,Vote,3,26,,,,delete,
61540,School Bus Safety,17,57,Education,keyword_match,medium,merge_to_canonical,7001.0
61541,flextime,1,4,,,,delete,
61542,flexible schedule,1,9,,,,delete,
61543,work-life balance,1,7,,,,delete,
61547,Job Fairs,2,4,,,,delete,
61548,Employment Opportunities,17,44,Jobs & Employment,keyword_match,medium,merge_to_canonical,7261.0
61549,Roswell Park Comprehensive Cancer Center,4,2,Health Care,keyword_match,medium,merge_to_canonical,7166.0
61550,Help Us Protect Our Children,2,11,Children,keyword_match,medium,merge_to_canonical,6816.0
61551,Elected Officials Celebrate Centenarian's Milestone Birthday,3,0,,,,delete,
61552,Community Planning,6,18,,,,delete,
61553,Access to Government Funding,14,96,,,,delete,
61554,New York State Parole Board,21,77,Criminal Justice Reform,keyword_match,medium,merge_to_canonical,8546.0
61555,lupus,3,4,,,,delete,
61556,Revenge Porn,14,11,,,,delete,
61557,interfaith dialogue,6,10,,,,delete,
61558,COMMUNITY DEVELOPMENT SENIORS CHILDREN,1,11,Community Development,keyword_match,medium,merge_to_canonical,6856.0
61559,Increased Housing Density,1,16,Housing,keyword_match,medium,merge_to_canonical,7201.0
61560,Russian Community,1,2,,,,delete,
61604,Protect Pets & People,5,29,Animal Welfare,keyword_match,medium,merge_to_canonical,9462.0
61606,Construction Property Damage,8,10,Infrastructure,keyword_match,medium,merge_to_canonical,4521.0
61607,NYC Department of Buildings,10,19,,,,delete,
61609,Board of Parole,17,73,Criminal Justice Reform,keyword_match,medium,merge_to_canonical,8546.0
61615,tenant rights,15,158,Tenant Rights,keyword_match,medium,already_canonical,61615.0
61616,loft law,4,4,,,,delete,
61628,NRG,8,6,,,,delete,
61629,Protect Village’s Lake,1,3,,,,delete,
61639,Alzheimer's Disease Awareness,6,31,,,,delete,
61679,Kaminsky Student Stars,2,2,Education,keyword_match,medium,merge_to_canonical,7001.0
61682,Medal for Merit,2,1,,,,delete,
61683,Conspicuous Service Cross,2,2,,,,delete,
61684,School Bus Camera Safety,6,18,Education,keyword_match,medium,merge_to_canonical,7001.0
61685,Brooklyn Pride,1,4,,,,delete,
61721,Stop-Arm Cameras,1,3,,,,delete,
61727,S2397,2,6,,,,delete,
61728,Public Engagement,1,4,,,,delete,
61733,Prescription drug disposal,13,28,Opioid & Substance Use,keyword_match,medium,merge_to_canonical,
61752,local issues,2,10,,,,delete,
61754,working families,14,12,Families,keyword_match,medium,merge_to_canonical,7061.0
61755,early learning,1,10,,,,delete,
61759,Capital Aid,2,5,,,,delete,
61760,Save the Tip Credit,1,4,,,,delete,
61761,Tipped Wage Workers,1,9,,,,delete,
61762,Restaurant Workers,3,33,,,,delete,
61767,Fraud Prevention,27,66,,,,delete,
61770,Commack,3,2,,,,delete,
61777,SUNY Hospitals,2,5,Health Care,keyword_match,medium,merge_to_canonical,7166.0
61782,Brooklyn Navy Yard,2,3,,,,delete,
61786,S3477A,2,3,,,,delete,
61787,food service tip credit,1,5,,,,delete,
61792,make the change,1,6,,,,delete,
61809,plain language,1,18,,,,delete,
61810,contracts,2,24,,,,delete,
61811,consumer contracts,1,19,,,,delete,
61849,Security Breaches,2,13,,,,delete,
61935,Cocklofts,2,2,,,,delete,
61936,Child Victims Fund,2,20,,,,delete,
61945,Regional Cost Index,2,3,,,,delete,
61949,Acess to Healthcare,9,131,Health Care,keyword_match,medium,merge_to_canonical,7166.0
61950,Primary Care and Mental Health Services,7,84,Health Care,keyword_match,medium,merge_to_canonical,7166.0
61952,Senior Tax Relief,2,25,Taxes,keyword_match,medium,merge_to_canonical,7626.0
61953,Senior Citizen Real Property Tax Exemption program and the Persons with Disabilities Real Property Tax Exemption,1,33,Taxes,keyword_match,medium,merge_to_canonical,7626.0
61954,Access to Primary Healthcare,3,128,Health Care,keyword_match,medium,merge_to_canonical,7166.0
61957,DSNY,7,9,,,,delete,
61958,Veterans Support,17,49,Veterans,keyword_match,medium,merge_to_canonical,7691.0
61959,Department of Motor Vehicles,9,70,,,,delete,
61960,Protecting Driver Data,1,9,,,,delete,
61961,J.5812,1,3,,,,delete,
61962,J.5813,1,4,,,,delete,
61966,School Bus Safety Camera Act,1,10,Education,keyword_match,medium,merge_to_canonical,7001.0
61967,Mitchell's Law,1,3,,,,delete,
61968,K-9 Officers,3,11,,,,delete,
61969,DMV,17,53,Transportation,keyword_match,medium,merge_to_canonical,7656.0
61970,Driver Reexamination,1,7,,,,delete,
61973,Illegal Housing,10,29,Housing,keyword_match,medium,merge_to_canonical,7201.0
61974,Equivalent education,0,20,Education,keyword_match,medium,merge_to_canonical,7001.0
61975,Family Separation Policy,8,48,,,,delete,
61977,School Districts,16,77,Education,keyword_match,medium,merge_to_canonical,7001.0
61978,Long Island Power Authority,14,30,,,,delete,
61979,School Budget,3,47,Education,keyword_match,medium,merge_to_canonical,7001.0
61981,Drunk Driving Prevention,6,24,Drunk Driving,keyword_match,medium,merge_to_canonical,6981.0
61982,Senate Win,1,6,,,,delete,
61983,Railroad Crossing Study,1,5,,,,delete,
61984,Schneiderman's Resignation,0,1,,,,delete,
61985,Teaching,3,18,,,,delete,
61987,ALS,9,7,,,,delete,
61989,Entertainment,8,30,,,,delete,
61991,State Symbols,1,3,,,,delete,
61992,lawsuit lending,8,19,,,,delete,
61993,substance use disorders,2,26,Opioid & Substance Use,keyword_match,medium,merge_to_canonical,
61994,Town of Ashford,1,0,,,,delete,
61995,PILOT Payments,1,2,,,,delete,
61996,West Valley Demonstration Site,1,0,,,,delete,
61997,Local Taxes,7,103,Taxes,keyword_match,medium,merge_to_canonical,7626.0
61998,L train shutdown,3,9,,,,delete,
61999,Mortgage Assistance,4,44,,,,delete,
62000,Parolees,5,65,Criminal Justice Reform,keyword_match,medium,merge_to_canonical,8546.0
62003,CAPITAL EXPENDITURE BILL,1,7,,,,delete,
62004,Combating HABS,3,6,,,,delete,
62006,S9061,2,0,,,,delete,
62007,Youth Violence,2,7,Children,keyword_match,medium,merge_to_canonical,6816.0
62008,Heroin - Opioid Addiction,2,14,Opioid & Substance Use,keyword_match,medium,merge_to_canonical,
62009,Methadone,1,0,,,,delete,
62010,Substance Abuse Treatment,18,85,Opioid & Substance Use,keyword_match,medium,merge_to_canonical,
62011,rural transportation,2,13,Transportation,keyword_match,medium,merge_to_canonical,7656.0
62012,e-waste,30,72,,,,delete,
62014,Janus Case,1,2,,,,delete,
62015,Long Island City,50,31,,,,delete,
62016,CityLights,2,0,,,,delete,
62017,asylum,1,13,,,,delete,
62018,neighborhood empowerment,4,8,,,,delete,
62019,summer programs,5,11,,,,delete,
62020,The Daily News,1,2,,,,delete,
62021,weather warnings,2,12,,,,delete,
62022,Jail-Based Treatment,2,16,,,,delete,
62025,Independence Day,5,14,,,,delete,
62026,prevailing wage,8,20,,,,delete,
62027,waste water management,3,15,,,,delete,
62028,after school,1,22,Education,keyword_match,medium,merge_to_canonical,7001.0
62029,Senator Tedisco,3,6,,,,delete,
62030,SD 49,2,0,,,,delete,
62031,Brochures,1,3,,,,delete,
62033,NYS Department of Health,7,100,Health Care,keyword_match,medium,merge_to_canonical,7166.0
62034,Oceans,4,16,,,,delete,
62035,Flood Structures,3,8,,,,delete,
62036,NY State Senate Empire Business Award,21,22,,,,delete,
62037,Bus Safety,5,11,,,,delete,
62039,Abolish ICE,17,129,Immigration,keyword_match,medium,merge_to_canonical,7221.0
62040,Celebrating Community Institutions,1,3,,,,delete,
62041,Gowanus Rezoning,6,4,,,,delete,
62042,Housing and Industrial Development,7,51,Housing,keyword_match,medium,merge_to_canonical,7201.0
62043,African-American Veterans,1,10,Veterans,keyword_match,medium,merge_to_canonical,7691.0
62044,speed limit,5,16,,,,delete,
62047,NYS Senate Women of Distinction Award,12,18,Women of Distinction,keyword_match,medium,merge_to_canonical,8989.0
62048,Crime Victim Advocacy,16,70,Crime,keyword_match,medium,merge_to_canonical,6926.0
62049,LECOM Health Challenge,1,1,Health Care,keyword_match,medium,merge_to_canonical,7166.0
62050,Military and First Responders,3,19,First Responders,keyword_match,medium,merge_to_canonical,8930.0
62051,Congestion,7,14,,,,delete,
62052,Speed Cameras,24,83,,,,delete,
62053,Safe Streets,23,16,,,,delete,
62054,Healthcare Training,2,21,Health Care,keyword_match,medium,merge_to_canonical,7166.0
62055,Hoarding,2,4,,,,delete,
62057,offshore barriers,3,9,,,,delete,
62058,Lower Hudson Valley,3,9,,,,delete,
62059,Community Advocacy and Empowerment,6,17,,,,delete,
62060,Comprehensive Contraceptive Coverage Act,1,10,,,,delete,
62061,School-Based Health Clinics,3,20,Health Care,keyword_match,medium,merge_to_canonical,7166.0
62062,Reproductive Health Act (RHA),58,456,Health Care,keyword_match,medium,merge_to_canonical,7166.0
62063,Comprehensive Contraceptive Coverage Act (CCCA),2,18,,,,delete,
62064,School-Based Health Clinics (SBHCs),2,5,Health Care,keyword_match,medium,merge_to_canonical,7166.0
62065,Toll Payer Protection Acts,3,7,,,,delete,
62066,financial boost for victim of gang voilence,0,3,,,,delete,
62067,Treatment Of Veterans,0,10,Veterans,keyword_match,medium,merge_to_canonical,7691.0
62068,Treatment Of Veterans In Courts,1,9,Judiciary,keyword_match,medium,merge_to_canonical,7271.0
62070,helping lauren overcome a heart transplant,1,0,,,,delete,
62071,Tolling Outrage,2,7,,,,delete,
62073,The Bryan Johnson's Law,1,0,,,,delete,
62074,identity theft and scams,8,47,,,,delete,
62076,Gun Voilence,1,67,Gun Control,keyword_match,medium,merge_to_canonical,7141.0
62078,seawall study,4,5,,,,delete,
62079,New York City Seawall Study Commission,3,1,,,,delete,
62080,Protect Children from Gang,3,8,Children,keyword_match,medium,merge_to_canonical,6816.0
62082,pardons,7,13,,,,delete,
62083,COMMUNITY UPDATES,9,60,,,,delete,
62084,NRG Repowering,3,2,,,,delete,
62085,PILOT,2,2,,,,delete,
62087,Wetlands,6,17,,,,delete,
62088,Cultural Tourism,6,10,State Parks & Recreation,keyword_match,medium,merge_to_canonical,
62093,Medication Take Back,5,11,,,,delete,
62095,Mary Beth Tinning,1,0,,,,delete,
62096,violent offenders,1,2,,,,delete,
62097,Not On My Watch,1,2,,,,delete,
62098,Child Car Seat Safety,4,7,,,,delete,
62099,oral health,2,5,Health Care,keyword_match,medium,merge_to_canonical,7166.0
62100,Symphonies Concert,1,3,,,,delete,
62102,New York City Transit,26,84,,,,delete,
62103,Mandela Day,1,2,,,,delete,
62104,composting,6,36,,,,delete,
62105,Identification,3,4,,,,delete,
62106,Long Island Blood Services,2,1,,,,delete,
62107,2018 Legislative Session,4,37,,,,delete,
62108,Pancake Breakfast,1,0,,,,delete,
62109,VFW,18,24,,,,delete,
62110,Heroin & Opioid Funding,3,16,Opioid & Substance Use,keyword_match,medium,merge_to_canonical,
62113,Puerto Rico Task Force,2,3,,,,delete,
62114,soil health,4,19,Health Care,keyword_match,medium,merge_to_canonical,7166.0
62115,Reproductive Healthcare,2,62,Health Care,keyword_match,medium,merge_to_canonical,7166.0
62116,fiscal responsibility,7,28,,,,delete,
62117,free press,2,13,,,,delete,
62118,TITLE X FUNDING,2,11,,,,delete,
62119,Korean War,3,1,,,,delete,
62120,Immigrant Families Together,2,20,Immigration,keyword_match,medium,merge_to_canonical,7221.0
62121,family separation,6,27,,,,delete,
62122,sanctuary state,11,35,,,,delete,
62165,Arc Stages,1,2,,,,delete,
62167,Parks & Recreation Funding,12,51,State Parks & Recreation,keyword_match,medium,merge_to_canonical,
62168,Longhorned Ticks,1,5,,,,delete,
62169,Youth Internships,4,12,Children,keyword_match,medium,merge_to_canonical,6816.0
62170,YOUTH LEADERSHIP AND WORKFORCE DEVELOPMENT,11,23,Jobs & Employment,keyword_match,medium,merge_to_canonical,7261.0
62171,CONSTRUCTION AND AFFORDABLE HOUSING,12,88,Housing,keyword_match,medium,merge_to_canonical,7201.0
62175,Danger of Rising Oceans,3,5,,,,delete,
62176,Love Above Hate,1,5,,,,delete,
62178,Mahopac Public Library,1,1,Libraries,keyword_match,medium,merge_to_canonical,8131.0
62179,Services for Sight & Sound Impaired,2,5,,,,delete,
62180,Drowning Prevention,3,5,,,,delete,
62181,Water Safety,5,9,,,,delete,
62182,Protect the Hudson River,1,3,Environment,keyword_match,medium,merge_to_canonical,7036.0
62183,Protecting the Hudson River,2,4,Environment,keyword_match,medium,merge_to_canonical,7036.0
62184,Storm Barriers,5,7,,,,delete,
62185,United States Army Corps of Engineers,7,14,,,,delete,
62186,land-based floodwalls,1,2,,,,delete,
62187,new ny broadband program,1,11,Telecommunications,keyword_match,medium,merge_to_canonical,7631.0
62188,rural broadband,16,70,Telecommunications,keyword_match,medium,merge_to_canonical,7631.0
62189,Indian American,8,21,,,,delete,
62190,Heritage,2,5,,,,delete,
62191,Opioid Epidemic,8,47,Opioid & Substance Use,keyword_match,medium,merge_to_canonical,
62193,Pier,1,1,,,,delete,
62194,Repair,3,6,,,,delete,
62195,Secures Funding,1,1,,,,delete,
62196,Heroin & Opioid Funding. Heroin & Opioid Abuse,1,13,Opioid & Substance Use,keyword_match,medium,merge_to_canonical,
62197,National Comedy Center,1,1,,,,delete,
62198,Culture,3,4,,,,delete,
62199,Civil War,3,4,,,,delete,
62200,Medal,2,0,,,,delete,
62201,Veteran,6,49,,,,delete,
62202,Medals,1,0,,,,delete,
62203,Let the Punishment Fit the Crime,2,22,Crime,keyword_match,medium,merge_to_canonical,6926.0
62206,Environmental Revival,1,14,Environment,keyword_match,medium,merge_to_canonical,7036.0
62208,Department of Environmental Conservation,24,211,Environment,keyword_match,medium,merge_to_canonical,7036.0
62209,Police Department,8,57,First Responders,keyword_match,medium,merge_to_canonical,8930.0
62210,New York Consumer Privacy Act,3,35,Data Privacy,keyword_match,medium,merge_to_canonical,75986.0
62211,Roosevelt Island,1,1,,,,delete,
62213,NYC Department of Education,32,187,Education,keyword_match,medium,merge_to_canonical,7001.0
62214,school supply drive,13,18,Education,keyword_match,medium,merge_to_canonical,7001.0
62215,Latino,8,8,,,,delete,
62216,hazing,3,1,,,,delete,
62217,Dentists,4,23,,,,delete,
62218,Orthodontic Specialty Consumer Protection Act,1,2,Consumer Protection,keyword_match,medium,merge_to_canonical,6886.0
62219,career education,10,56,Education,keyword_match,medium,merge_to_canonical,7001.0
62221,Taxed Stat Land Policies,1,2,,,,delete,
62222,Office of Real Property Tax Services,1,11,Taxes,keyword_match,medium,merge_to_canonical,7626.0
62223,Caregivers,7,91,,,,delete,
62224,Save our Jobs Act,2,3,Jobs & Employment,keyword_match,medium,merge_to_canonical,7261.0
62225,Women's Health Funding,3,14,Health Care,keyword_match,medium,merge_to_canonical,7166.0
62226,Breast Cancer Screenings,24,53,Health Care,keyword_match,medium,merge_to_canonical,7166.0
62227,Minority Hiring,1,5,,,,delete,
62228,Drivers License,22,91,Transportation,keyword_match,medium,merge_to_canonical,7656.0
62229,Child Health Plus,5,29,Health Care,keyword_match,medium,merge_to_canonical,7166.0
62230,HMO,1,5,,,,delete,
62231,Mentoring,3,6,,,,delete,
62235,Data Collection,9,44,,,,delete,
62236,Epidemiology,1,5,,,,delete,
62237,film tax credit,13,34,Taxes,keyword_match,medium,merge_to_canonical,7626.0
62252,NYS Education Department,1,49,Education,keyword_match,medium,merge_to_canonical,7001.0
62253,alzheimer's screening,1,14,,,,delete,
62254,fall prevention,3,7,,,,delete,
62255,NYHA,5,9,,,,delete,
62256,Senior Health Expo,9,22,Health Care,keyword_match,medium,merge_to_canonical,7166.0
62257,NYS Governor,3,39,,,,delete,
62258,Backpack Giveaway,7,13,,,,delete,
62261,leukemia,1,4,,,,delete,
62262,lymphoma,1,4,,,,delete,
62263,myeloma,1,4,,,,delete,
62264,education and treatment fund,1,12,Education,keyword_match,medium,merge_to_canonical,7001.0
62265,SHU,1,5,,,,delete,
62267,arbitration,3,14,,,,delete,
62268,Limited English,2,6,,,,delete,
62269,Selfie,1,3,,,,delete,
62270,intern appreciation,2,4,,,,delete,
62271,Living While Black,2,7,,,,delete,
62272,Autonomous Cars,1,19,,,,delete,
62273,vehicle idling,2,6,,,,delete,
62274,asthma,6,18,,,,delete,
62275,Immigrant,12,41,Immigration,keyword_match,medium,merge_to_canonical,7221.0
62276,licenses,1,11,,,,delete,
62277,Mt. Olivet Baptist Church,1,1,,,,delete,
62278,Peekskill Schools,4,0,Education,keyword_match,medium,merge_to_canonical,7001.0
62280,epipens,1,8,,,,delete,
62282,SIGN THE BILL,3,15,,,,delete,
62283,Community Institutions,2,8,,,,delete,
62284,Antioch Baptist Church,1,2,,,,delete,
62286,Brooklyn Landmarks,1,3,,,,delete,
62287,New York State Business of the Month,2,8,,,,delete,
62288,NYLCV,6,4,,,,delete,
62290,prosecutorial conduct,1,7,,,,delete,
62293,Child Sex Abuse,4,47,,,,delete,
62294,200th Anniversary,2,15,,,,delete,
62295,road maintenance,2,9,,,,delete,
62296,municipal water,7,18,Local Government,keyword_match,medium,merge_to_canonical,7326.0
62297,water infrastructure improvement act,5,31,Infrastructure,keyword_match,medium,merge_to_canonical,4521.0
62299,museums,5,14,,,,delete,
62300,Protect the Hudson,1,3,,,,delete,
62308,complete streets,4,34,,,,delete,
62309,Hoylman,2,3,,,,delete,
62310,Climate,14,105,,,,delete,
62311,Event,4,12,,,,delete,
62312,S6046C,1,2,,,,delete,
62315,local heroes,3,10,,,,delete,
62316,Mt. Kisco,5,1,,,,delete,
62317,emergency medical services,14,42,,,,delete,
62318,Commuters,19,36,,,,delete,
62319,Child Migrant Detention,5,23,,,,delete,
62320,Flores Agreement,2,2,,,,delete,
62321,S9160,2,2,,,,delete,
62322,Terrence Murphy SD 40 Storm Weather Updates,1,0,,,,delete,
62323,shop local,5,22,,,,delete,
62324,free concert,10,16,,,,delete,
62325,overfishing,4,8,,,,delete,
62326,purse seine,1,1,,,,delete,
62327,homeless shelter,13,35,Homelessness,keyword_match,medium,merge_to_canonical,10068.0
62328,emergency communication,5,20,,,,delete,
62329,young adults,3,41,,,,delete,
62330,millennials,3,47,,,,delete,
62331,9/11 First Responders,34,97,Public Safety,keyword_match,medium,merge_to_canonical,8316.0
62333,Domestic Violence Funding,9,37,Domestic Violence,keyword_match,medium,merge_to_canonical,6971.0
62334,accountability,17,148,Ethics,keyword_match,medium,merge_to_canonical,7051.0
62335,Assisted Outpatient Treatment (AOT),1,12,,,,delete,
62336,Tax Seminar,4,12,Taxes,keyword_match,medium,merge_to_canonical,7626.0
62337,estate planning,2,14,,,,delete,
62338,Smart Schools Bond Act,5,16,Education,keyword_match,medium,merge_to_canonical,7001.0
62339,Emergency and Hurricane Preparedness,14,47,,,,delete,
62340,Mammography,6,16,,,,delete,
62341,Cancer Screenings,8,26,Health Care,keyword_match,medium,merge_to_canonical,7166.0
62342,Hispanic Heritage,20,28,,,,delete,
62343,Hunger Action Month,3,9,Nutrition,keyword_match,medium,merge_to_canonical,7411.0
62344,Women's Networking,9,59,,,,delete,
62345,Peekskill Youth Bureau Renovation,1,1,Children,keyword_match,medium,merge_to_canonical,6816.0
62348,concert,2,5,,,,delete,
62349,brooklyn senior idol,1,1,,,,delete,
62350,singing,1,1,,,,delete,
62351,legal,1,5,,,,delete,
62352,Vietnam War,7,6,,,,delete,
62353,Commemoration,1,2,,,,delete,
62354,Right to Vote,2,52,,,,delete,
62355,Brewster Public Library,2,3,Libraries,keyword_match,medium,merge_to_canonical,8131.0
62356,Voting Registration,3,58,Voting Rights,keyword_match,medium,merge_to_canonical,9001.0
62357,Your Vote Counts!,1,4,,,,delete,
62358,Girl Scouts,7,6,,,,delete,
62359,Nomination,7,25,,,,delete,
62360,Senator Serino,1,2,,,,delete,
62361,supply drive,2,5,,,,delete,
62362,Hurricane Florence,2,2,,,,delete,
62363,cancer awareness,10,19,Health Care,keyword_match,medium,merge_to_canonical,7166.0
62364,Montel Williams,1,3,,,,delete,
62398,Constituent Survey,15,78,,,,delete,
62399,municipal water usage,1,6,Local Government,keyword_match,medium,merge_to_canonical,7326.0
62400,Sex trafficking Awareness and Prevention,11,61,,,,delete,
62401,Sexual Assault Prevention,3,26,,,,delete,
62402,Atlantic Antic,4,4,,,,delete,
62403,SMALL BUSINESS EMPOWERMENT,0,15,Small Business,keyword_match,medium,merge_to_canonical,7561.0
62404,Legislative Wrap-Up,1,8,,,,delete,
62405,Close Rikers,14,25,,,,delete,
62406,Revisioning the Criminal Justice System,10,43,Criminal Justice Reform,keyword_match,medium,merge_to_canonical,8546.0
62421,Public Charge,6,20,,,,delete,
62422,Legal Immigration,3,61,Immigration,keyword_match,medium,merge_to_canonical,7221.0
62423,Public Benefits,3,21,,,,delete,
62424,North Salem,6,1,,,,delete,
62425,Golden's Bridge,1,2,,,,delete,
62426,Fall Festivals,3,5,,,,delete,
62427,Fall Festival,2,5,,,,delete,
62428,Octoberfest,1,1,,,,delete,
62429,North Babylon Community,1,2,,,,delete,
62430,Fairs,1,6,,,,delete,
62431,Deer Park Community,1,1,,,,delete,
62432,Islip Community,1,3,,,,delete,
62433,Country Fair,1,3,,,,delete,
62434,COMMUNITY ENGAGEMENT  CIVIC ENGAGEMENT,5,3,Community Development,keyword_match,medium,merge_to_canonical,6856.0
62435,Air National Guard,1,7,,,,delete,
62436,Raguso,1,1,,,,delete,
62438,NYS Department of Transportation,8,39,Transportation,keyword_match,medium,merge_to_canonical,7656.0
62439,Animals Advocacy,3,73,Animal Welfare,keyword_match,medium,merge_to_canonical,9462.0
62440,animal shelters,6,79,Animal Welfare,keyword_match,medium,merge_to_canonical,9462.0
62441,animal rescue,4,79,Animal Welfare,keyword_match,medium,merge_to_canonical,9462.0
62442,affordable health insurance,7,124,Health Care,keyword_match,medium,merge_to_canonical,7166.0
62443,delivering for public schools,10,42,Education,keyword_match,medium,merge_to_canonical,7001.0
62444,Waterfront Development,4,14,,,,delete,
62445,Senator Murphy's Business of the Month Award,1,1,,,,delete,
62446,Buchanan,5,6,,,,delete,
62447,upstate economy,10,92,Economic Development,keyword_match,medium,merge_to_canonical,6996.0
62448,Armed Services,13,28,,,,delete,
62449,State & Municipal Facilities Capital Program,1,5,Local Government,keyword_match,medium,merge_to_canonical,7326.0
62450,Just Transition,1,4,,,,delete,
62451,PFOA and PFOS,6,6,,,,delete,
62452,Putnam County Sheriff,6,7,,,,delete,
62453,Drones,3,11,,,,delete,
62455,Jail Violence,1,6,,,,delete,
62456,bully prevention,2,19,,,,delete,
62457,Protecting Homeowners,7,37,Housing,keyword_match,medium,merge_to_canonical,7201.0
62458,NYC HPD,6,6,,,,delete,
62459,NYC HPD Third Party Transfer Program,4,1,,,,delete,
62460,Preserving Homeownership,1,7,Housing,keyword_match,medium,merge_to_canonical,7201.0
62461,Utility Services,7,22,Utilities,keyword_match,medium,merge_to_canonical,7686.0
62463,Agriculture Education,6,71,Education,keyword_match,medium,merge_to_canonical,7001.0
62464,Animal Safety,3,74,Animal Welfare,keyword_match,medium,merge_to_canonical,9462.0
62465,sewer infiltration,1,3,,,,delete,
62466,child nutrition,1,14,Nutrition,keyword_match,medium,merge_to_canonical,7411.0
62467,Drug Court,1,10,Opioid & Substance Use,keyword_match,medium,merge_to_canonical,
62468,Judge James Reitz,1,3,,,,delete,
62469,Queensboro Bridge. Queens,1,3,,,,delete,
62473,Northern Boulevard,1,2,,,,delete,
62474,Montrose Fire Department,2,1,,,,delete,
62475,Youth Athletics,1,3,Children,keyword_match,medium,merge_to_canonical,6816.0
62476,The Arc of New York,1,1,,,,delete,
62477,grant,5,14,,,,delete,
62478,Western Beef,1,1,,,,delete,
62479,Columbus Day,3,9,,,,delete,
62480,dance,1,6,,,,delete,
62482,FIREFIGHTER AND EMS GRANT OPPORTUNITIES,2,18,First Responders,keyword_match,medium,merge_to_canonical,8930.0
62484,DENTAL AND MENTAL HEALTH SERVICES,2,55,Health Care,keyword_match,medium,merge_to_canonical,7166.0
62485,rural economy,2,13,Economic Development,keyword_match,medium,merge_to_canonical,6996.0
62486,storm surge flooding,3,8,Environment,keyword_match,medium,merge_to_canonical,7036.0
62487,local tax relief,3,22,Taxes,keyword_match,medium,merge_to_canonical,7626.0
62488,Assemblyman James Conte,1,1,,,,delete,
62489,Farm to School,2,13,Education,keyword_match,medium,merge_to_canonical,7001.0
62491,children with disabilities,13,86,Disability Rights,keyword_match,medium,merge_to_canonical,75029.0
62529,Pathways Funding,1,5,,,,delete,
62531,Student Health,7,19,Health Care,keyword_match,medium,merge_to_canonical,7166.0
62532,civil justice,1,26,,,,delete,
62534,1,1,13,,,,delete,
62535,4-dioxane,3,14,,,,delete,
62536,State and Municipal (SAM) Facilities Grant,25,49,Local Government,keyword_match,medium,merge_to_canonical,7326.0
62537,local infrastructure,6,29,Infrastructure,keyword_match,medium,merge_to_canonical,4521.0
62539,Roadways,4,7,,,,delete,
62540,crisis help line,3,7,,,,delete,
62542,Touro College of Dental Medicine at New York Medical College,1,2,Higher Education,keyword_match,medium,merge_to_canonical,7176.0
62543,Cold Spring Harbor,1,1,,,,delete,
62544,Handicapped Accessibility,5,23,Disability Rights,keyword_match,medium,merge_to_canonical,75029.0
62545,Tolerance,21,33,,,,delete,
62546,New York State Black,0,2,,,,delete,
62547,Puerto Rican Hispanic and Asian Legislative Caucus,1,3,,,,delete,
62548,NYS PUERTO RICAN HISPANIC AND ASIAN LEGISLATIVE CAUCUS,3,7,,,,delete,
62549,NYC HPD NYC HPD THIRD PARTY TRANSFER PROGRAM PROTECTING HOMEOWNERS NYS PUERTO RICAN HISPANIC AND ASIAN LEGISLATIVE CAUCUS,1,3,Housing,keyword_match,medium,merge_to_canonical,7201.0
62550,Alternatives to Incarceration,2,58,Criminal Justice Reform,keyword_match,medium,merge_to_canonical,8546.0
62551,Fox Senior Center,1,2,,,,delete,
62552,TBI,2,4,,,,delete,
62554,flood recovery,2,11,,,,delete,
62556,Amazon,77,211,,,,delete,
62557,Millionaire's Tax,5,32,Taxes,keyword_match,medium,merge_to_canonical,7626.0
62558,Trump Administration,18,76,,,,delete,
62559,Federal Funding Cuts,2,10,,,,delete,
62560,Child Development,4,26,,,,delete,
62562,UPROSE,1,3,,,,delete,
62563,Cooperatively-Owned Solar Garden,1,11,Renewable Energy,keyword_match,medium,merge_to_canonical,7511.0
62564,Investing in our Youth,9,51,Children,keyword_match,medium,merge_to_canonical,6816.0
62567,Stop Amazon: #NoHQ2 in LIC,40,86,,,,delete,
62570,Asylum Seekers,20,65,,,,delete,
62571,Caravan,1,4,,,,delete,
62572,local jobs,4,21,Jobs & Employment,keyword_match,medium,merge_to_canonical,7261.0
62573,Senator Brad Hoylman SD27 Newsletters,2,3,,,,delete,
62574,New York Senate Majority Leader,14,40,,,,delete,
62575,Senator Hannon,1,2,,,,delete,
62576,Community Giving,9,18,,,,delete,
62578,CitiBike,1,9,,,,delete,
62579,Bike Sharing,1,14,,,,delete,
62582,Insider Trading,1,3,,,,delete,
62583,Joseph Dwyer Peer-to-Peer Veterans' Support Program,25,32,Veterans,keyword_match,medium,merge_to_canonical,7691.0
62584,anaerobic digesters,1,8,,,,delete,
62585,Community Benefit Agreement,0,6,,,,delete,
62587,Homeowners & Tenants,12,126,Housing,keyword_match,medium,merge_to_canonical,7201.0
62588,Senator O'Mara's December 2018 Legislative Update,1,1,,,,delete,
62589,In Memory of Senator Jose R. Peralta,2,3,,,,delete,
62590,Pay Raise,3,22,,,,delete,
62592,Pay Raises for Elected Officials,5,24,,,,delete,
62593,COMMUNITY BENEFIT AGREEMENT MGM,1,2,,,,delete,
62594,supporting small business,0,43,Small Business,keyword_match,medium,merge_to_canonical,7561.0
62595,New York State Corrections Officers,10,42,Criminal Justice Reform,keyword_match,medium,merge_to_canonical,8546.0
62596,Do Not Call Legislation,3,34,,,,delete,
62597,Robocalls,12,75,,,,delete,
62599,Chair Appointment,1,7,,,,delete,
62600,Senate Health Committee,2,22,Health Care,keyword_match,medium,merge_to_canonical,7166.0
62602,Jakelin Caal,1,1,,,,delete,
62603,U.S. Border Patrol,5,23,,,,delete,
62604,supporting first responders,7,34,First Responders,keyword_match,medium,merge_to_canonical,8930.0
62605,NYC Parks Department,7,33,State Parks & Recreation,keyword_match,medium,merge_to_canonical,
62607,Safe Roads,7,44,Transportation,keyword_match,medium,merge_to_canonical,7656.0
62608,Senator Lanza,2,3,,,,delete,
62611,Senate Leadership,6,30,,,,delete,
62681,Local communities,6,33,,,,delete,
62709,Brooklyn Heights,1,3,,,,delete,
62710,principal for a day,1,2,,,,delete,
62711,College March,3,7,Higher Education,keyword_match,medium,merge_to_canonical,7176.0
62732,Drinking & Driving,3,9,,,,delete,
62915,Conversion Therapy,9,33,,,,delete,
62916,Voting Rights Reform,4,49,Voting Rights,keyword_match,medium,merge_to_canonical,9001.0
62917,Immigrant Protection,9,54,Immigration,keyword_match,medium,merge_to_canonical,7221.0
62965,Grant Funding,28,62,,,,delete,
63084,Aging Committee,12,68,Seniors,keyword_match,medium,merge_to_canonical,7546.0
63085,Social Services Committee,3,35,Social Services,keyword_match,medium,merge_to_canonical,7571.0
63090,Fitness,5,28,,,,delete,
63136,DEMOCRAT DISTRICT 3,0,2,,,,delete,
63194,Public Campaign Financing,5,24,,,,delete,
63195,Campaigns,4,22,,,,delete,
63196,Leadership,5,12,,,,delete,
63197,Governance,2,9,,,,delete,
63252,inauguration sd5 senator gaughran,2,2,,,,delete,
63447,Ridgewood,9,3,,,,delete,
63540,community survey legislative agenda,2,12,,,,delete,
63664,Consumer Affairs,5,35,,,,delete,
63743,Community Activism,5,29,,,,delete,
63744,Luis Garden Acosta,1,1,,,,delete,
63774,Lackawanna,1,3,,,,delete,
63775,Athletic facilities,2,3,,,,delete,
63881,Finance Committee,4,12,Finance,keyword_match,medium,merge_to_canonical,7081.0
63894,economic opportunity,4,25,,,,delete,
63919,Clutter,1,1,,,,delete,
63986,Internet and Technology Subcommittee,1,22,Technology Policy,keyword_match,medium,merge_to_canonical,
64109,Majority Press Conference,1,1,,,,delete,
64178,Combatting Heroin and Opioid Addiction,7,50,Opioid & Substance Use,keyword_match,medium,merge_to_canonical,
64179,NYS Senate Task Force on Heroin and Opioid Addiction,2,15,Opioid & Substance Use,keyword_match,medium,merge_to_canonical,
64218,Election Day,7,86,Elections,keyword_match,medium,merge_to_canonical,7011.0
64496,sd5 inauguration north shore,1,0,,,,delete,
64497,Long Island Cares food drive federal shutdown,4,0,,,,delete,
64502,sd5 north shore swearing in,1,0,,,,delete,
64503,vote by mail,15,123,Elections,keyword_match,medium,merge_to_canonical,7011.0
64510,Election Reform,75,421,Elections,keyword_match,medium,merge_to_canonical,7011.0
64515,No Excuse Absentee Voting,9,47,Voting Rights,keyword_match,medium,merge_to_canonical,9001.0
64568,voter id,3,15,Voting Rights,keyword_match,medium,merge_to_canonical,9001.0
64621,Political Campaigns,15,71,,,,delete,
64717,Middle Class Families,5,36,Families,keyword_match,medium,merge_to_canonical,7061.0
64718,food drive long island cares federal shutdown,1,3,,,,delete,
64819,Executive Budget Proposal,5,26,Budget,keyword_match,medium,merge_to_canonical,6786.0
64844,College Awareness Day,0,2,Higher Education,keyword_match,medium,merge_to_canonical,7176.0
64894,2019-20 Budget,33,139,Budget,keyword_match,medium,merge_to_canonical,6786.0
64895,2019-20 Executive Budget,18,100,Budget,keyword_match,medium,merge_to_canonical,6786.0
64966,Straw Donors,1,2,,,,delete,
65041,Protecting New York Voters,5,27,,,,delete,
65042,Closing the LLC Loophole,1,21,,,,delete,
65043,Same-Day Voter Registration,3,25,Voting Rights,keyword_match,medium,merge_to_canonical,9001.0
65047,kratom,4,13,,,,delete,
65048,clara's law,1,7,,,,delete,
65101,Upstate Summit,1,7,,,,delete,
65102,Creating Opportunities,1,9,,,,delete,
65266,Community Policing,10,36,,,,delete,
65268,Adult Learning,2,29,,,,delete,
65269,HSE,1,0,,,,delete,
65270,GED,1,5,,,,delete,
65271,state funding,24,82,,,,delete,
65350,Staten Island,3,9,,,,delete,
65351,civics education,7,55,Education,keyword_match,medium,merge_to_canonical,7001.0
65352,Senator Harckham,77,25,,,,delete,
65354,Governor Cuomo,25,148,,,,delete,
65355,Voter Reform,4,42,Voting Rights,keyword_match,medium,merge_to_canonical,9001.0
65356,Democrats,4,30,,,,delete,
65374,School infrastructure,3,8,Education,keyword_match,medium,merge_to_canonical,7001.0
65404,LGBTQ Rights,37,216,LGBTQ+ Rights,keyword_match,medium,merge_to_canonical,
65551,Penal Law,6,42,,,,delete,
65592,NYS Senate Majority Press Conference,4,15,,,,delete,
65785,Swearing In,16,13,,,,delete,
65899,Standardized testing,2,24,,,,delete,
65900,Sen. James Tedisco,1,3,,,,delete,
65901,NYS Senate Distict 49,1,2,,,,delete,
66031,Blue Book,8,10,,,,delete,
66056,2019 Community and Legislative Survey,1,17,,,,delete,
66168,Aid and Incentives to Municipalities,8,51,Local Government,keyword_match,medium,merge_to_canonical,7326.0
66227,Build the Block,5,4,,,,delete,
66316,NYS Dream Act,7,58,Immigration,keyword_match,medium,merge_to_canonical,7221.0
66369,government shutdown,16,25,,,,delete,
66644,2019-2020 Executive Budget Analysis,1,21,Budget,keyword_match,medium,merge_to_canonical,6786.0
66645,Budget Hearings,12,54,Budget,keyword_match,medium,merge_to_canonical,6786.0
66653,Hospital,14,27,Health Care,keyword_match,medium,merge_to_canonical,7166.0
66654,homeless crisis,6,43,Homelessness,keyword_match,medium,merge_to_canonical,10068.0
66662,American Red Cross,40,61,,,,delete,
66663,smoke alarms,5,19,,,,delete,
66699,YOUTHBUILD CONSTRUCTION AND AFFORDABLE HOUSING,2,9,Housing,keyword_match,medium,merge_to_canonical,7201.0
66701,Sen. Harckham,3,1,,,,delete,
66702,SD 40,71,39,,,,delete,
66703,2019,1,21,,,,delete,
66704,Webform,1,2,,,,delete,
66705,Senator Montgomery's School Suspension Bill (S767),0,1,Education,keyword_match,medium,merge_to_canonical,7001.0
66706,Ending the School to Prison Pipeline,7,47,Education,keyword_match,medium,merge_to_canonical,7001.0
66707,Montgomery/Nolan School Suspension Bill (S767),2,3,Education,keyword_match,medium,merge_to_canonical,7001.0
66819,GUN VIOLENCE PREVENTION GUN VIOLENCE,2,65,Gun Control,keyword_match,medium,merge_to_canonical,7141.0
66820,Child Victims Act (CVA),27,58,Children,keyword_match,medium,merge_to_canonical,6816.0
6691,Abduction,15,49,,,,delete,
66949,constitution,2,24,,,,delete,
6696,Absentee Voting,53,384,Voting Rights,keyword_match,medium,merge_to_canonical,9001.0
66964,red flag bill,5,43,,,,delete,
66969,Identity Evropa,1,1,,,,delete,
66970,white supremacy,20,56,,,,delete,
66971,white Nationalism,2,24,,,,delete,
66972,gun buyback program; gun violence prevention,1,78,Gun Control,semicolon_first_term_keyword,medium,merge_to_canonical,7141.0
66973,Child Victims Act Child,1,6,Children,keyword_match,medium,merge_to_canonical,6816.0
66974,gun buyback program,5,86,Gun Control,keyword_match,medium,merge_to_canonical,7141.0
6701,Adoption,19,138,Children,keyword_match,medium,merge_to_canonical,6816.0
67036,DOCCS,10,39,,,,delete,
67038,SNUG Program,6,5,,,,delete,
67039,The Bronx,23,18,,,,delete,
6706,Agencies,162,108,,,,delete,
67083,Office Hours,12,6,,,,delete,
6711,Aging,882,634,Seniors,seed_exact,high,merge_to_canonical,7546.0
6716,Agriculture,1529,1177,Agriculture,seed_exact,high,already_canonical,6716.0
6721,AIDS/HIV,27,111,Health Care,keyword_match,medium,merge_to_canonical,7166.0
67254,Climate & Community Protection Act,22,188,,,,delete,
6726,Air or Airplane,21,56,,,,delete,
6731,Alcohol,166,128,Opioid & Substance Use,seed_exact,high,merge_to_canonical,
6736,Alternative Transport,60,83,,,,delete,
6741,Appellate,9,27,,,,delete,
67449,Ethics and Internal Governance,59,271,Ethics,keyword_match,medium,merge_to_canonical,7051.0
6746,Arson,6,18,,,,delete,
6751,Arts and Culture,857,699,Arts & Culture,seed_exact,high,merge_to_canonical,80871.0
67534,Offshore Drilling,12,32,,,,delete,
67535,Gun Buybacks,3,63,Gun Control,keyword_match,medium,merge_to_canonical,7141.0
67536,Budget Forum,10,20,Budget,keyword_match,medium,merge_to_canonical,6786.0
67537,Pop Up,1,0,,,,delete,
67538,#GMobile,8,40,,,,delete,
67539,Metropolitan Detention Center,1,2,,,,delete,
6756,Attorney General,29,163,,,,delete,
6761,Authorities and Commissions,549,325,,,,delete,
6766,Bailouts,0,57,,,,delete,
6771,Bankruptcy,2,40,,,,delete,
6776,Banks,288,358,Finance,seed_exact,high,merge_to_canonical,7081.0
6781,Broadband,60,272,Telecommunications,keyword_match,medium,merge_to_canonical,7631.0
67841,Community Education Council,1,22,Education,keyword_match,medium,merge_to_canonical,7001.0
6786,Budget,1844,1197,Budget,seed_exact,high,already_canonical,6786.0
6791,Building or Inspections,26,49,,,,delete,
67940,Bluebelt,2,1,,,,delete,
67941,Department of Environmental Protection,4,84,Environment,keyword_match,medium,merge_to_canonical,7036.0
6796,Campaign Finance,125,286,Campaign Finance,seed_exact,high,already_canonical,6796.0
6801,Cell Phones,63,113,,,,delete,
6806,Census,222,79,,,,delete,
68061,Small donor matching,2,5,,,,delete,
68062,Democracy reform,11,55,,,,delete,
68063,Disability Services,14,113,Disability Rights,keyword_match,medium,merge_to_canonical,75029.0
68099,Meet and Greet,3,7,,,,delete,
68100,Michael Kozloski,1,0,,,,delete,
6811,Child Molestation,45,69,,,,delete,
68112,Oil and Gas,4,23,,,,delete,
6816,Children,1098,795,Children,seed_exact,high,already_canonical,6816.0
68177,gun reform,11,228,Gun Control,keyword_match,medium,merge_to_canonical,7141.0
68179,Opportunity Zones,7,13,,,,delete,
68180,Capital Gains Taxes,1,21,Taxes,keyword_match,medium,merge_to_canonical,7626.0
68190,State of the Union,2,9,Labor,keyword_match,medium,merge_to_canonical,7286.0
6821,Cities,227,192,Local Government,seed_exact,high,merge_to_canonical,7326.0
68212,Constitutional Amendments,3,52,,,,delete,
6826,Civil,10,37,,,,delete,
68281,Racial Justice,13,221,Civil Rights,keyword_match,medium,merge_to_canonical,6831.0
6831,Civil Rights,315,1248,Civil Rights,seed_exact,high,already_canonical,6831.0
68326,Community Survey,15,48,,,,delete,
68327,NYS Senator Julia Salazar,32,67,,,,delete,
68328,Senate District 18,2,1,,,,delete,
68329,Govenor,0,1,,,,delete,
68330,NYS Senator Salazar,0,1,,,,delete,
68331,NYS Senator's Salazar,0,1,,,,delete,
68332,Ramos,1,1,,,,delete,
68333,Jackson,1,0,,,,delete,
68334,Myrie,1,1,,,,delete,
68335,Census Senator's Salazar,0,2,,,,delete,
68336,2020 Census,39,156,,,,delete,
68337,Salazar,1,2,,,,delete,
68338,Meeting Requests,5,13,,,,delete,
68339,NYS Senator Rachel May,2,6,,,,delete,
68340,SD 53,5,15,,,,delete,
68352,AIM,3,5,,,,delete,
68353,Local Funding,9,27,,,,delete,
6836,Civil Service  and Pensions,193,883,Civil Service & Pensions,seed_exact,high,merge_to_canonical,
68365,Third-Term Abortion,2,65,Reproductive Rights,keyword_match,medium,merge_to_canonical,9346.0
68368,Black History Month Celebration,17,36,,,,delete,
68372,Alcoholism and Substance Abuse,27,131,Opioid & Substance Use,keyword_match,medium,merge_to_canonical,
68380,Monroe-Woodbury,6,3,,,,delete,
68389,newburgh,4,1,,,,delete,
6841,Climate Change,257,1792,Climate Change,seed_exact,high,already_canonical,6841.0
6846,Coast Guard,12,35,,,,delete,
6851,Codes,363,478,,,,delete,
6856,Community Development,485,477,Community Development,seed_exact,high,already_canonical,6856.0
68579,Valentine's For Vets,6,6,,,,delete,
6861,Community Reinvestment,312,165,Community Development,seed_exact,high,merge_to_canonical,6856.0
68628,Inmates,7,64,,,,delete,
68629,Prisoners,9,71,Criminal Justice Reform,keyword_match,medium,merge_to_canonical,8546.0
6866,Commuter Tax,8,39,Taxes,keyword_match,medium,merge_to_canonical,7626.0
6871,Congress,17,94,,,,delete,
68743,Senator Hackham,1,1,,,,delete,
68744,Leonard Spano,1,0,,,,delete,
68752,Legislative Commission on Rural Resources,26,44,,,,delete,
6876,Constituents Corner,1516,230,,safe_delete,high,delete,
68782,Committees,4,12,,,,delete,
6881,Construction,190,228,Infrastructure,seed_exact,high,merge_to_canonical,4521.0
68810,Local Governments,11,41,Local Government,keyword_match,medium,merge_to_canonical,7326.0
68811,AIM Funding,21,17,,,,delete,
68834,Nissequogue River State Park,3,4,,,,delete,
68835,Kings Park,8,5,,,,delete,
6886,Consumer Protection,801,1425,Consumer Protection,seed_exact,high,already_canonical,6886.0
6891,Continuing Education,131,214,Higher Education,seed_exact,high,merge_to_canonical,7176.0
6896,Controlled Substances,392,393,Opioid & Substance Use,seed_exact,high,merge_to_canonical,
6901,Corporate Tax,8,46,Taxes,keyword_match,medium,merge_to_canonical,7626.0
69011,2019 Women of Distinction,123,60,Women of Distinction,keyword_match,medium,merge_to_canonical,8989.0
69018,Elections Reforms,13,93,Elections,keyword_match,medium,merge_to_canonical,7011.0
69019,Democracy Reforms,1,15,,,,delete,
69020,Petitions,6,49,,,,delete,
69027,Transit Systems,3,21,,,,delete,
69028,Authorities,2,7,,,,delete,
6906,Corporations,277,403,Finance,seed_exact,high,merge_to_canonical,7081.0
6911,Correctional,250,172,Criminal Justice Reform,seed_exact,high,merge_to_canonical,8546.0
69157,Budget and Revenues,13,81,Budget,keyword_match,medium,merge_to_canonical,6786.0
69158,Domestic Animal Welfare,41,223,Animal Welfare,keyword_match,medium,merge_to_canonical,9462.0
69159,Transportation Infrastructure,4,38,Infrastructure,keyword_match,medium,merge_to_canonical,4521.0
6916,Courts,136,226,Judiciary,seed_exact,high,merge_to_canonical,7271.0
69168,Creating Pathways for our Youth,3,12,Children,keyword_match,medium,merge_to_canonical,6816.0
69169,CAUCUS WEEKEND 2019,2,3,,,,delete,
69181,Mobile Office Hours,164,59,,,,delete,
6921,Credit,12,33,,,,delete,
6926,Crime,1760,909,Crime,seed_exact,high,already_canonical,6926.0
6931,Criminal,118,99,,,,delete,
69327,commercial licenses,1,7,,,,delete,
69328,Wyoming County,3,0,,,,delete,
69346,Vietnam Veterans Day,15,23,Veterans,keyword_match,medium,merge_to_canonical,7691.0
69348,CPV; Survey; Health Impacts Survey,0,4,,,,delete,
69349,CPV,9,2,,,,delete,
69350,Survey,6,23,,,,delete,
69351,Health Impacts Survey,3,8,Health Care,keyword_match,medium,merge_to_canonical,7166.0
69352,HOPP Funding,4,3,,,,delete,
69353,Communities First Initiative,1,4,,,,delete,
69354,Protecting NY Homeowners,26,159,Housing,keyword_match,medium,merge_to_canonical,7201.0
6936,CUNY (City University of New York),94,104,Higher Education,keyword_match,medium,merge_to_canonical,7176.0
69365,#FixTheSubway,13,210,Transportation,keyword_match,medium,merge_to_canonical,7656.0
69366,american water,6,23,,,,delete,
69385,town hall nassau,1,0,,,,delete,
69386,nassau county town hall,1,2,,,,delete,
69387,suffolk county town hall,1,2,,,,delete,
69388,LIPA energy long island power authority,11,26,Energy,keyword_match,medium,merge_to_canonical,7026.0
6941,Dairy,83,61,,,,delete,
69444,2018 CNN Heroes,1,12,,,,delete,
69445,Creating New Pathways for Youth,5,15,Children,keyword_match,medium,merge_to_canonical,6816.0
69447,2018 CNN Hero,3,12,,,,delete,
69448,Community Hero,7,15,,,,delete,
6946,Death Penalty,10,61,,,,delete,
6951,Deficit,4,23,,,,delete,
6956,Developmental Disabilities,334,540,Developmental Disabilities,seed_exact,high,already_canonical,6956.0
6961,Disability,188,377,Disability Rights,seed_exact,high,merge_to_canonical,75029.0
69639,Menhaden,2,0,,,,delete,
69655,STAR (School Tax Relief Program) Enhanced Star,2,23,Education,keyword_match,medium,merge_to_canonical,7001.0
69656,CCPA,10,18,,,,delete,
6966,DMV (Department of Motor Vehicles),164,225,Transportation,seed_exact,high,merge_to_canonical,7656.0
69681,Specialized High School Admission,7,35,Education,keyword_match,medium,merge_to_canonical,7001.0
69682,Equitable School Funding,12,40,Education,keyword_match,medium,merge_to_canonical,7001.0
69683,PEP,1,0,,,,delete,
69685,Campaign for Fiscal Equity,4,11,,,,delete,
69695,Natural Disaster Task Force,1,6,,,,delete,
69696,natural disaster,3,13,,,,delete,
69703,Persian History,10,3,,,,delete,
69704,Biography,1,2,,,,delete,
69705,CREATING NEW CAREER PATHWAYS FOR YOUTH,8,17,Children,keyword_match,medium,merge_to_canonical,6816.0
69706,CREATING NEW PATHWAYS FOR OUR YOUTH,1,6,Children,keyword_match,medium,merge_to_canonical,6816.0
69707,YOUTH EMPLOYMENT AND  WORKFORCE DEVELOPMENT,2,17,Jobs & Employment,keyword_match,medium,merge_to_canonical,7261.0
69708,Red Hook,2,0,,,,delete,
6971,Domestic Violence,326,638,Domestic Violence,seed_exact,high,already_canonical,6971.0
69753,NYS Transit Networks,11,24,,,,delete,
69754,Student Loan Consumer Assistance Program,2,22,Education,keyword_match,medium,merge_to_canonical,7001.0
69757,2019-2020 Budget,26,63,Budget,keyword_match,medium,merge_to_canonical,6786.0
69758,Public Forum,8,23,,,,delete,
69759,Extended Office Hours,8,1,,,,delete,
6976,Drugs,423,386,Opioid & Substance Use,seed_exact,high,merge_to_canonical,
69767,Healthcare Jobs,2,19,Health Care,keyword_match,medium,merge_to_canonical,7166.0
69790,community outreach,39,44,,,,delete,
69797,local property taxpayers,9,75,Budget,keyword_match,medium,merge_to_canonical,6786.0
69799,Common Retirement Fund,5,24,Civil Service & Pensions,keyword_match,medium,merge_to_canonical,
6981,Drunk Driving,222,105,Drunk Driving,seed_exact,high,already_canonical,6981.0
69821,District,0,6,,,,delete,
69844,Cemeteries,5,12,,,,delete,
6986,Earth Day,246,209,Environment,keyword_match,medium,merge_to_canonical,7036.0
69892,Healthy Moms and Babies,10,47,,,,delete,
69897,Children and Families Committee,20,90,Families,keyword_match,medium,merge_to_canonical,7061.0
69898,NYS Office of Children and Family Services,12,35,Families,keyword_match,medium,merge_to_canonical,7061.0
69899,Kinship Caregivers,3,6,,,,delete,
69900,Runaway and Homeless Youth,3,13,Children,keyword_match,medium,merge_to_canonical,6816.0
69901,Senate,2,12,,,,delete,
69902,Assembly,3,25,,,,delete,
69903,Criminalizing Revenge Porn,13,25,,,,delete,
69908,NYC HPD Third Party Transfer Program and the HDFC Crisis,5,4,,,,delete,
69909,Predatory foreclosures practices,7,24,Housing,keyword_match,medium,merge_to_canonical,7201.0
6991,Earthquakes,1,13,,,,delete,
69910,Deed Theft,30,141,,,,delete,
69911,Water and Sewage Liens,3,5,,,,delete,
69922,Re-Open New York for Business,2,13,,,,delete,
69929,Senator Cathy Young,1,0,,,,delete,
69930,Western New York,11,70,,,,delete,
69931,re-open ny,2,18,,,,delete,
69932,Syracuse Town Hall,2,3,,,,delete,
69933,Fair Elections,4,48,Elections,keyword_match,medium,merge_to_canonical,7011.0
69940,Railroad crossing camera,4,5,,,,delete,
69942,dating violence,2,9,,,,delete,
69943,Teen Dating Violence Awareness Month,1,5,,,,delete,
69946,Easter 2019,4,1,,,,delete,
69947,SFY 2019-20,1,0,,,,delete,
69948,Marijuana Regulation and Taxation Act (MRTA),25,269,Taxes,keyword_match,medium,merge_to_canonical,7626.0
69949,Economic,13,117,,,,delete,
69950,Revenue,8,23,,,,delete,
69951,Drivers Safety,3,6,,,,delete,
6996,Economic Development,2650,1661,Economic Development,seed_exact,high,already_canonical,6996.0
69974,2019 Youth Leadership,2,17,Children,keyword_match,medium,merge_to_canonical,6816.0
69981,Climate and Community Protection Act,13,85,,,,delete,
70005,Sign-Up to Receive News & Updates,7,80,,,,delete,
7001,Education,4334,5258,Education,seed_exact,high,already_canonical,7001.0
70025,Disability & Seniors Funding,2,35,Disability Rights,keyword_match,medium,merge_to_canonical,75029.0
70027,Healthy Babies,5,8,,,,delete,
70028,voter friendly ballot act,2,9,Voting Rights,keyword_match,medium,merge_to_canonical,9001.0
70029,Economic Review,1,3,,,,delete,
70030,GDP,1,2,,,,delete,
70031,New Paltz,11,4,,,,delete,
70032,Staff Mobile Office Hours,4,4,,,,delete,
70033,Port Jervis,5,2,,,,delete,
7006,EITC (Earned Income Tax Credit),24,55,Taxes,keyword_match,medium,merge_to_canonical,7626.0
7011,Elections,748,1699,Elections,seed_exact,high,already_canonical,7011.0
70156,Bail Elimination Act,5,85,Criminal Justice Reform,keyword_match,medium,merge_to_canonical,8546.0
7016,Electricity,164,150,Energy,seed_exact,high,merge_to_canonical,7026.0
70178,Industrial Development Agencies,30,35,,,,delete,
70179,Oversight,9,23,,,,delete,
70183,Building NEW PATHWAYS FOR YOUTH,2,8,Children,keyword_match,medium,merge_to_canonical,6816.0
70184,American Icon,2,5,,,,delete,
70185,Freedom Schools,2,13,Education,keyword_match,medium,merge_to_canonical,7001.0
70194,Senator Gaughran,11,16,,,,delete,
70195,Jim Gaughran,5,7,,,,delete,
7021,Emergency Services or FEMA,116,82,,,,delete,
70221,Gun Safety; S2450,1,78,Gun Control,semicolon_first_term_seed,high,merge_to_canonical,7141.0
70223,tech,2,9,,,,delete,
70250,Internet and Technology,53,272,Technology Policy,keyword_match,medium,merge_to_canonical,
7026,Energy,803,1205,Energy,seed_exact,high,already_canonical,7026.0
70293,Nowruz,5,1,,,,delete,
70294,Persian New Year,5,0,,,,delete,
70298,sex work,4,21,,,,delete,
70308,Montgomery Laws,1,11,,,,delete,
7031,Energy for Small Business,56,52,Small Business,keyword_match,medium,merge_to_canonical,7561.0
70311,Safe Communities,3,17,,,,delete,
70314,Cider,7,21,,,,delete,
70315,School Transportation,5,12,Education,keyword_match,medium,merge_to_canonical,7001.0
70316,Syracuse,9,15,,,,delete,
70317,Tugboat,1,7,,,,delete,
70318,Tugboat Urger,1,5,,,,delete,
70319,Erie Canal,5,25,,,,delete,
70320,School Gardens,2,27,Education,keyword_match,medium,merge_to_canonical,7001.0
70324,Urban Planning,1,7,,,,delete,
70325,Smart Growth,2,8,,,,delete,
70326,Bottle Bill,7,36,,,,delete,
70327,International Women's Day,6,5,,,,delete,
70329,Metro-North,5,5,,,,delete,
7036,Environment,1657,2472,Environment,seed_exact,high,already_canonical,7036.0
70363,New York Conference of Italian-American Legislators,10,10,,,,delete,
70372,neighborhood impact study,2,2,,,,delete,
70373,811,1,3,,,,delete,
70374,digging,1,3,,,,delete,
70375,excavation,1,1,,,,delete,
70377,Local Roads. Bridges,7,24,Transportation,keyword_match,medium,merge_to_canonical,7656.0
7041,EPIC (Elderly Pharmaceutical Insurance Coverage Program),151,66,Insurance,keyword_match,medium,merge_to_canonical,7236.0
70415,#CoffeeWithJen,1,41,,,,delete,
70416,Delhi,7,2,,,,delete,
70447,Healthcare Funding,1,21,Health Care,keyword_match,medium,merge_to_canonical,7166.0
7046,ESDC (Empire State Development Corporation),79,69,,,,delete,
70488,New York City Education,11,66,Education,keyword_match,medium,merge_to_canonical,7001.0
70493,DEED THEFT AND EQUITY THEFT,18,35,,,,delete,
70494,REDLINING AND PREDATORY FORECLOSURE PRACTICES,2,11,Housing,keyword_match,medium,merge_to_canonical,7201.0
70495,Impact of Water and Sewage Liens,11,18,,,,delete,
70496,NYC HPD Third Party Transfer Program and HDFC Crisis,2,1,,,,delete,
7051,Ethics,628,608,Ethics,seed_exact,high,already_canonical,7051.0
70551,Prostitution,1,6,,,,delete,
7056,Executive,61,26,,,,delete,
70560,HOUSING CRISIS,10,83,Housing,keyword_match,medium,merge_to_canonical,7201.0
70598,Northport,3,8,,,,delete,
7061,Families,1330,386,Families,seed_exact,high,already_canonical,7061.0
70631,Mental Health Funding,3,53,Health Care,keyword_match,medium,merge_to_canonical,7166.0
7066,Family,88,188,,,,delete,
70669,Multilingual Learners,1,13,,,,delete,
70672,Building Violations,1,30,,,,delete,
70673,Tenant Protections,23,198,,,,delete,
70675,New York City housing,3,41,Housing,keyword_match,medium,merge_to_canonical,7201.0
70676,Legal Fees,1,12,,,,delete,
70677,Housing Law,2,35,Housing,keyword_match,medium,merge_to_canonical,7201.0
70678,Housing Fees,1,16,Housing,keyword_match,medium,merge_to_canonical,7201.0
70679,Department of Housing and Community Renewal,3,48,Housing,keyword_match,medium,merge_to_canonical,7201.0
70680,Mechanical Voids,2,3,,,,delete,
70681,state employees,6,53,,,,delete,
70682,attorneys,3,47,,,,delete,
70685,Advocacy,10,90,,,,delete,
70687,Grassroots Advocacy,1,0,,,,delete,
70690,SD 31,8,11,,,,delete,
70692,Advocacy Day,2,17,,,,delete,
70693,Grassroots,1,3,,,,delete,
70704,Budget Bills,1,9,Budget,keyword_match,medium,merge_to_canonical,6786.0
70707,Domestic Violence Survivors Justice Act,7,39,Domestic Violence,keyword_match,medium,merge_to_canonical,6971.0
70708,Sentencing Reform,5,19,Criminal Justice Reform,keyword_match,medium,merge_to_canonical,8546.0
70709,Ending Mss Incarceration,0,16,Criminal Justice Reform,keyword_match,medium,merge_to_canonical,8546.0
7071,Federal Programs,74,87,,,,delete,
70710,Protecting New York Workers,7,59,,,,delete,
70711,Fiscal Accountability,4,3,Ethics,keyword_match,medium,merge_to_canonical,7051.0
70712,Ending state subsidies to employers who outsource NY jobs,1,6,Jobs & Employment,keyword_match,medium,merge_to_canonical,7261.0
70734,Student Mental Health,2,20,Health Care,keyword_match,medium,merge_to_canonical,7166.0
70749,Driver’s Licenses for Immigrants,13,90,Immigration,keyword_match,medium,merge_to_canonical,7221.0
70753,Persian Culture,12,5,,,,delete,
70754,General Conference Committee,9,11,,,,delete,
70755,Mothership,8,22,,,,delete,
7076,Federal Stimulus,19,43,,,,delete,
70763,2019 Budget,4,31,Budget,keyword_match,medium,merge_to_canonical,6786.0
70766,mammogram screening,25,33,,,,delete,
70767,Nassau County Reassessment,1,6,,,,delete,
70769,Civil Service and Pensions Committee,6,40,Civil Service & Pensions,keyword_match,medium,merge_to_canonical,
70770,Legislative Student Art Exhibit,1,1,Education,keyword_match,medium,merge_to_canonical,7001.0
70771,2019 Legislative Student Art Exhibit,1,9,Education,keyword_match,medium,merge_to_canonical,7001.0
70772,student art,2,4,Education,keyword_match,medium,merge_to_canonical,7001.0
7081,Finance,955,964,Finance,seed_exact,high,already_canonical,7081.0
7086,Financial Aid,80,84,,,,delete,
70865,farmworker fair labor practices act,10,27,Labor,keyword_match,medium,merge_to_canonical,7286.0
70866,public school funding,31,112,Education,keyword_match,medium,merge_to_canonical,7001.0
70867,supporting local municipalities,16,21,Local Government,keyword_match,medium,merge_to_canonical,7326.0
70879,2019-2020 New York State Budget Resolution,5,42,Budget,keyword_match,medium,merge_to_canonical,6786.0
70895,Awards,16,14,,,,delete,
7091,Firefighters,430,300,First Responders,seed_exact,high,merge_to_canonical,8930.0
70912,Protecting Waterways,4,24,,,,delete,
70930,Small Donor Public Financing System,1,9,,,,delete,
70954,S4089,1,2,,,,delete,
7096,Food Stamps,20,115,Nutrition,keyword_match,medium,merge_to_canonical,7411.0
70962,Landlords,20,128,,,,delete,
70963,Housing Conditions,4,44,Housing,keyword_match,medium,merge_to_canonical,7201.0
70964,Central New York,55,15,,,,delete,
70966,DEIS,1,0,,,,delete,
70967,Disability Funding,7,65,Disability Rights,keyword_match,medium,merge_to_canonical,75029.0
70968,Taxpayer Relief,5,42,Budget,keyword_match,medium,merge_to_canonical,6786.0
70994,New York State Legislature,17,128,,,,delete,
70998,#FixTheSubways,2,144,Transportation,keyword_match,medium,merge_to_canonical,7656.0
71001,NYC HPD THIRD PARTY TRANSFER PROGRAM AND THE HDFC CRISIS. PROTECTING NY HOMEOWNERS,3,4,Housing,keyword_match,medium,merge_to_canonical,7201.0
71002,EED THEFT AND EQUITY THEFT,1,0,,,,delete,
7101,Foreclosure,178,164,Housing,seed_exact,high,merge_to_canonical,7201.0
71026,gambling problem,2,3,Gaming,keyword_match,medium,merge_to_canonical,7111.0
71029,death benefits,5,10,,,,delete,
71030,Williams Pipeline,3,9,,,,delete,
71051,Empowering Parents,1,5,,,,delete,
71052,Empowering Students and Parents,11,34,Education,keyword_match,medium,merge_to_canonical,7001.0
71053,Maple Day,1,0,,,,delete,
71054,FFA,1,1,,,,delete,
71055,Emergency Management,12,28,Emergency Management,keyword_match,medium,already_canonical,71055.0
7106,Foster Care,31,113,Children,keyword_match,medium,merge_to_canonical,6816.0
71099,Call Center Jobs Act,3,7,Jobs & Employment,keyword_match,medium,merge_to_canonical,7261.0
7111,Gaming,179,104,Gaming,seed_exact,high,already_canonical,7111.0
71110,Maternal Mortality,10,37,,,,delete,
71111,Maternal Morbidity,5,19,,,,delete,
71147,REDLINING AND PREDATORY FORECLOSURES PRACTICES,3,15,Housing,keyword_match,medium,merge_to_canonical,7201.0
7116,General,146,38,,,,delete,
71195,1-81,1,53,,,,delete,
71196,Every Child Deserves A Quality Education,4,32,Education,keyword_match,medium,merge_to_canonical,7001.0
71198,systemic failures in our educational system,4,26,,,,delete,
71202,double jeopardy,8,11,,,,delete,
7121,Going Green,215,290,Climate Change,seed_exact,high,merge_to_canonical,6841.0
71216,emergency medicine,1,4,,,,delete,
71227,food waste,7,33,,,,delete,
71230,agriculture in the classroom,1,13,Agriculture,keyword_match,medium,merge_to_canonical,6716.0
71240,fraud,9,34,,,,delete,
71241,nassau county,36,61,,,,delete,
71242,obstruction of justice,1,4,,,,delete,
71243,edward mangano,1,0,,,,delete,
71256,NYS Common Retirement Fund,1,22,Civil Service & Pensions,keyword_match,medium,merge_to_canonical,
71257,Fossil Fuels,13,53,,,,delete,
7126,Government Operations,936,249,Ethics,keyword_match,medium,merge_to_canonical,7051.0
71278,State Pension Fund,2,27,,,,delete,
7131,Green Cards,9,22,,,,delete,
71319,School Diversity,12,59,Education,keyword_match,medium,merge_to_canonical,7001.0
71323,Greek History Month,9,2,,,,delete,
71324,Greek-Americans,2,1,,,,delete,
7136,Green Jobs,47,143,Jobs & Employment,keyword_match,medium,merge_to_canonical,7261.0
71384,Sunnyside,15,5,,,,delete,
71403,NYSPHSAA,2,3,,,,delete,
71404,Coyote Management,4,12,,,,delete,
71407,Phony Phone Calls,1,19,,,,delete,
71408,Multiculturalism,2,9,Arts & Culture,keyword_match,medium,merge_to_canonical,80871.0
7141,Gun Control,389,2646,Gun Control,seed_exact,high,already_canonical,7141.0
71442,TRANSPORTATION PUBLIC SAFETY,4,15,Transportation,keyword_match,medium,merge_to_canonical,7656.0
7146,HAVA (Help America Vote Act),26,42,,,,delete,
71474,Marriage,6,22,,,,delete,
71475,Domestic Relations Law,1,13,,,,delete,
71477,Woodside,13,5,,,,delete,
71500,Name Changes,2,9,,,,delete,
71502,NYC HPD THIRD PARTY TRANSFER PROGRAM AND THE HDFC CRISI,1,0,,,,delete,
71504,NYPA,4,6,,,,delete,
71505,MTA Forensic Audit,5,8,MTA,keyword_match,medium,merge_to_canonical,9222.0
71508,veteran funding,1,14,,,,delete,
71509,peer-to-peer,1,6,,,,delete,
7151,Hazardous Waste,148,66,,,,delete,
71510,Bail Discover and Speedy Trial Reform,3,47,Criminal Justice Reform,keyword_match,medium,merge_to_canonical,8546.0
71512,Transforming the Discovery Process,3,20,,,,delete,
71513,Bail and Pretrial Detention Reform,17,278,Criminal Justice Reform,keyword_match,medium,merge_to_canonical,8546.0
71514,Train Service,3,18,,,,delete,
71545,NYS SENATOR PERSAUD SENATOR PERSAUD PERSAUD,1,1,,,,delete,
71551,empowering voters,10,69,,,,delete,
71552,bus lanes,2,9,,,,delete,
71554,Free Services,4,37,,,,delete,
7156,Hazards,12,13,,,,delete,
7161,Health,2609,3435,Health Care,seed_exact,high,merge_to_canonical,7166.0
7166,Health Care,687,2399,Health Care,seed_exact,high,already_canonical,7166.0
71667,Tax Burden Relief,1,10,Taxes,keyword_match,medium,merge_to_canonical,7626.0
71668,REDLINING AND PREDATORY PRACTICES,13,45,,,,delete,
71669,HOMEOWNER HARASSMENT,11,21,Housing,keyword_match,medium,merge_to_canonical,7201.0
71670,PRESERVING AND PROTECTING GENERATIONAL WEALTH,25,30,,,,delete,
71688,2019 Veteran Hall of Fame,0,7,,,,delete,
7171,Heating,86,54,,,,delete,
71730,Jamaica Bay,8,11,,,,delete,
71731,Homeless Veterans,3,34,Veterans,keyword_match,medium,merge_to_canonical,7691.0
71732,Autism Awareness,9,41,Developmental Disabilities,keyword_match,medium,merge_to_canonical,6956.0
71733,hiring event,5,7,,,,delete,
71744,Student Athletics,3,3,Education,keyword_match,medium,merge_to_canonical,7001.0
7176,Higher Education,867,1951,Higher Education,seed_exact,high,already_canonical,7176.0
71763,2019-2020 State Budget,6,93,Budget,keyword_match,medium,merge_to_canonical,6786.0
71771,Harckham,2,2,,,,delete,
71772,Budget 2019,1,1,Budget,keyword_match,medium,merge_to_canonical,6786.0
71773,Recreation,12,39,State Parks & Recreation,keyword_match,medium,merge_to_canonical,
71784,veterans issues,31,99,Veterans,keyword_match,medium,merge_to_canonical,7691.0
71803,veterans funding,5,13,Veterans,keyword_match,medium,merge_to_canonical,7691.0
7181,Highways,305,155,Transportation,seed_exact,high,merge_to_canonical,7656.0
71832,golf tax,1,6,Taxes,keyword_match,medium,merge_to_canonical,7626.0
71833,Endowment,2,5,,,,delete,
71835,Pipelines,6,8,,,,delete,
71836,Measles,17,92,,,,delete,
71838,Increasing The Age To Purchase Tobacco Products,1,9,,,,delete,
7186,Historical Preservation,166,149,Historical Preservation,seed_exact,high,already_canonical,7186.0
71868,New York State Senate Veterans Hall of Fame,223,35,Veterans,keyword_match,medium,merge_to_canonical,7691.0
71878,national crime victims' rights week,4,7,Crime,keyword_match,medium,merge_to_canonical,6926.0
71898,Town of Hempstead,8,13,,,,delete,
71899,Physicians,2,41,,,,delete,
71900,Narrowsburg,1,1,,,,delete,
7191,Homeland Security,305,441,Public Safety,seed_exact,high,merge_to_canonical,8316.0
71914,Yonkers,10,6,,,,delete,
71915,green energy,16,109,Energy,keyword_match,medium,merge_to_canonical,7026.0
71953,Specialized High School Admissions,4,17,Education,keyword_match,medium,merge_to_canonical,7001.0
7196,Hospitals,269,271,Health Care,keyword_match,medium,merge_to_canonical,7166.0
71964,Good Cause Eviction,18,106,Tenant Rights,keyword_match,medium,merge_to_canonical,61615.0
71968,Gold Star Families,15,16,Taxes,keyword_match,medium,merge_to_canonical,7626.0
71987,College Tuition,13,79,Higher Education,keyword_match,medium,merge_to_canonical,7176.0
71989,No More MCIs,3,3,,,,delete,
71990,Greek Parade,1,0,,,,delete,
7201,Housing,1305,2788,Housing,seed_exact,high,already_canonical,7201.0
72030,Organ Donor Registry,1,7,,,,delete,
7206,Human Rights,416,989,Civil Rights,seed_exact,high,merge_to_canonical,6831.0
72105,Eviction,14,81,Tenant Rights,keyword_match,medium,merge_to_canonical,61615.0
72107,Limo and Bus Safety,9,13,,,,delete,
72108,Downstate casinos gaming,10,15,Gaming,keyword_match,medium,merge_to_canonical,7111.0
7211,Hunting and Fishing,210,276,Agriculture,seed_exact,high,merge_to_canonical,6716.0
72122,International Trade,1,1,,,,delete,
72123,NYS Trade with Mexico,1,0,,,,delete,
72124,NYS Trade with Canada,2,0,,,,delete,
72125,Dairy Farms,5,27,,,,delete,
72126,Auto Manufacturing,2,2,,,,delete,
72139,wildlife,5,48,,,,delete,
72145,Good Cause,3,19,,,,delete,
72146,paper shredding,34,40,,,,delete,
7216,Hurricanes,176,46,,,,delete,
72164,Cross Bay Bridge toll,2,3,,,,delete,
72165,toll rebate expansion,1,1,,,,delete,
72177,Gaughran,11,7,,,,delete,
72181,Farmingdale State College,3,0,Higher Education,keyword_match,medium,merge_to_canonical,7176.0
72189,Budget & Revenue,3,19,Budget,keyword_match,medium,merge_to_canonical,6786.0
72190,Domestic Animals Welfare,1,43,Animal Welfare,keyword_match,medium,merge_to_canonical,9462.0
7221,Immigration,481,1413,Immigration,seed_exact,high,already_canonical,7221.0
72212,distracted driving awareness month,4,2,,,,delete,
72217,School Construction Authority,3,7,Education,keyword_match,medium,merge_to_canonical,7001.0
72218,School Seats,2,2,Education,keyword_match,medium,merge_to_canonical,7001.0
72248,vaccines,33,402,Health Care,keyword_match,medium,merge_to_canonical,7166.0
72258,retail pet stores,18,69,,,,delete,
7226,Income Tax,141,256,Taxes,seed_exact,high,merge_to_canonical,7626.0
72269,People with Special Needs,5,29,,,,delete,
72270,Suicide,6,38,,,,delete,
72271,Suicide Prevention,26,108,Mental Health,keyword_match,medium,merge_to_canonical,7346.0
7231,Initiatives & Referendums,22,21,,,,delete,
72315,SD 8,1,2,,,,delete,
72316,Senator Mike Ranzenhofer,1,2,,,,delete,
72317,Public Banking,5,9,Finance,keyword_match,medium,merge_to_canonical,7081.0
72321,Overtime abuse,1,2,,,,delete,
72331,Texting and Driving,1,3,,,,delete,
72332,toxic materials,4,14,,,,delete,
72333,Woodstock 50,1,3,,,,delete,
72338,Coffee & Conversation,5,18,,,,delete,
72347,elder parole,12,34,Criminal Justice Reform,keyword_match,medium,merge_to_canonical,8546.0
72350,Join the fight,1,5,,,,delete,
72351,United States Postal Service,3,7,,,,delete,
72356,Victims' Justice Reform,0,6,,,,delete,
72357,Judith Clark,1,1,,,,delete,
7236,Insurance,379,578,Insurance,seed_exact,high,already_canonical,7236.0
72367,student journalists,2,5,Education,keyword_match,medium,merge_to_canonical,7001.0
72371,public private partnerships,1,0,,,,delete,
72375,New York Farms,15,93,,,,delete,
72376,Food Labeling,2,9,,,,delete,
72404,Bus Safety; Child Safety;,2,2,,,,delete,
72408,S5098,2,4,,,,delete,
7241,Insurance Fraud,57,51,Insurance,keyword_match,medium,merge_to_canonical,7236.0
72414,Liberty,2,16,,,,delete,
72448,Court Square,6,2,,,,delete,
72449,Queens Library,8,5,Libraries,keyword_match,medium,merge_to_canonical,8131.0
72458,Victims' Justice Agenda,8,18,,,,delete,
7246,Internet,56,195,Technology Policy,keyword_match,medium,merge_to_canonical,
72462,Asian Pacific Heritage Celebration,3,4,,,,delete,
72463,Brooklyn Community Improvement Association,1,2,,,,delete,
72471,Holocaust Education in NYS,42,61,Education,keyword_match,medium,merge_to_canonical,7001.0
72472,New York City Administration for Children's Services,3,6,Children,keyword_match,medium,merge_to_canonical,6816.0
72473,Homeless Youth,6,15,Children,keyword_match,medium,merge_to_canonical,6816.0
72474,Senate Committee on Children and Families,4,12,Families,keyword_match,medium,merge_to_canonical,7061.0
72475,New York City High Schools,5,10,Education,keyword_match,medium,merge_to_canonical,7001.0
72476,Specialized High Schools and SHSAT,7,26,Education,keyword_match,medium,merge_to_canonical,7001.0
72478,Equity Diversity and Admissions,1,5,,,,delete,
72479,Transfer High Schools and ESSA,5,2,Education,keyword_match,medium,merge_to_canonical,7001.0
72480,EQUITY DIVERSITY AND ADMISSIONS AT ALL NYC HIGH SCHOOLS,4,8,Education,keyword_match,medium,merge_to_canonical,7001.0
72481,Adoptee Rights Bill,31,68,,,,delete,
72482,Birth Certificates,15,72,,,,delete,
72483,Adoption Reform,13,53,Children,keyword_match,medium,merge_to_canonical,6816.0
72492,Solar energy and homeowners,5,41,Housing,keyword_match,medium,merge_to_canonical,7201.0
72493,Pesticides and Toxins,2,18,,,,delete,
7251,Investigations,222,191,Ethics,seed_exact,high,merge_to_canonical,7051.0
72524,board of elections,33,145,Elections,keyword_match,medium,merge_to_canonical,7011.0
72525,NYC Votes,1,3,,,,delete,
72528,Light Rail,1,5,,,,delete,
72529,NFTA,2,2,,,,delete,
72530,Metro Rail,1,2,,,,delete,
72535,New York State Reuniting Families Act,2,4,Families,keyword_match,medium,merge_to_canonical,7061.0
72536,COMPANION ANIMALS,10,52,Animal Welfare,keyword_match,medium,merge_to_canonical,9462.0
7256,Job Training or Trades,64,136,,,,delete,
72563,senior job fair,5,9,,,,delete,
72571,Student Art Exhibit,1,0,Education,keyword_match,medium,merge_to_canonical,7001.0
72603,Freedom From Fossil Fuels Act,2,15,,,,delete,
7261,Jobs & Employment,429,982,Jobs & Employment,seed_exact,high,already_canonical,7261.0
72613,Eating Disorders,7,12,,,,delete,
72616,training,2,9,,,,delete,
72617,Opioids,16,124,Opioid & Substance Use,keyword_match,medium,merge_to_canonical,
72637,commercial bail,1,4,Criminal Justice Reform,keyword_match,medium,merge_to_canonical,8546.0
72638,juneteenth,4,17,,,,delete,
72639,scar act,5,3,,,,delete,
72640,child separation,1,11,,,,delete,
72642,less is more,3,15,,,,delete,
72643,community boards,1,3,,,,delete,
72644,liquor licence,5,6,,,,delete,
72645,environmental sustainability,12,80,Environment,keyword_match,medium,merge_to_canonical,7036.0
7266,Judges or Judicial,28,83,Judiciary,keyword_match,medium,merge_to_canonical,7271.0
72660,FFLPA,3,1,,,,delete,
72665,running for office,1,1,,,,delete,
72672,tax returns,4,12,Taxes,keyword_match,medium,merge_to_canonical,7626.0
72675,Senate Republican Conference,53,166,,,,delete,
72676,Charitable Bail Organizations,2,3,Criminal Justice Reform,keyword_match,medium,merge_to_canonical,8546.0
72694,Driver's licenses,24,147,Transportation,keyword_match,medium,merge_to_canonical,7656.0
72699,chlorpyrifos,1,1,,,,delete,
72706,Tenant Privacy,1,18,Data Privacy,keyword_match,medium,merge_to_canonical,75986.0
72707,privacy and data security,11,78,Data Privacy,keyword_match,medium,merge_to_canonical,75986.0
72708,Keyless Entry Systems,1,0,,,,delete,
72709,Facial Recognition Software,2,20,,,,delete,
7271,Judiciary,468,959,Judiciary,seed_exact,high,already_canonical,7271.0
72711,Trump Taxes,3,14,Taxes,keyword_match,medium,merge_to_canonical,7626.0
72712,Presidential Pardons,8,21,,,,delete,
72715,recovery homes,1,3,,,,delete,
72735,Personal Income Tax Credit,1,2,Taxes,keyword_match,medium,merge_to_canonical,7626.0
72736,New York State Homeowners,1,10,Housing,keyword_match,medium,merge_to_canonical,7201.0
72755,Astoria Houses,9,4,,,,delete,
7276,Jury Duty or Selection,2,28,,,,delete,
7281,Juvenile Criminal Justice,114,183,Criminal Justice Reform,seed_exact,high,merge_to_canonical,8546.0
72822,Restorative Justice,5,32,,,,delete,
72823,Transforming the criminal justice system,1,16,Criminal Justice Reform,keyword_match,medium,merge_to_canonical,8546.0
72824,Jury Duty,2,5,,,,delete,
72834,Cat declaw,6,20,,,,delete,
72847,Mental Health Services,2,37,Health Care,keyword_match,medium,merge_to_canonical,7166.0
72848,Mental Health Awareness Month,5,37,Health Care,keyword_match,medium,merge_to_canonical,7166.0
7286,Labor,850,1203,Labor,seed_exact,high,already_canonical,7286.0
72865,Labor History Month,1,0,Labor,keyword_match,medium,merge_to_canonical,7286.0
72872,Ulster YouthBuild,1,1,,,,delete,
72890,Firefighter,17,40,First Responders,keyword_match,medium,merge_to_canonical,8930.0
72891,New York State Fair,7,16,,,,delete,
72892,Athletic Trainers,1,12,,,,delete,
72893,Pharmacy,6,37,,,,delete,
72894,Pharmacist,4,26,,,,delete,
72895,Immunizations,4,114,Health Care,keyword_match,medium,merge_to_canonical,7166.0
72896,Renewable Energy Rights,1,23,Renewable Energy,keyword_match,medium,merge_to_canonical,7511.0
72897,Child Custody,14,90,,,,delete,
72898,Farmer Rights,2,19,Agriculture,keyword_match,medium,merge_to_canonical,6716.0
72899,Right to Repair,7,30,,,,delete,
72900,Young Writers,1,1,,,,delete,
72901,DORA,1,3,,,,delete,
72907,State of the Youth,3,5,Children,keyword_match,medium,merge_to_canonical,6816.0
7291,Landlines,11,9,,,,delete,
72912,NYS Senate Children and Families Committee,20,56,Families,keyword_match,medium,merge_to_canonical,7061.0
72913,Family Court,40,132,Judiciary,keyword_match,medium,merge_to_canonical,7271.0
72945,Leonard N. Spano,1,1,,,,delete,
72948,Atlantic Yards,1,1,,,,delete,
72949,State tax abatements,3,7,Taxes,keyword_match,medium,merge_to_canonical,7626.0
72952,SAVE WEEKSVILLE,1,1,,,,delete,
7296,Landmarks,44,42,,,,delete,
72997,student athletes,8,18,Education,keyword_match,medium,merge_to_canonical,7001.0
7301,Law,74,104,,,,delete,
73014,Barbara Franco,1,0,,,,delete,
73015,Smithtown Chamber of Commerce,1,2,Small Business,keyword_match,medium,merge_to_canonical,7561.0
73016,Stephen's law,3,6,,,,delete,
73033,Winter Newsletter,2,4,,,,delete,
7306,Legal Aid or Legal Services,67,184,,,,delete,
73063,Universal Rent Control,2,79,Tenant Rights,keyword_match,medium,merge_to_canonical,61615.0
73081,ADOPTEE RIGHTS,20,40,,,,delete,
73082,Health Insurance Coverage,3,67,Health Care,keyword_match,medium,merge_to_canonical,7166.0
73108,2019 Veterans' Hall of Fame,0,23,Veterans,keyword_match,medium,merge_to_canonical,7691.0
7311,Legislature,751,360,,,,delete,
73121,Schenevus Central School,1,0,Education,keyword_match,medium,merge_to_canonical,7001.0
73145,Fort Drum,2,1,,,,delete,
7316,Livestock,53,37,,,,delete,
73162,WOMEN'S EMPOWERMENT. YOUTH LEADERSHIP DEVELOPMENT. WOMEN,4,14,Women's Rights,keyword_match,medium,merge_to_canonical,9128.0
73167,Community Builder,2,0,,,,delete,
7321,Loans,41,37,,,,delete,
73254,Crime Victims Rights,18,45,Crime,keyword_match,medium,merge_to_canonical,6926.0
73255,Lisa Solomon,2,1,,,,delete,
7326,Local Government,1643,1751,Local Government,seed_exact,high,already_canonical,7326.0
7331,Medicaid,158,364,Medicaid,seed_exact,high,already_canonical,7331.0
73323,Great Lakes Restoration,1,4,,,,delete,
73324,Local Waterfront Revitalization Program,3,16,,,,delete,
7336,Medicare,47,278,Health Care,keyword_match,medium,merge_to_canonical,7166.0
7341,Men's Health,110,121,Health Care,keyword_match,medium,merge_to_canonical,7166.0
7346,Mental Health,558,1911,Mental Health,seed_exact,high,already_canonical,7346.0
73470,Disability insurance,8,80,Insurance,keyword_match,medium,merge_to_canonical,7236.0
7351,Military,553,335,Veterans,seed_exact,high,merge_to_canonical,7691.0
73515,Automatic Voter Registration System,2,28,Voting Rights,keyword_match,medium,merge_to_canonical,9001.0
73516,NY,2,11,,,,delete,
73518,veteran affairs,7,53,,,,delete,
73520,Coffee and Conversation,8,10,,,,delete,
73521,District Office,9,32,,,,delete,
7356,Military Affairs,731,248,Veterans,seed_exact,high,merge_to_canonical,7691.0
73561,education equity,14,87,Education,keyword_match,medium,merge_to_canonical,7001.0
73567,Prescription Drug Costs,26,111,Opioid & Substance Use,keyword_match,medium,merge_to_canonical,
73568,Home Safety,3,12,,,,delete,
73569,after school programs,11,75,Education,keyword_match,medium,merge_to_canonical,7001.0
73579,Morgan Minute,1,0,,,,delete,
73594,Unaccompanied Minors,4,4,,,,delete,
73595,Child Day Care Centers,5,11,Child Care,keyword_match,medium,merge_to_canonical,9530.0
73596,Child Care Subsidies,2,13,Child Care,keyword_match,medium,merge_to_canonical,9530.0
73599,lead poisoning,3,22,,,,delete,
73600,Dakota's Law,3,5,,,,delete,
73605,Preserving Homeownershi,1,5,Housing,keyword_match,medium,merge_to_canonical,7201.0
73606,EPICp,1,0,,,,delete,
7361,Minimum Wage,120,578,Minimum Wage,seed_exact,high,already_canonical,7361.0
73623,Women and Community Empowerment,1,8,,,,delete,
73624,Community Icon,1,0,,,,delete,
73626,Charter,1,1,,,,delete,
73627,Spectrum,3,20,,,,delete,
73634,Veterans Homeland Security and Military Affairs Committee,20,22,Public Safety,keyword_match,medium,merge_to_canonical,8316.0
73635,Oral Cancer Screening,1,0,Health Care,keyword_match,medium,merge_to_canonical,7166.0
73641,Middle Class Tax Cut,10,92,Taxes,keyword_match,medium,merge_to_canonical,7626.0
73642,STAR Program,4,42,Taxes,keyword_match,medium,merge_to_canonical,7626.0
73643,Green Development,4,46,,,,delete,
73644,whippets,5,1,,,,delete,
73645,September 11th,28,37,,,,delete,
73646,Fort Drum Day,11,1,,,,delete,
73647,Fossil Fuel Free Electricity,1,17,Energy,keyword_match,medium,merge_to_canonical,7026.0
73652,Marijauna Legalization,9,179,,,,delete,
73653,Rent Reform,5,32,Tenant Rights,keyword_match,medium,merge_to_canonical,61615.0
73658,workplace fairness,5,12,,,,delete,
73659,Energy and Telecommunications Committee,1,15,Energy,keyword_match,medium,merge_to_canonical,7026.0
7366,MTA (Metropolitan Transportation Authority),586,834,MTA,seed_exact,high,merge_to_canonical,9222.0
73660,Agriculture Committee,4,36,Agriculture,keyword_match,medium,merge_to_canonical,6716.0
73661,Crime and Correction Committee,2,40,Crime,keyword_match,medium,merge_to_canonical,6926.0
73662,Gaming and Wagering Committee,0,6,Gaming,keyword_match,medium,merge_to_canonical,7111.0
73663,Local Government Committee,4,6,Local Government,keyword_match,medium,merge_to_canonical,7326.0
73664,Investigations and Government Operations Committee,25,74,Ethics,keyword_match,medium,merge_to_canonical,7051.0
73665,Economic Development and Small Business Committee,11,73,Economic Development,keyword_match,medium,merge_to_canonical,6996.0
73666,Insurance Committee,0,13,Insurance,keyword_match,medium,merge_to_canonical,7236.0
73667,Parks and Recreation Committee,4,21,State Parks & Recreation,keyword_match,medium,merge_to_canonical,
73668,Transportation Committee,1,12,Transportation,keyword_match,medium,merge_to_canonical,7656.0
73669,Higher Education Committee,12,32,Education,keyword_match,medium,merge_to_canonical,7001.0
73670,Homeland Security and Military Affairs Committee,1,8,Public Safety,keyword_match,medium,merge_to_canonical,8316.0
73671,Alcoholism and Substance Abuse Committee,13,65,Opioid & Substance Use,keyword_match,medium,merge_to_canonical,
73672,Cities Committee,1,1,Local Government,keyword_match,medium,merge_to_canonical,7326.0
73673,and Community Development Committee,1,2,Community Development,keyword_match,medium,merge_to_canonical,6856.0
73674,Judiciary Committee,10,33,Judiciary,keyword_match,medium,merge_to_canonical,7271.0
73675,New York City Education Committee,0,14,Education,keyword_match,medium,merge_to_canonical,7001.0
73676,Consumer Protection Committee,5,35,Consumer Protection,keyword_match,medium,merge_to_canonical,6886.0
73677,Labor Committee,1,9,Labor,keyword_match,medium,merge_to_canonical,7286.0
73678,Child Care Accessibility,10,35,Child Care,keyword_match,medium,merge_to_canonical,9530.0
73702,Outstanding Contribution by an Older New Yorker 2019,1,0,,,,delete,
7371,Murder or Homicide,64,48,,,,delete,
73729,Protecting our President,1,5,,,,delete,
7376,MWBE (Division of Minority and Women Business Development),131,195,Minority & Women-Owned Business,seed_exact,high,merge_to_canonical,
7381,National Disasters,110,72,,,,delete,
73851,NYS Senate Youth Leadership Recognition Awards,4,4,Children,keyword_match,medium,merge_to_canonical,6816.0
73852,Outstanding Students,12,44,Education,keyword_match,medium,merge_to_canonical,7001.0
7386,National Guard,26,20,,,,delete,
73882,Gowanus Canal Superfund Site,3,2,,,,delete,
73883,Combined Sewer Overflows,3,3,,,,delete,
73884,Development without Infrastructure Upgrades,3,4,Infrastructure,keyword_match,medium,merge_to_canonical,4521.0
73885,Vital Brooklyn,4,4,,,,delete,
73896,Responsible Community Development,3,3,Community Development,keyword_match,medium,merge_to_canonical,6856.0
73906,Pro Family Legislation,1,6,,,,delete,
7391,Native Americans,37,59,,,,delete,
73950,Elevator Safety and Standards Board,1,1,,,,delete,
7396,New York City,424,534,,,,delete,
73965,poll sites,1,1,,,,delete,
73966,election reform nyc board of elections,1,20,Elections,keyword_match,medium,merge_to_canonical,7011.0
73972,Smithtown,9,7,,,,delete,
73973,Business Development,11,24,,,,delete,
73981,YWCA,2,0,,,,delete,
7401,New York State Power Authority,26,33,,,,delete,
74012,Women leadership,7,12,,,,delete,
74013,NYS Women of Distinction,3,8,Women of Distinction,keyword_match,medium,merge_to_canonical,8989.0
74028,AARP advocates,4,16,,,,delete,
74029,Pharmaceutical reform,2,48,,,,delete,
74030,Aging New Yorkers,6,64,Seniors,keyword_match,medium,merge_to_canonical,7546.0
74043,legalization of E-Bikes and E-Scooters,8,33,,,,delete,
74044,Sen. Kennedy,1,5,,,,delete,
74045,Sen. Ramos,1,7,,,,delete,
74046,School suspension reform,2,7,Education,keyword_match,medium,merge_to_canonical,7001.0
74047,Ending The School To Prison Pipeline and School suspension reform,1,26,Education,keyword_match,medium,merge_to_canonical,7001.0
74058,Prison Reform,28,68,Criminal Justice Reform,keyword_match,medium,merge_to_canonical,8546.0
7406,Nuclear,10,57,,,,delete,
74069,Vaccine Awareness,2,80,Health Care,keyword_match,medium,merge_to_canonical,7166.0
74083,Pharmacy Benefit Managers,11,17,,,,delete,
7411,Nutrition,117,126,Nutrition,seed_exact,high,already_canonical,7411.0
74119,Senate District 19,3,14,,,,delete,
74126,Youth Advisory Council,13,6,Children,keyword_match,medium,merge_to_canonical,6816.0
74128,NY Privacy Act,13,286,Data Privacy,keyword_match,medium,merge_to_canonical,75986.0
74147,DOPTEE RIGHTS BILL,0,3,,,,delete,
74148,#AVRNow,14,64,,,,delete,
74150,Dairy Farmers,7,28,Agriculture,keyword_match,medium,merge_to_canonical,6716.0
74151,Waste Tires,4,2,,,,delete,
74152,Housing Regulation,1,18,Housing,keyword_match,medium,merge_to_canonical,7201.0
7416,NYC Housing Development Corporation,36,32,Housing,keyword_match,medium,merge_to_canonical,7201.0
74161,adopt don't shop,15,139,Animal Welfare,keyword_match,medium,merge_to_canonical,9462.0
7421,Organic Farming,92,121,Agriculture,keyword_match,medium,merge_to_canonical,6716.0
74211,Shield Act,5,6,,,,delete,
74215,Women veterans,10,10,Veterans,keyword_match,medium,merge_to_canonical,7691.0
74217,Animal Advocacy Day 2019,1,14,Animal Welfare,keyword_match,medium,merge_to_canonical,9462.0
74218,Protect our Pets,4,30,Animal Welfare,keyword_match,medium,merge_to_canonical,9462.0
74227,Dairy Day,1,1,,,,delete,
74228,New York Dairy,2,3,,,,delete,
74229,Mobile Homes,5,16,,,,delete,
74230,Illegal,1,3,,,,delete,
74232,Upstate Voting Hours,1,10,Voting Rights,keyword_match,medium,merge_to_canonical,9001.0
74233,2020 Presidential Primary,6,116,Elections,keyword_match,medium,merge_to_canonical,7011.0
74234,Limo Regulation,16,5,,,,delete,
74251,article 10,3,8,,,,delete,
7426,OSHA,1,21,,,,delete,
74262,Limousine,13,5,,,,delete,
74263,Limousine Safety,31,21,,,,delete,
74283,Limo Safety,7,7,,,,delete,
7431,PANYNJ (Port Authority of New York and New Jersey),58,27,,,,delete,
74331,Portuguese History,3,3,,,,delete,
74332,Portugal,3,2,,,,delete,
7436,Paramedics,72,17,,,,delete,
74368,Pride Month,4,28,,,,delete,
74389,Cornell Cooperative Extension of Orange County,2,4,,,,delete,
74390,CCEOC 4-H,1,0,,,,delete,
74391,Encore Entrepreneurship,1,2,,,,delete,
74395,Historic Huguenot Street,1,0,,,,delete,
74396,2019-2020 New York State budget,2,34,Budget,keyword_match,medium,merge_to_canonical,6786.0
7441,Payroll Tax,88,38,Taxes,keyword_match,medium,merge_to_canonical,7626.0
74444,Victim Compensation Fund,2,2,,,,delete,
74450,Harassment,4,22,,,,delete,
74451,Sexting,1,4,,,,delete,
7446,Permits,5,30,,,,delete,
74462,gay panic defense,1,10,,,,delete,
74463,gestational surrogacy,2,10,,,,delete,
74464,gender identity,2,24,,,,delete,
74467,NYS Senator Andrew Gournardes,2,1,,,,delete,
74468,June 2019,1,0,,,,delete,
74469,Senate District 22,3,13,,,,delete,
74472,iron pipeline,10,10,,,,delete,
74475,Decarceration,3,11,,,,delete,
74478,S1747,1,3,,,,delete,
74480,Veterans Groups,4,13,Veterans,keyword_match,medium,merge_to_canonical,7691.0
74484,Liberty Office,1,0,,,,delete,
74485,Sullivan County,19,14,,,,delete,
74488,Statewide Central Register of Child Abuse and Maltreatment,1,9,Children,keyword_match,medium,merge_to_canonical,6816.0
74489,Due Process,4,28,,,,delete,
74490,NYC Administration for Children’s Services,1,8,Children,keyword_match,medium,merge_to_canonical,6816.0
74491,Protecting LGBTQ Rights,10,77,LGBTQ+ Rights,keyword_match,medium,merge_to_canonical,
74492,50th Anniversary of Stonewall,1,14,,,,delete,
74493,LGBT Pride Month,6,43,LGBTQ+ Rights,keyword_match,medium,merge_to_canonical,
74494,LGBTQ Youth,8,86,LGBTQ+ Rights,keyword_match,medium,merge_to_canonical,
74496,CREATING new educational pathways,2,23,,,,delete,
74497,Commission of Correction,1,7,,,,delete,
74498,FRESH,1,0,,,,delete,
74499,glen cove,1,0,,,,delete,
74501,Retirement Funds,3,33,Civil Service & Pensions,keyword_match,medium,merge_to_canonical,
74502,Volunteer Ambulance Squad Members,3,16,,,,delete,
74503,gender discrimination,10,38,Civil Rights,keyword_match,medium,merge_to_canonical,6831.0
74504,workplace discrimination,5,13,Civil Rights,keyword_match,medium,merge_to_canonical,6831.0
74505,Vaccinations,17,302,Health Care,keyword_match,medium,merge_to_canonical,7166.0
74506,Religious Exemptions,6,71,,,,delete,
74507,Regulatory Relief,11,15,,,,delete,
74508,Luxury Property Tax,1,8,Taxes,keyword_match,medium,merge_to_canonical,7626.0
74509,NYCHA Repairs,4,7,,,,delete,
7451,Police,382,967,First Responders,seed_exact,high,merge_to_canonical,8930.0
7456,Pollution,66,348,Environment,keyword_match,medium,merge_to_canonical,7036.0
74594,Combatting Opioid Addiction,13,58,Opioid & Substance Use,keyword_match,medium,merge_to_canonical,
74598,Ulster County,10,10,,,,delete,
74599,Hudson Valley Community Preservation Act,3,13,,,,delete,
74602,Housing Stability and Tenant Protection,11,125,Housing,keyword_match,medium,merge_to_canonical,7201.0
74605,private schools,6,23,Education,keyword_match,medium,merge_to_canonical,7001.0
74606,religious schools,5,24,Education,keyword_match,medium,merge_to_canonical,7001.0
74607,Protecting New York State Tenants,8,62,Housing,keyword_match,medium,merge_to_canonical,7201.0
74608,Housing Stability and Tenant Protection Act of 2019,17,132,Housing,keyword_match,medium,merge_to_canonical,7201.0
7461,Predatory Lending,34,73,,,,delete,
74613,Child Custody and Legal Custodians,11,74,,,,delete,
74614,Sergeant John Kempe Winslow Memorial Highway,3,0,Transportation,keyword_match,medium,merge_to_canonical,7656.0
74615,Health and Vaccine Awareness,4,126,Health Care,keyword_match,medium,merge_to_canonical,7166.0
74628,Young Farmers,2,9,Agriculture,keyword_match,medium,merge_to_canonical,6716.0
74629,Student Loan Forgiveness,9,84,Education,keyword_match,medium,merge_to_canonical,7001.0
7466,Prescribed drugs or Prescriptions,155,159,Opioid & Substance Use,seed_exact,high,merge_to_canonical,
7471,Primaries,36,80,,,,delete,
7476,Property Tax,501,955,Taxes,seed_exact,high,merge_to_canonical,7626.0
74767,Junior Guzman-Feliz,1,0,,,,delete,
74768,Guilty Verdicts,2,5,,,,delete,
74770,opioid crisis,4,30,Opioid & Substance Use,keyword_match,medium,merge_to_canonical,
74771,Racing Gaming and Wagering Committee,11,21,Gaming,keyword_match,medium,merge_to_canonical,7111.0
74772,legal assistance,1,9,,,,delete,
74773,Queens Public Library,10,9,Libraries,keyword_match,medium,merge_to_canonical,8131.0
74779,Greenlight New York,3,12,,,,delete,
74781,School suspension reform. Education. Juvenile Justice Reform,0,16,Education,keyword_match,medium,merge_to_canonical,7001.0
74782,Judge Judith Kaye Solutions not Suspension Bill,1,3,,,,delete,
74791,Financial Empowerment,7,23,,,,delete,
74792,Banking Development District,9,14,Finance,keyword_match,medium,merge_to_canonical,7081.0
74793,Investing in Our Communities,13,57,,,,delete,
74794,LGBTQ Pride,7,75,LGBTQ+ Rights,keyword_match,medium,merge_to_canonical,
74797,Green Light NY,6,21,,,,delete,
74807,Green Light,1,6,,,,delete,
7481,Public Assistance,79,140,Social Services,keyword_match,medium,merge_to_canonical,7571.0
74810,Driver’s Licenses for Illegal Immigrants,11,132,Immigration,keyword_match,medium,merge_to_canonical,7221.0
74811,ACCESS TO BANKING AND FINANCIAL SERVICES,8,46,Finance,keyword_match,medium,merge_to_canonical,7081.0
74812,Lake Management Plan,1,6,,,,delete,
74813,Town of Fallsburg,3,0,,,,delete,
74814,Local Stewardship,1,4,,,,delete,
74817,medal of honor,4,6,,,,delete,
74820,Building the Farm to School Pipeline,3,23,Education,keyword_match,medium,merge_to_canonical,7001.0
74821,recounts,1,4,,,,delete,
74822,Legal Custodians,1,2,,,,delete,
74823,Kinship Families,6,12,Families,keyword_match,medium,merge_to_canonical,7061.0
74825,New York's Bravest,1,8,,,,delete,
74831,Climate Leadership And Community Protection Act (CCPA),12,70,,,,delete,
74832,greenhouse gas emissions,12,56,Climate Change,keyword_match,medium,merge_to_canonical,6841.0
74833,Climate Leadership and Community Protection Act,31,136,,,,delete,
74836,Zero-emissions Vehicles,6,21,,,,delete,
74837,New York Mets,15,6,,,,delete,
74840,DRIVER’S LICENSES FOR IMMIGRANTS UNDOCUMENTED IMMIGRANTS,1,42,Immigration,keyword_match,medium,merge_to_canonical,7221.0
74841,Equal Rights Amendment,16,73,,,,delete,
74842,MRTA,3,11,,,,delete,
74843,Sidney Veterans’ Memorial Parkway,1,1,Veterans,keyword_match,medium,merge_to_canonical,7691.0
74845,Niagara County,6,2,,,,delete,
74846,Civl Rights,0,18,,,,delete,
74847,Tourette Syndrome,1,2,,,,delete,
74848,Bridge Lighting,1,0,,,,delete,
74849,cancer research,1,10,Health Care,keyword_match,medium,merge_to_canonical,7166.0
74851,gender pay gap,1,15,,,,delete,
74852,wage gap,6,9,,,,delete,
74853,Pelvic Exams,3,8,,,,delete,
7486,Racing,205,98,,,,delete,
74862,Decriminalizing Marijuana Possession,3,99,Cannabis Policy,keyword_match,medium,merge_to_canonical,
74863,Expungement,3,14,,,,delete,
74864,Marijuana Decriminalization,3,77,Cannabis Policy,keyword_match,medium,merge_to_canonical,
74865,Hemp,4,37,,,,delete,
74866,Hemp Extract,0,3,,,,delete,
74867,CBD,1,19,,,,delete,
74868,New York Grown,1,8,,,,delete,
74870,Responsible Development,1,1,,,,delete,
74871,ACCESS TO BANKING AND FINANCIAL SERVICES FINANCIAL SERVICES,1,26,Finance,keyword_match,medium,merge_to_canonical,7081.0
74872,Hike,1,4,,,,delete,
74873,Summer Camp Safety,3,6,,,,delete,
74874,Families Belong Together,1,8,Families,keyword_match,medium,merge_to_canonical,7061.0
74875,Lyme Funding,2,6,Lyme & Tick-Borne Diseases,keyword_match,medium,merge_to_canonical,
74876,Lyme Research,3,15,Lyme & Tick-Borne Diseases,keyword_match,medium,merge_to_canonical,
74877,Met Council,3,4,,,,delete,
74878,airplane noise,3,9,,,,delete,
74879,JFK airport,6,15,,,,delete,
74880,LaGuardia Airport,7,15,,,,delete,
74881,hard coverings,1,0,,,,delete,
74882,racehorses,2,2,,,,delete,
74883,horse racing,11,14,,,,delete,
74884,Domestic Animal Welfare Committee,2,36,Animal Welfare,keyword_match,medium,merge_to_canonical,9462.0
74885,home fires,4,8,,,,delete,
74886,Breezy Point,3,1,,,,delete,
74887,Chapter 100,1,1,,,,delete,
74888,work permits,3,4,,,,delete,
74889,Superstorm Sandy,17,12,,,,delete,
74890,Forest Hills,3,4,,,,delete,
74891,Winter Recovery Funds,2,1,,,,delete,
74892,SD 42,2,9,,,,delete,
74894,Self-Insurance,1,6,Insurance,keyword_match,medium,merge_to_canonical,7236.0
74897,Italian American History,1,2,,,,delete,
74898,Department of Social Services,4,47,Social Services,keyword_match,medium,merge_to_canonical,7571.0
74899,Sanction relief,1,2,,,,delete,
74900,long beach,21,10,,,,delete,
74901,adirondack park agency,2,31,,,,delete,
74904,summer reading program,24,25,,,,delete,
74905,story time,7,5,,,,delete,
7491,Racing and Wagering,23,41,,,,delete,
74912,2019 Legislative Session,7,36,,,,delete,
74913,Tiffany Caban,1,0,,,,delete,
74914,Improving Government Transparency,16,69,Ethics,keyword_match,medium,merge_to_canonical,7051.0
74915,Public Hearings,9,35,,,,delete,
74916,Walton,5,1,,,,delete,
74917,Farmers' Market,13,44,Agriculture,keyword_match,medium,merge_to_canonical,6716.0
74918,Walton Farmers' Market,1,1,Agriculture,keyword_match,medium,merge_to_canonical,6716.0
7496,Rape,87,71,,,,delete,
74961,Funding School Playgrounds,5,6,Education,keyword_match,medium,merge_to_canonical,7001.0
74962,Gantry Parent Association,1,0,,,,delete,
74963,SD 18,1,4,,,,delete,
74968,farm labor,4,14,Labor,keyword_match,medium,merge_to_canonical,7286.0
74969,Erin's Law,1,2,,,,delete,
74972,Delaware County Sheriff's Office,1,4,,,,delete,
74973,Power 19,1,0,,,,delete,
74974,Hunters Point,3,1,,,,delete,
74979,Chappaqua,3,2,,,,delete,
74980,New Castle,7,1,,,,delete,
74981,Beginning Farmers Grant Fund,1,8,Agriculture,keyword_match,medium,merge_to_canonical,6716.0
74983,Berry Brook Farm,1,2,,,,delete,
74984,Hamden,1,1,,,,delete,
74985,Camp Safety,3,7,,,,delete,
74986,STEAM,5,15,,,,delete,
74987,Syracuse City School District,3,5,Education,keyword_match,medium,merge_to_canonical,7001.0
74989,Madison County,7,4,,,,delete,
74990,manufactured homes,2,31,,,,delete,
74991,Mortgage Tax,1,8,Taxes,keyword_match,medium,merge_to_canonical,7626.0
74992,beer tasting,2,3,,,,delete,
74993,SUNY ESF,3,2,Higher Education,keyword_match,medium,merge_to_canonical,7176.0
74994,Civil Legal Services,16,57,,,,delete,
74995,Blackout,3,7,,,,delete,
74997,Ricardo Rosselló,1,0,,,,delete,
75000,Scams,14,54,,,,delete,
75001,Smithtown Library,2,4,Libraries,keyword_match,medium,merge_to_canonical,8131.0
75002,nysed,9,31,,,,delete,
75003,Farmworkers,12,44,,,,delete,
75004,Summer child care,1,7,Child Care,keyword_match,medium,merge_to_canonical,9530.0
75005,Dulce Esperanza Summer Enrichment Program,1,0,,,,delete,
75006,Pine Island,1,0,,,,delete,
75007,nysdot,10,13,,,,delete,
75008,van cortlandt,1,0,,,,delete,
75009,Toll Costs,6,12,,,,delete,
7501,Recreation and Tourism,670,289,State Parks & Recreation,seed_exact,high,merge_to_canonical,
75010,Progressive,3,14,,,,delete,
75011,CLCPA,36,47,Climate Change,keyword_match,medium,merge_to_canonical,6841.0
75012,Climate Action,8,141,Climate Change,keyword_match,medium,merge_to_canonical,6841.0
75014,Joint Senate Task Force on Opioids,5,22,Opioid & Substance Use,keyword_match,medium,merge_to_canonical,
75015,Addiction & Overdose Prevention,19,112,Opioid & Substance Use,keyword_match,medium,merge_to_canonical,
75017,Opioid Abuse,3,21,Opioid & Substance Use,keyword_match,medium,merge_to_canonical,
75018,Boater Safety,11,3,,,,delete,
75019,thwaites place,1,0,,,,delete,
75020,Road Improvements,7,16,,,,delete,
75021,The TRUST Act,4,8,,,,delete,
75023,Basket Viaduct Bridge,1,0,,,,delete,
75024,Specialist Allan Milk Memorial Bridge,1,0,,,,delete,
75027,Justice Thurgood Marshall memorial highway,1,1,Transportation,keyword_match,medium,merge_to_canonical,7656.0
75028,Repeal the Grren Light Law,1,3,,,,delete,
75029,disability rights,6,70,Disability Rights,keyword_match,medium,already_canonical,75029.0
75030,Addiction and Overdose Prevention,23,192,Opioid & Substance Use,keyword_match,medium,merge_to_canonical,
75031,Everyday Heroes,9,3,,,,delete,
75032,Middletown BID Farmers' Market,1,0,Agriculture,keyword_match,medium,merge_to_canonical,6716.0
75033,Middletown,12,1,,,,delete,
75034,Monticello,7,4,,,,delete,
75035,Monticello Farmers' Market,1,2,Agriculture,keyword_match,medium,merge_to_canonical,6716.0
75037,Callicoon,2,2,,,,delete,
75038,Callicoon Farmers' Market,1,0,Agriculture,keyword_match,medium,merge_to_canonical,6716.0
75039,New Paltz Open Air Market,1,0,,,,delete,
75040,school bullying,9,52,Education,keyword_match,medium,merge_to_canonical,7001.0
75041,keeping our children safe,1,17,Children,keyword_match,medium,merge_to_canonical,6816.0
75042,Stop Signs,1,2,,,,delete,
75043,POLICE SAFETY  COMMUNITY ENGAGEMENT  CIVIC ENGAGEMENT PUBLIC SAFETY,2,14,Community Development,keyword_match,medium,merge_to_canonical,6856.0
75044,Effective Background Checks,1,9,Gun Control,keyword_match,medium,merge_to_canonical,7141.0
75045,NYS Police,9,34,First Responders,keyword_match,medium,merge_to_canonical,8930.0
75046,Veterans & Active Duty 21,0,2,Veterans,keyword_match,medium,merge_to_canonical,7691.0
75047,Senator Metzger's Hike,1,0,,,,delete,
75048,& Kayak Tour,2,30,,,,delete,
75049,Community Hike,3,5,,,,delete,
75050,Wurtsboro,2,1,,,,delete,
75051,Tax Transparency,2,5,Taxes,keyword_match,medium,merge_to_canonical,7626.0
75055,North Rockland,2,4,,,,delete,
75056,New York State Racing Fan Advisory Council,1,0,,,,delete,
75057,New York State Gaming Commission,7,10,Gaming,keyword_match,medium,merge_to_canonical,7111.0
75058,whippits,5,1,,,,delete,
75059,drug use,2,3,Opioid & Substance Use,keyword_match,medium,merge_to_canonical,
7506,Redistricting,51,275,Elections,keyword_match,medium,merge_to_canonical,7011.0
75060,Robocall Prevention Act,2,17,,,,delete,
75061,disabled workers,2,24,,,,delete,
75062,State Office of the Utility Consumer Advocate,2,4,Utilities,keyword_match,medium,merge_to_canonical,7686.0
75063,Utility Intervention Unit,1,3,Utilities,keyword_match,medium,merge_to_canonical,7686.0
75064,Gender Bias,12,33,,,,delete,
75065,Blue Alert System,1,4,,,,delete,
75066,New York Energy Week,1,7,Energy,keyword_match,medium,merge_to_canonical,7026.0
75067,The Ark,2,0,,,,delete,
75069,Senate Domestic Animal Welfare Committee,2,38,Animal Welfare,keyword_match,medium,merge_to_canonical,9462.0
75070,JFK International Airport,4,5,,,,delete,
75072,mobile sports betting,35,31,,,,delete,
75075,Hope Not Handcuffs Hudson Valley,2,4,,,,delete,
75076,Montgomery,1,2,,,,delete,
75077,Law And Order,8,51,,,,delete,
75078,Respecting Law Enforcement,5,56,First Responders,keyword_match,medium,merge_to_canonical,8930.0
75079,Blue Lives Matter,1,10,,,,delete,
75080,senate bill,2,20,,,,delete,
75081,Senator Metzger's Summer '19 Hike,1,1,,,,delete,
75082,Rosendale Rail Trail,1,2,,,,delete,
75083,Community Bike Ride,1,2,,,,delete,
75084,Senator Jen Metzger's Summer '19 Hike Bike & Kayak Tour,2,1,,,,delete,
75085,Protecting Law Enforcement,24,132,First Responders,keyword_match,medium,merge_to_canonical,8930.0
75086,Delaware County Fair,1,1,,,,delete,
75087,Senator Metzger's Summer '19 Hike Bike & Kayak Tour,1,0,,,,delete,
75088,Red Hill Fire Tower,1,0,,,,delete,
75092,municipal broadband,1,6,Local Government,keyword_match,medium,merge_to_canonical,7326.0
75093,Alzheimer's and Brain Awareness Month,3,21,,,,delete,
75094,Pawling,2,1,,,,delete,
75095,Murrow Park,1,0,,,,delete,
75096,park restoration,1,1,,,,delete,
75097,talk radio,3,6,,,,delete,
75098,Daniel Pantaleo,2,1,,,,delete,
75099,Eric Garner,3,2,,,,delete,
75100,Police reform,31,649,First Responders,keyword_match,medium,merge_to_canonical,8930.0
75101,Queensbridge,4,0,,,,delete,
75102,Senator May Legislative Highlights,1,1,,,,delete,
75103,Impeachment,16,86,,,,delete,
75104,express buses,2,2,,,,delete,
7511,Renewable Energy,171,539,Renewable Energy,seed_exact,high,already_canonical,7511.0
75156,BBQ,8,10,,,,delete,
75157,Thank You,6,5,,,,delete,
75158,Opioid Overdose Prevention,21,64,Opioid & Substance Use,keyword_match,medium,merge_to_canonical,
75159,Tri-County Community Partnership,1,3,,,,delete,
7516,Reservations,1,7,,,,delete,
75160,police officers,13,108,First Responders,keyword_match,medium,merge_to_canonical,8930.0
75161,and correctional officers,1,13,Criminal Justice Reform,keyword_match,medium,merge_to_canonical,8546.0
75162,Related Companies,1,2,,,,delete,
75166,correctional officersm personnel records,3,27,Criminal Justice Reform,keyword_match,medium,merge_to_canonical,8546.0
75168,Implementation of Discovery Reform,3,22,,,,delete,
75170,Inspection Regulation,2,6,,,,delete,
75171,Old Town Hall,1,1,,,,delete,
75173,Eid,5,3,,,,delete,
75175,Roadway Safety,11,20,,,,delete,
75176,senator brad hoylman,130,92,,,,delete,
75177,Visas,1,2,,,,delete,
75179,Access to Higher Education,36,185,Education,keyword_match,medium,merge_to_canonical,7001.0
75180,youth aging out of foster care,7,14,Children,keyword_match,medium,merge_to_canonical,6816.0
75181,family reunification,4,11,,,,delete,
75182,Access to Mental Health Services,56,414,Health Care,keyword_match,medium,merge_to_canonical,7166.0
75185,Youth Suicide,3,8,Children,keyword_match,medium,merge_to_canonical,6816.0
75186,YS SENATE CHILDREN AND FAMILIES COMMITTEE,1,3,Families,keyword_match,medium,merge_to_canonical,7061.0
75187,National Purple Heart Day,2,2,,,,delete,
75193,Bridge Maintenance,1,6,,,,delete,
75194,Sexual Health,1,10,Health Care,keyword_match,medium,merge_to_canonical,7166.0
75195,Ismaili Community,1,0,,,,delete,
75196,Third Party Transfer,2,3,,,,delete,
75197,PREDATORY PRACTICES,16,40,,,,delete,
75198,Housing Justice,1,25,Housing,keyword_match,medium,merge_to_canonical,7201.0
75199,Summer,4,19,,,,delete,
75201,Police Accountability,25,817,First Responders,keyword_match,medium,merge_to_canonical,8930.0
75202,End of Summer Celebration,6,2,,,,delete,
75205,Gun origin,1,47,Gun Control,keyword_match,medium,merge_to_canonical,7141.0
75206,S4442a,1,2,,,,delete,
75207,Electric Power System Reliability,3,36,,,,delete,
75208,deed fraud and mortgage scams,16,52,,,,delete,
75209,Protecting New York Homeowners,1,17,Housing,keyword_match,medium,merge_to_canonical,7201.0
7521,Rules,573,458,,,,delete,
75210,Mortgage Protection,7,34,,,,delete,
75211,The Tick Project,2,17,,,,delete,
75212,Cary Institute Ecosystem Studies,1,5,,,,delete,
75213,floating billboards,2,2,,,,delete,
75215,DMV Fees,5,117,Transportation,keyword_match,medium,merge_to_canonical,7656.0
75216,Legislative Reform,1,12,,,,delete,
75217,B38 and B54 Buses,6,2,,,,delete,
75218,MTA’s Fast Forward Plan,8,13,MTA,keyword_match,medium,merge_to_canonical,9222.0
75219,International Literacy Day,1,4,,,,delete,
75220,Reading,16,27,,,,delete,
75221,Read-In,1,2,,,,delete,
75222,License Plates,21,332,Transportation,keyword_match,medium,merge_to_canonical,7656.0
75223,Hidden Taxes,8,91,Taxes,keyword_match,medium,merge_to_canonical,7626.0
75231,Town of Brookhaven,2,6,,,,delete,
75232,Youth Sports,11,20,Children,keyword_match,medium,merge_to_canonical,6816.0
75233,MTA Capital Plan,7,16,MTA,keyword_match,medium,merge_to_canonical,9222.0
75234,senior events,2,20,,,,delete,
75235,chinese events,1,2,,,,delete,
75236,paper shreading,1,9,,,,delete,
75238,New York State Organ Donation Registry,2,24,,,,delete,
75239,specialized high schools,1,9,Education,keyword_match,medium,merge_to_canonical,7001.0
75240,nyct,10,12,,,,delete,
75243,Medline,1,1,,,,delete,
75244,Town Hall Meetings,18,57,,,,delete,
75245,New Rochelle,3,1,,,,delete,
75246,August 2019 Newsletter,1,9,,,,delete,
75247,SD35,1,2,,,,delete,
7526,Safe Sex or Contraceptives/ion,5,32,,,,delete,
75275,drug awareness,4,19,Opioid & Substance Use,keyword_match,medium,merge_to_canonical,
75277,Martin Act,2,2,,,,delete,
75278,Securities Fraud,2,6,,,,delete,
75279,Financial Crime,2,7,Crime,keyword_match,medium,merge_to_canonical,6926.0
75280,Wall Street,2,5,,,,delete,
75282,reckless driving,15,29,,,,delete,
75283,verizon,3,25,,,,delete,
75284,department of education,10,121,Education,keyword_match,medium,merge_to_canonical,7001.0
75285,southern brooklyn,4,2,,,,delete,
75286,Protecting Private & Independent Schools,1,14,Education,keyword_match,medium,merge_to_canonical,7001.0
75287,water rates,2,13,,,,delete,
75293,Supervised Consumption Facilities,1,2,,,,delete,
75297,foster care services,1,11,Children,keyword_match,medium,merge_to_canonical,6816.0
75298,confessions of judgment,1,3,,,,delete,
75299,New License Plates,4,60,Transportation,keyword_match,medium,merge_to_canonical,7656.0
75300,Cost of Public Higher Education,8,80,Education,keyword_match,medium,merge_to_canonical,7001.0
75301,employee-employer dynamic,1,8,,,,delete,
75302,determine possible legislative avenues,1,7,,,,delete,
75303,including S.6538,1,3,,,,delete,
75304,Victims Compensation,3,7,,,,delete,
75305,PROTECTING NY HOMEOWNERSTECTING NY HOMEOWNERS,3,4,Housing,keyword_match,medium,merge_to_canonical,7201.0
75306,Intergenerational Resources,1,2,,,,delete,
75307,New York’s Statewide Central Register of Child Abuse and Maltreatment,5,25,Children,keyword_match,medium,merge_to_canonical,6816.0
75308,Being Poor Is Not A Crime,4,39,Crime,keyword_match,medium,merge_to_canonical,6926.0
75309,The New Jane Crow,7,8,,,,delete,
7531,Sales Tax,65,86,Taxes,keyword_match,medium,merge_to_canonical,7626.0
75310,THIRD PARTY TRANSFER PROGRAM AND THE HDFC CRISIS. PROTECTING NY HOMEOWNERS,1,6,Housing,keyword_match,medium,merge_to_canonical,7201.0
75311,Opportunities for Youth,2,9,Children,keyword_match,medium,merge_to_canonical,6816.0
75312,Con Ed,27,34,,,,delete,
75313,Public Power,20,62,,,,delete,
75321,Gifted and Talented Programs,3,22,,,,delete,
75322,Joint Task Force on Opioids,1,11,Opioid & Substance Use,keyword_match,medium,merge_to_canonical,
75323,Green Light Law,24,72,,,,delete,
75324,State Workers,1,7,,,,delete,
75325,Insulin Access,6,14,,,,delete,
75326,Drug Assistance Demonstration Program,2,5,Opioid & Substance Use,keyword_match,medium,merge_to_canonical,
75327,Access to Medications,3,58,,,,delete,
75332,Car Safety,1,6,,,,delete,
75333,Funding Scholastic Athletics,1,1,,,,delete,
75334,Leasing,4,12,,,,delete,
75338,Center for women in government,1,7,,,,delete,
75339,fellowships,3,5,,,,delete,
75341,Utility Costs,16,48,Utilities,keyword_match,medium,merge_to_canonical,7686.0
75342,Over Development,1,6,,,,delete,
75343,Homeland Security and Emergency Services,1,3,Public Safety,keyword_match,medium,merge_to_canonical,8316.0
75344,EMS Operations,5,30,First Responders,keyword_match,medium,merge_to_canonical,8930.0
75345,Public Safety Answering Points Operations Grants,1,1,Public Safety,keyword_match,medium,merge_to_canonical,8316.0
75346,Metzger Summer '19 Interns,1,0,,,,delete,
75347,BROOKLYN BUS REDESIGN,3,3,,,,delete,
75348,Block Party,3,2,,,,delete,
75350,department of recreation,1,4,State Parks & Recreation,keyword_match,medium,merge_to_canonical,
75351,department of historic preservation,1,5,Historical Preservation,keyword_match,medium,merge_to_canonical,7186.0
75352,families for safe streets,3,6,Families,keyword_match,medium,merge_to_canonical,7061.0
75353,Total Wine,1,5,,,,delete,
75356,bensonhurst,5,4,,,,delete,
75359,Westchester Youth Bureau;,1,2,Children,semicolon_first_term_keyword,medium,merge_to_canonical,6816.0
7536,Sea or Boat,19,19,,,,delete,
75360,Veterans and Military Families,8,45,Veterans,keyword_match,medium,merge_to_canonical,7691.0
75361,Legal Services of the Hudson Valley,7,11,,,,delete,
75362,Flu Shots,20,49,,,,delete,
75363,Coops/Condos,5,24,,,,delete,
75364,Voter Registration drive,3,8,Voting Rights,keyword_match,medium,merge_to_canonical,9001.0
75365,marine park,6,7,,,,delete,
75366,community issues,16,58,,,,delete,
75367,Article x,1,4,,,,delete,
75368,Building A Better Community,5,47,,,,delete,
75375,Curious George,2,1,,,,delete,
75376,PBS Kids,2,4,Children,keyword_match,medium,merge_to_canonical,6816.0
75377,Golden Gathering,1,0,,,,delete,
75378,Senior Health Fair,10,8,Health Care,keyword_match,medium,merge_to_canonical,7166.0
75383,South Nassau Communities Hospital,1,0,Health Care,keyword_match,medium,merge_to_canonical,7166.0
75385,Elmont,27,3,,,,delete,
75386,Oceanside,7,2,,,,delete,
75387,Island Park,6,0,,,,delete,
75388,Senior Health,6,35,Health Care,keyword_match,medium,merge_to_canonical,7166.0
75389,catholic church,1,7,,,,delete,
75390,Valley Stream,7,0,,,,delete,
7541,Senior Centers,428,135,Seniors,seed_exact,high,merge_to_canonical,7546.0
75435,New York State’s Response to Federal Government Shutdowns,10,17,,,,delete,
75439,dancing,2,7,,,,delete,
75440,public higher education and its effect on student financial aid programs,0,9,Education,keyword_match,medium,merge_to_canonical,7001.0
75441,state support,3,42,,,,delete,
75442,TAP/GAP,5,29,,,,delete,
75443,student borrowing,3,58,Education,keyword_match,medium,merge_to_canonical,7001.0
75445,public higher education,6,77,Education,keyword_match,medium,merge_to_canonical,7001.0
75446,student financial aid programs,3,71,Education,keyword_match,medium,merge_to_canonical,7001.0
75450,Voyeurism,1,2,,,,delete,
75451,bay ridge,6,6,,,,delete,
75453,Town Hall Meetings; New Rochelle,2,3,,,,delete,
75458,Senator Harckham. SD40,370,85,,,,delete,
75459,911 dispatch,2,23,,,,delete,
7546,Seniors,1210,1189,Seniors,seed_exact,high,already_canonical,7546.0
75460,mt. pleasant public library,1,0,Libraries,keyword_match,medium,merge_to_canonical,8131.0
75461,Milk Bank,1,5,,,,delete,
75462,Breast milk,1,9,,,,delete,
75468,Wind Turbines,13,82,,,,delete,
75469,Protecting Natural Resources,5,28,,,,delete,
75471,Payroll Accountability,7,15,Ethics,keyword_match,medium,merge_to_canonical,7051.0
75474,Post-consumer Paint Collection Program,1,1,,,,delete,
75475,ban,2,9,,,,delete,
75476,plastic bottles,3,21,,,,delete,
75478,She Built NYC,2,3,,,,delete,
75479,Mother Frances Cabrini,1,1,,,,delete,
75480,gas service,1,2,,,,delete,
75481,New York League of Conservation Voters,3,7,Environment,keyword_match,medium,merge_to_canonical,7036.0
75482,September 11th Remembrance Day,16,7,,,,delete,
75483,Java with Joe,5,2,,,,delete,
75484,Special Education Teacher Support Services,1,16,Education,keyword_match,medium,merge_to_canonical,7001.0
75485,SETSS,1,0,,,,delete,
75486,commercial districts,1,2,,,,delete,
75487,QEDC,1,0,,,,delete,
75488,AmpSurf,2,0,,,,delete,
75489,Mother Cabrini,5,2,,,,delete,
75490,renovations,6,9,,,,delete,
75492,lynbrook,9,4,,,,delete,
75493,station upgrades,1,1,,,,delete,
75494,Ghost Guns,84,324,Gun Control,keyword_match,medium,merge_to_canonical,7141.0
75495,Untraceable Firearms,5,120,Gun Control,keyword_match,medium,merge_to_canonical,7141.0
75496,Anniversary,9,3,,,,delete,
75497,Chamber of Commerce,5,10,Small Business,keyword_match,medium,merge_to_canonical,7561.0
75498,Dance Studio,1,6,,,,delete,
75506,Ceremony,5,0,,,,delete,
75507,Unity,1,3,,,,delete,
75508,2019-S6662,0,9,,,,delete,
75509,2019-S6691,0,7,,,,delete,
7551,Session,780,103,,,,delete,
75510,Senator Little,1,1,,,,delete,
75511,45th Senate District,1,6,,,,delete,
75513,Salute to Veterans,2,10,Veterans,keyword_match,medium,merge_to_canonical,7691.0
75514,Information Fair,1,6,,,,delete,
75515,Financial Aid Programs,2,33,,,,delete,
75516,Distribution,4,8,,,,delete,
75517,Foundation Aid Formula,21,19,,,,delete,
75518,Sen. May,0,0,,,,delete,
75519,Sen. Mayer,5,7,,,,delete,
75520,Sen. Benjamin,1,5,,,,delete,
75521,Sen. Carlucci,2,4,,,,delete,
75522,School Financing,4,27,Education,keyword_match,medium,merge_to_canonical,7001.0
75523,District and Community,2,14,,,,delete,
75524,Stakeholder input,2,5,,,,delete,
75525,Foundation Aid formula in relation to student,2,4,Education,keyword_match,medium,merge_to_canonical,7001.0
75526,cyclist fatalities,1,3,,,,delete,
75527,Cyclist safety,3,8,,,,delete,
75530,Combat,1,1,,,,delete,
75531,Federal Bureau of Investigations,1,4,Ethics,keyword_match,medium,merge_to_canonical,7051.0
75536,Rockville Centre,12,7,,,,delete,
75537,Belmont Park,11,5,,,,delete,
75538,Groundbreaking,2,1,,,,delete,
75539,public office,1,3,,,,delete,
75540,prosecute,1,2,,,,delete,
75541,Protecting Second Amendment Rights,9,92,Gun Control,keyword_match,medium,merge_to_canonical,7141.0
75542,Senator Mayer,1,5,,,,delete,
75551,NYSERDA,8,8,,,,delete,
75552,public financing,2,6,,,,delete,
75554,First Responder of the Month,2,6,,,,delete,
75555,PTA,4,10,,,,delete,
75556,West Hempstead,5,0,,,,delete,
75557,police officer,1,10,First Responders,keyword_match,medium,merge_to_canonical,8930.0
75558,police medic,1,1,First Responders,keyword_match,medium,merge_to_canonical,8930.0
75559,JCC,2,5,,,,delete,
7556,Shelters,25,62,,,,delete,
75560,Rosh Hashana celebration,1,1,,,,delete,
75561,Holocaust survivors,29,29,,,,delete,
75562,Centennial,1,0,,,,delete,
75563,Malverne Public Library,1,0,Libraries,keyword_match,medium,merge_to_canonical,8131.0
75565,The New Health Act,1,68,Health Care,keyword_match,medium,merge_to_canonical,7166.0
75566,Sen Rivera and Assemblyman Gottfried,1,4,,,,delete,
75567,Sen. Thomas,7,8,,,,delete,
75568,Sen. Savino,3,5,,,,delete,
75569,Protecting privacy data online,8,44,Data Privacy,keyword_match,medium,merge_to_canonical,75986.0
75570,Treatment and Recovery,2,9,,,,delete,
75572,Sen Rivera,3,4,,,,delete,
75574,Well Being,1,27,,,,delete,
75575,Overdoses,3,12,,,,delete,
75576,legislative initiatives,2,14,,,,delete,
75577,county,2,9,,,,delete,
75578,city,2,8,,,,delete,
75579,town and village governments,5,13,,,,delete,
75580,Effect on Community,1,1,,,,delete,
75585,Brooklyn census 2020,8,6,,,,delete,
75586,Town Hall Meetings: White Plains,2,4,,,,delete,
75587,Helmet giveaway,5,2,,,,delete,
75588,Queens Bus Redesign,2,2,,,,delete,
75589,specialized high school,1,5,Education,keyword_match,medium,merge_to_canonical,7001.0
75592,Empire Awards,32,17,,,,delete,
75593,Airport Park,2,2,,,,delete,
75594,Senator Pete Harckham,4,1,,,,delete,
75595,brooklyn utilities,5,2,Utilities,keyword_match,medium,merge_to_canonical,7686.0
75596,Veterans Park,1,2,Veterans,keyword_match,medium,merge_to_canonical,7691.0
75598,Sen. Myrie,1,0,,,,delete,
75601,Schoharie,1,1,,,,delete,
7561,Small Business,1159,2071,Small Business,seed_exact,high,already_canonical,7561.0
75658,Clarence Bee,1,3,,,,delete,
75659,SD 61,4,2,,,,delete,
7566,Social Security,17,134,Seniors,keyword_match,medium,merge_to_canonical,7546.0
75660,Immigration Services,1,21,Immigration,keyword_match,medium,merge_to_canonical,7221.0
75661,pubic hearing,1,6,,,,delete,
75665,Liquor License,7,15,,,,delete,
75666,Boys and Girls High School,3,20,Education,keyword_match,medium,merge_to_canonical,7001.0
75669,Senior Fair,12,10,,,,delete,
75670,Senior Information Fair,3,3,,,,delete,
75671,school buses,3,2,Education,keyword_match,medium,merge_to_canonical,7001.0
75673,fort hamilton high school,2,1,Education,keyword_match,medium,merge_to_canonical,7001.0
75674,nyc parks,4,8,State Parks & Recreation,keyword_match,medium,merge_to_canonical,
75675,restoration,2,1,,,,delete,
75676,Fusion Voting,2,7,Voting Rights,keyword_match,medium,merge_to_canonical,9001.0
75677,advertising,3,10,,,,delete,
75681,suspended drivers,1,3,,,,delete,
75682,Solid Waste,2,4,,,,delete,
75683,LLC,2,5,,,,delete,
75684,Community Centers,5,6,,,,delete,
75685,water testing,1,7,,,,delete,
75687,Voter Empowerment,5,26,Voting Rights,keyword_match,medium,merge_to_canonical,9001.0
75688,Glendale,2,2,,,,delete,
75689,Constituent Coffee Hour,4,8,,,,delete,
75690,Senator Metzger's Fall '19 Hike Bike & Kayak Tour,1,2,,,,delete,
75696,Clean Water Infrastructure,19,63,Infrastructure,keyword_match,medium,merge_to_canonical,4521.0
75699,Committee on Consumer Protection,11,34,Consumer Protection,keyword_match,medium,merge_to_canonical,6886.0
75700,Preserving Family Bonds,1,9,,,,delete,
75701,Senator Montgomery's Family Visitation Bus Bill,1,5,,,,delete,
75702,Senator Montgomery's Proximity Bill (April's Law),4,6,,,,delete,
75703,Breast Cancer Awareness Month,10,17,Health Care,keyword_match,medium,merge_to_canonical,7166.0
75704,Planned Parenthood Mid Hudson Valley,0,4,Reproductive Rights,keyword_match,medium,merge_to_canonical,9346.0
75705,Wind Energy,5,36,Energy,keyword_match,medium,merge_to_canonical,7026.0
75707,Building Career Pathways for Young People,3,13,,,,delete,
75709,Infant Loss Awareness Month,2,1,,,,delete,
7571,Social Services,331,966,Social Services,seed_exact,high,already_canonical,7571.0
75710,Tax Credit Initiative,1,6,Taxes,keyword_match,medium,merge_to_canonical,7626.0
75713,Hispanic Heritage Month Celebration,16,11,,,,delete,
75714,NYS Driver's License,0,3,Transportation,keyword_match,medium,merge_to_canonical,7656.0
75715,Public Charge Rule,5,7,,,,delete,
75716,prosecutors,2,2,,,,delete,
75717,bill,4,22,,,,delete,
75718,Loophole,1,4,,,,delete,
75719,Bill S4572,1,7,,,,delete,
75720,Juvenile Justie Reform,0,3,,,,delete,
75721,Child Welfare Reform,3,27,Social Services,keyword_match,medium,merge_to_canonical,7571.0
75722,Foster Care and Youth Aging Out,1,15,Children,keyword_match,medium,merge_to_canonical,6816.0
75728,Media Inquiries,1,5,,,,delete,
75730,parenting,6,28,,,,delete,
75732,student debt,30,298,Education,keyword_match,medium,merge_to_canonical,7001.0
75733,Senator Kevin Thomas,5,9,,,,delete,
75737,nys regent,1,4,,,,delete,
75738,judith johnson,2,1,,,,delete,
75739,Election Integrity,10,67,Elections,keyword_match,medium,merge_to_canonical,7011.0
75740,Campaign Finance Reform And Elections Commission,2,34,Finance,keyword_match,medium,merge_to_canonical,7081.0
75749,Stillbirth,2,5,,,,delete,
75750,Long Term Care Insurance,3,13,Insurance,keyword_match,medium,merge_to_canonical,7236.0
75751,Town Halls,1,3,,,,delete,
75753,community arts,2,10,Arts & Culture,keyword_match,medium,merge_to_canonical,80871.0
75754,Miele's Respite,1,1,,,,delete,
75755,Transitional Services for New York,1,1,,,,delete,
75756,respite program,1,2,,,,delete,
7576,Solar,14,117,Renewable Energy,keyword_match,medium,merge_to_canonical,7511.0
75760,Belle Harbor,1,1,,,,delete,
7581,Special Education,88,188,Education,keyword_match,medium,merge_to_canonical,7001.0
75820,Rent and Utility Laws,1,12,Tenant Rights,keyword_match,medium,merge_to_canonical,61615.0
75821,Information Session,5,9,,,,delete,
75823,Workforce and Economic Development,2,18,Economic Development,keyword_match,medium,merge_to_canonical,6996.0
75824,Educational Opportunities,4,19,,,,delete,
75825,Youth and the Future of Work in Upstate New York,2,7,Children,keyword_match,medium,merge_to_canonical,6816.0
75835,environmental issues,7,97,Environment,keyword_match,medium,merge_to_canonical,7036.0
75836,Adult Survivors Act,11,36,,,,delete,
75837,shsat,2,6,,,,delete,
75838,environmental action,15,155,Environment,keyword_match,medium,merge_to_canonical,7036.0
75841,Boys and Girls High School Campus,1,5,Education,keyword_match,medium,merge_to_canonical,7001.0
75842,Creating Pathways for Youth,1,8,Children,keyword_match,medium,merge_to_canonical,6816.0
75843,Industry City,4,1,,,,delete,
75844,400 Years of African-American History,3,24,,,,delete,
75845,Empowerment and Importance of African-American Religious Institutions,3,2,,,,delete,
75846,electric cars,11,100,Transportation,keyword_match,medium,merge_to_canonical,7656.0
75850,NY Rising Housing Recovery Program,1,10,Housing,keyword_match,medium,merge_to_canonical,7201.0
75851,Governor’s Office of Storm Recovery,3,4,,,,delete,
75858,Fighting for Our Constituents,5,8,,,,delete,
75859,Local development,3,23,,,,delete,
7586,Special Elections,30,49,Elections,keyword_match,medium,merge_to_canonical,7011.0
75860,Home Improvements,2,8,,,,delete,
75861,Sidney Veterans' Memorial Highway,1,1,Transportation,keyword_match,medium,merge_to_canonical,7656.0
75864,Lake Erie,5,19,,,,delete,
75865,Veterans Resource Fair,14,22,Veterans,keyword_match,medium,merge_to_canonical,7691.0
75866,Restaurants,13,52,,,,delete,
75867,Pizza,1,1,,,,delete,
75871,KinCare,4,5,,,,delete,
75872,PROTECTING NY HOMEOWNERS DEED FRAUD AND MORTGAGE SCAMS,3,17,Housing,keyword_match,medium,merge_to_canonical,7201.0
75873,negative campaigning,1,1,,,,delete,
75874,public funds,3,5,,,,delete,
75875,Public Campaign Financing Commission,3,9,,,,delete,
75876,cmpaigning,1,3,,,,delete,
75877,Veterans Mental Health,5,27,Health Care,keyword_match,medium,merge_to_canonical,7166.0
75878,Plumbing Limitations,1,0,,,,delete,
75879,2020 Presidential Primary Election,3,58,Elections,keyword_match,medium,merge_to_canonical,7011.0
75880,Rural Voters,1,4,,,,delete,
75883,one-on-one,6,2,,,,delete,
75884,Senator Phil Boyle,7,3,,,,delete,
75886,prescription plan,1,4,,,,delete,
75887,meet with the senator,2,8,,,,delete,
75888,meeting,2,2,,,,delete,
75897,Menthol Cigarettes,5,3,,,,delete,
75898,Big Tobacco,3,6,,,,delete,
75900,election security,5,19,Elections,keyword_match,medium,merge_to_canonical,7011.0
75901,Public Assistance Income,2,6,Social Services,keyword_match,medium,merge_to_canonical,7571.0
75902,Social Service Providers,1,3,,,,delete,
75903,SUNY New Paltz Farmers Market,1,2,Higher Education,keyword_match,medium,merge_to_canonical,7176.0
75904,Consumer Fraud,8,22,,,,delete,
75907,Untermyer Garden,2,1,,,,delete,
75908,garden restoration,2,0,,,,delete,
75909,Department of Sanitation,8,14,,,,delete,
7591,STAR (School Tax Relief Program),200,344,Taxes,seed_exact,high,merge_to_canonical,7626.0
75910,East Village,2,1,,,,delete,
75913,recession,2,6,,,,delete,
75914,rainy day fund,2,4,,,,delete,
75915,Contractor Fraud,1,7,,,,delete,
75918,Wegmans,1,3,,,,delete,
75919,Access to Fresh Food,18,170,Nutrition,keyword_match,medium,merge_to_canonical,7411.0
75920,Health and Nutrition,3,28,Health Care,keyword_match,medium,merge_to_canonical,7166.0
75921,Rockland's water,0,3,,,,delete,
75922,senior program,1,9,,,,delete,
75924,Reespecht Life,1,2,,,,delete,
75925,NIA,1,1,,,,delete,
75926,coastal resiliency,5,8,,,,delete,
75927,mayor's office of resiliency,1,6,,,,delete,
75928,Photo Contest,1,14,,,,delete,
75940,Court Consolidation,1,8,,,,delete,
75943,Gun Owners Privacy Rights,1,111,Gun Control,keyword_match,medium,merge_to_canonical,7141.0
75944,Public Colleges,3,39,Higher Education,keyword_match,medium,merge_to_canonical,7176.0
75945,Racing Gaming and Wagering,9,19,Gaming,keyword_match,medium,merge_to_canonical,7111.0
75946,Workplace Conduct,4,21,,,,delete,
75947,sexual misconduct,1,4,,,,delete,
75948,Length of Service Awards Programs,1,1,,,,delete,
75949,LOSAP,2,8,,,,delete,
75950,Roscoe Central School District,3,3,Education,keyword_match,medium,merge_to_canonical,7001.0
75951,Student Advisory Committee,4,6,Education,keyword_match,medium,merge_to_canonical,7001.0
75952,Senator Jen Metzger,3,2,,,,delete,
75953,Worker Protections,11,40,,,,delete,
75954,Senate Commendation Award,17,7,,,,delete,
75955,Community Impact,5,14,,,,delete,
75956,Fall Newsletter,3,14,,,,delete,
75957,NYDFS,1,1,,,,delete,
75958,Armed Service Members,10,30,,,,delete,
75959,local elections,12,54,Elections,keyword_match,medium,merge_to_canonical,7011.0
7596,State Parks,214,171,State Parks & Recreation,seed_exact,high,merge_to_canonical,
75960,Capital Program,2,4,,,,delete,
75964,Public Financing Political Campaigns,6,23,,,,delete,
75965,Orange County,73,8,,,,delete,
75968,I-684,2,1,,,,delete,
75969,Connecticut,2,1,,,,delete,
75970,Hearing Loss,2,3,,,,delete,
75972,Tobacco Use,2,9,,,,delete,
75973,Smoking,4,26,,,,delete,
75974,Housing Stability and Tenant Protection Act,1,19,Housing,keyword_match,medium,merge_to_canonical,7201.0
75975,Utility Rights,1,7,Utilities,keyword_match,medium,merge_to_canonical,7686.0
75979,Creative,1,4,,,,delete,
75980,400 foundation,1,11,,,,delete,
75981,Move Sullivan Bus Loop,1,0,,,,delete,
75982,Criminal Justice Reforms,9,165,Criminal Justice Reform,keyword_match,medium,merge_to_canonical,8546.0
75985,JCOPE,8,11,,,,delete,
75986,Data Privacy,25,219,Data Privacy,keyword_match,medium,already_canonical,75986.0
75987,Teens,3,8,,,,delete,
75991,Garden City Public Library,1,0,Libraries,keyword_match,medium,merge_to_canonical,8131.0
75992,Empire Cricket Task Force,1,1,,,,delete,
75993,Wind & Solar Subsidies,2,19,Renewable Energy,keyword_match,medium,merge_to_canonical,7511.0
75994,Protecting Utility Ratepayers,57,63,Utilities,keyword_match,medium,merge_to_canonical,7686.0
75996,Small Business Forum,1,4,Small Business,keyword_match,medium,merge_to_canonical,7561.0
75997,Water Supply,2,9,,,,delete,
75998,Daylight Savings,2,10,,,,delete,
76000,Vaping-Related Illness,4,10,,,,delete,
76001,Flavor Ban,1,3,,,,delete,
76002,Illegal Aliens,0,51,,,,delete,
76005,New York American Water,18,42,,,,delete,
76006,Fair Housing Act,7,75,Housing,keyword_match,medium,merge_to_canonical,7201.0
76007,Victim,1,1,,,,delete,
76009,Syracuse University,2,5,Higher Education,keyword_match,medium,merge_to_canonical,7176.0
7601,Storms,83,78,,,,delete,
76010,Public Utilities,30,53,Utilities,keyword_match,medium,merge_to_canonical,7686.0
76011,Public Accountability,2,19,Ethics,keyword_match,medium,merge_to_canonical,7051.0
76012,Palisades Parkway  Overpass,1,0,,,,delete,
76013,interstate 684,1,0,,,,delete,
76014,Holiday Open House,2,1,,,,delete,
76015,holiday,8,12,,,,delete,
76017,hpv,1,47,,,,delete,
76018,s298a,1,17,,,,delete,
76019,s298b,1,22,,,,delete,
76020,anti vaccine,15,144,Health Care,keyword_match,medium,merge_to_canonical,7166.0
76021,required vaccinations,5,65,Health Care,keyword_match,medium,merge_to_canonical,7166.0
76022,School Governance,2,10,Education,keyword_match,medium,merge_to_canonical,7001.0
76025,Frontier,1,1,,,,delete,
76026,Bioswale/Rain Garden,1,8,,,,delete,
76027,Town Hall RSVP,1,6,,,,delete,
76033,floodhelpny,1,1,,,,delete,
76034,Farm Vehicle,1,4,Agriculture,keyword_match,medium,merge_to_canonical,6716.0
76035,Agricultural Production,4,16,Arts & Culture,keyword_match,medium,merge_to_canonical,80871.0
76036,department of parks,2,22,State Parks & Recreation,keyword_match,medium,merge_to_canonical,
76037,Move Sullivan,1,2,,,,delete,
76038,Potholes & State Roadway Repairs,10,12,,,,delete,
76039,bigotry,1,8,,,,delete,
76040,local schools,7,82,Education,keyword_match,medium,merge_to_canonical,7001.0
76041,Fair Housing,56,422,Housing,keyword_match,medium,merge_to_canonical,7201.0
76042,Housing Discrimination,28,101,Housing,keyword_match,medium,merge_to_canonical,7201.0
76043,little libraries,1,5,Libraries,keyword_match,medium,merge_to_canonical,8131.0
76044,boy scouts of america,8,7,,,,delete,
76045,Enlarged City School District of Middletown,1,0,Education,keyword_match,medium,merge_to_canonical,7001.0
76046,Health Insurance Program,1,15,Health Care,keyword_match,medium,merge_to_canonical,7166.0
76047,Melvin Harris Jr,1,0,,,,delete,
76048,Uniondale,4,0,,,,delete,
7606,SUNY (State University of New York),252,218,Higher Education,seed_exact,high,merge_to_canonical,7176.0
7611,Supreme,3,11,,,,delete,
76131,problem gambling,9,6,Gaming,keyword_match,medium,merge_to_canonical,7111.0
76132,American Airlines Flight 587,3,3,,,,delete,
76133,plane crash,2,0,,,,delete,
76137,dialysis,1,3,,,,delete,
76138,tour,1,1,,,,delete,
76139,Ozone Park,1,0,,,,delete,
76141,veterans suicide,2,8,Veterans,keyword_match,medium,merge_to_canonical,7691.0
76142,NY American Water,2,7,,,,delete,
76143,Mercury,2,7,,,,delete,
76145,Public Financing and Elections Commission,1,9,Elections,keyword_match,medium,merge_to_canonical,7011.0
76146,Community Recognition,11,2,,,,delete,
76147,Do Not Call Law,1,12,,,,delete,
76148,Turkeys,2,0,,,,delete,
76149,Public Assistance Programs,3,13,Social Services,keyword_match,medium,merge_to_canonical,7571.0
76150,Slamming,1,0,,,,delete,
76151,Ratepayers,3,1,Utilities,keyword_match,medium,merge_to_canonical,7686.0
76152,Service Providers,1,1,,,,delete,
76153,New York State Public Service Commission,23,19,Utilities,keyword_match,medium,merge_to_canonical,7686.0
76154,Public Wells,2,3,,,,delete,
76155,SUNY New Paltz,1,3,Higher Education,keyword_match,medium,merge_to_canonical,7176.0
76156,Delaware County,2,1,,,,delete,
76157,Elting Memorial Library,1,0,Libraries,keyword_match,medium,merge_to_canonical,8131.0
7616,Surplus,6,15,,,,delete,
76164,Housing Preservation & Development,2,23,Housing,keyword_match,medium,merge_to_canonical,7201.0
76166,Tax Forum,0,3,Taxes,keyword_match,medium,merge_to_canonical,7626.0
76168,Seniors Advisory,4,17,Seniors,keyword_match,medium,merge_to_canonical,7546.0
76170,State Senate,3,20,,,,delete,
76171,57th Senate District,3,5,,,,delete,
76172,Naloxone Training. Narcan Training,14,28,,,,delete,
76173,Supporting Our Troops,1,10,Veterans,keyword_match,medium,merge_to_canonical,7691.0
76182,Capital Grants,8,17,,,,delete,
76183,CCEOC 4-H Showcase,1,3,,,,delete,
76184,Hospital Financing,6,5,Health Care,keyword_match,medium,merge_to_canonical,7166.0
76185,Hemp/CBD Production,1,13,,,,delete,
76186,New York Agriculture,18,74,Agriculture,keyword_match,medium,merge_to_canonical,6716.0
76187,Warehouses,6,1,,,,delete,
76188,ICAP,3,4,,,,delete,
76189,REAP,3,2,,,,delete,
76190,Sullivan 180,1,1,,,,delete,
76191,NYS Senate Empire Award,16,17,,,,delete,
76192,Central Venous Line,1,2,,,,delete,
76194,chemical,1,2,,,,delete,
76199,Washington Square Park Conservancy,1,2,,,,delete,
76200,auto-injectors,1,2,,,,delete,
76201,Eagle Scouts,8,10,,,,delete,
76202,Service,2,7,,,,delete,
76203,Court of Honor,1,5,,,,delete,
76204,distinction,2,4,,,,delete,
7621,Surrogate,1,5,,,,delete,
76214,devocalization,3,3,,,,delete,
76216,Legislative Survey,11,27,,,,delete,
76227,Illegal Voting,1,36,Voting Rights,keyword_match,medium,merge_to_canonical,9001.0
76233,reverse mortgage,1,7,,,,delete,
76254,small claims court,2,11,,,,delete,
76255,civil court,2,12,,,,delete,
76256,School Fire Inspections,1,2,Education,keyword_match,medium,merge_to_canonical,7001.0
7626,Taxes,790,1387,Taxes,seed_exact,high,already_canonical,7626.0
76261,Local Governance,2,22,,,,delete,
76262,Annexation,2,5,,,,delete,
76264,Holiday Toy Drive,15,11,,,,delete,
76265,statewide ban,1,8,,,,delete,
76266,plastic foam containers,1,14,,,,delete,
76267,shellfish hatchery,1,2,,,,delete,
7631,Telecommunications,197,114,Telecommunications,seed_exact,high,already_canonical,7631.0
76341,Angel Project,1,1,,,,delete,
76342,STS,3,0,,,,delete,
76343,Local economies,2,9,,,,delete,
76354,Menstrual Health,9,16,Health Care,keyword_match,medium,merge_to_canonical,7166.0
76355,Educate,1,5,,,,delete,
7636,Terrorism,75,260,Public Safety,keyword_match,medium,merge_to_canonical,8316.0
76368,Regional Economic Development Council (REDC),5,10,Economic Development,keyword_match,medium,merge_to_canonical,6996.0
76369,REDC Awards,4,1,,,,delete,
76370,Catskills,1,4,,,,delete,
76371,Mid-Hudson,1,7,,,,delete,
76372,Floral Park,13,6,,,,delete,
76375,PFAS chemicals,13,13,,,,delete,
76376,Statewide Central Register of Child Abuse and Maltreatment (SCR),3,12,Children,keyword_match,medium,merge_to_canonical,6816.0
76387,D-Day,2,3,,,,delete,
76388,statue controversy,1,4,,,,delete,
76392,New Years,1,0,,,,delete,
76393,Kwaanza,1,1,,,,delete,
76394,Cost of Living,21,169,Affordability,keyword_match,medium,merge_to_canonical,9076.0
76395,Spoofing,3,16,,,,delete,
76396,anti-semitism hate crime,35,89,Crime,keyword_match,medium,merge_to_canonical,6926.0
7641,Thruway Authority,34,37,,,,delete,
76444,brooklyn queens landtrust,0,3,,,,delete,
76445,Community Land trust,4,10,,,,delete,
76446,New Yorkers,3,29,,,,delete,
76447,Metzger,1,3,,,,delete,
76449,reverse mortgages,0,5,,,,delete,
7646,Tobacco,50,69,,,,delete,
76465,Monsey,1,2,,,,delete,
7651,Towns or Counties,110,87,,,,delete,
76519,Farm Workforce Retention Credit,3,4,Jobs & Employment,keyword_match,medium,merge_to_canonical,7261.0
76520,Statewide Interoperable Communications Grant program,1,0,,,,delete,
76521,Electric Vehicle,9,105,Transportation,keyword_match,medium,merge_to_canonical,7656.0
76522,Asian Longhorned Tick,1,7,,,,delete,
76523,Keeping New York Residents Safe,2,20,,,,delete,
76525,Ban on high-volume hydraulic fracturing,1,11,,,,delete,
7656,Transportation,1856,1635,Transportation,seed_exact,high,already_canonical,7656.0
76575,shoreline protection project,1,3,,,,delete,
76576,2020 transportation and infrastructure agenda,2,29,Infrastructure,keyword_match,medium,merge_to_canonical,4521.0
76577,Foam Food Containers,1,6,,,,delete,
76578,security upgrades,1,3,,,,delete,
76579,Five Towns yeshivas and centers,1,0,,,,delete,
76580,New York’s Securing Communities Against Hate Crimes Grant Program,3,7,Hate Crimes,keyword_match,medium,merge_to_canonical,9619.0
76581,Religious,2,9,,,,delete,
76582,N36,1,0,,,,delete,
76583,bus route,1,1,,,,delete,
76584,restore,1,0,,,,delete,
76586,Metzger 2020 Legislative Goals,1,0,,,,delete,
76587,Bipartisan Support,4,8,,,,delete,
76607,Promoting Adoption,1,2,Children,keyword_match,medium,merge_to_canonical,6816.0
76608,Adoption Services,1,13,Children,keyword_match,medium,merge_to_canonical,6816.0
7661,Tribal,2,10,,,,delete,
76611,Family first Act,1,5,,,,delete,
76613,FEMA,8,16,,,,delete,
76614,Mohawk Valley Nine,1,0,,,,delete,
76620,doral arrowwood,1,0,,,,delete,
76622,Climate Smart Communities program,1,27,,,,delete,
76623,judges,8,30,,,,delete,
76624,Hempstead Town Board,1,3,,,,delete,
76625,recusal,2,1,,,,delete,
76626,Climate Action Council,14,125,Climate Change,keyword_match,medium,merge_to_canonical,6841.0
76627,2020 session,2,20,,,,delete,
76629,Elevator Safety Act,1,0,,,,delete,
76631,nyc parking,4,5,,,,delete,
76633,57th District,2,5,,,,delete,
76634,2020 Legislative Session,9,85,,,,delete,
76652,2020-2021 New York State budget,32,260,Budget,keyword_match,medium,merge_to_canonical,6786.0
7666,Troops,447,81,Veterans,seed_exact,high,merge_to_canonical,7691.0
76660,Judicial Discretion,9,30,Judiciary,keyword_match,medium,merge_to_canonical,7271.0
76661,Dangerousness,1,0,,,,delete,
76668,$6 Billion Budget Gap,12,160,Budget,keyword_match,medium,merge_to_canonical,6786.0
76669,sexual harassment legislation,4,8,Women's Rights,keyword_match,medium,merge_to_canonical,9128.0
76670,harvey weinstein,3,3,,,,delete,
76671,#metoo,1,176,,,,delete,
76672,nyc department of parks,3,2,State Parks & Recreation,keyword_match,medium,merge_to_canonical,
76673,public parks,2,7,State Parks & Recreation,keyword_match,medium,merge_to_canonical,
76676,police and public safety,28,150,Public Safety,keyword_match,medium,merge_to_canonical,8316.0
76677,public funding,2,6,,,,delete,
76679,Combating anti-Semitism,114,145,Hate Crimes,seed_exact,high,merge_to_canonical,9619.0
76680,department of veteran affairs,2,20,,,,delete,
76681,veteran luncheon,1,5,,,,delete,
76682,3 for community,5,13,,,,delete,
76683,volunteering,2,13,,,,delete,
76684,holiday season,12,1,,,,delete,
76685,bay ridge senior center,1,1,,,,delete,
76686,senior care,6,21,,,,delete,
76688,immigrant affairs,6,41,Immigration,keyword_match,medium,merge_to_canonical,7221.0
76689,immigrant services,1,11,Immigration,keyword_match,medium,merge_to_canonical,7221.0
76690,arab,1,3,,,,delete,
76691,historic statues,2,3,,,,delete,
76692,new york city history,1,2,,,,delete,
76693,rally,2,4,,,,delete,
76694,kids town hall,1,1,Children,keyword_match,medium,merge_to_canonical,6816.0
76695,Wagon Wheel Farm,1,1,,,,delete,
76696,Goshen,7,3,,,,delete,
76700,Cashless Bail,7,100,Criminal Justice Reform,keyword_match,medium,merge_to_canonical,8546.0
76701,Protecting Communities,5,17,,,,delete,
76704,E-Bikes,23,19,,,,delete,
76705,Infant Walkers,1,1,,,,delete,
76706,Earthquake,1,2,,,,delete,
76707,Naloxone Training,2,5,,,,delete,
76708,voter fraud,3,32,Voting Rights,keyword_match,medium,merge_to_canonical,9001.0
7671,Tunnels,5,21,,,,delete,
76718,Right to Repair Act,3,21,,,,delete,
76719,Car Repair,1,4,,,,delete,
76734,Motor Vehicles,7,60,,,,delete,
76735,Railroad Crossing Safety,1,5,,,,delete,
76736,Intergenerational Poverty,1,5,,,,delete,
76737,Poverty,11,39,,,,delete,
76738,Demographic Information,1,6,,,,delete,
76739,Journalism,5,9,,,,delete,
76755,2020 Community and Legislative Survey,1,49,,,,delete,
7676,Unemployment,196,733,Jobs & Employment,seed_exact,high,merge_to_canonical,7261.0
76763,hotel shutdown,3,0,,,,delete,
76766,Chat with Jen,10,11,,,,delete,
76767,Hoot Owl Restaurant,1,2,,,,delete,
76768,Constituent Gathering,6,14,,,,delete,
76769,Brookhaven Lab,1,3,,,,delete,
76770,anti-Semitic attacks,20,64,,,,delete,
76771,Jewish community,61,57,,,,delete,
76772,Never Again Education Act,1,11,Education,keyword_match,medium,merge_to_canonical,7001.0
76773,Holocaust education training,4,14,Education,keyword_match,medium,merge_to_canonical,7001.0
76774,West Hempstead Water District,1,2,,,,delete,
76783,bail reform. public safety,50,611,Public Safety,keyword_match,medium,merge_to_canonical,8316.0
76784,New York Farm Bureau,1,12,Agriculture,keyword_match,medium,merge_to_canonical,6716.0
76786,HDFC,3,3,,,,delete,
76794,Behavioral Health cuts,1,36,Health Care,keyword_match,medium,merge_to_canonical,7166.0
76800,Jen Metzger,8,4,,,,delete,
76803,Ellenville,5,4,,,,delete,
76809,Warwick,4,7,,,,delete,
7681,Unions,100,322,Labor,seed_exact,high,merge_to_canonical,7286.0
7686,Utilities,154,332,Utilities,seed_exact,high,already_canonical,7686.0
76863,Youth Offenders,1,7,Children,keyword_match,medium,merge_to_canonical,6816.0
76864,Court System,1,22,,,,delete,
76867,bail reform criminal justice,19,247,Criminal Justice Reform,keyword_match,medium,merge_to_canonical,8546.0
76869,E-Cigarettes,8,34,,,,delete,
76870,adoptees,2,5,,,,delete,
76889,Marching against hate,2,1,,,,delete,
76896,NYS Board of Regents,7,30,,,,delete,
76904,AARP,5,20,,,,delete,
76905,Capitol Caregiver,1,1,,,,delete,
76906,Joe Time,1,2,,,,delete,
76907,March against anti-Semitism,1,1,Hate Crimes,keyword_match,medium,merge_to_canonical,9619.0
76908,Democracy Preservation Act,9,25,,,,delete,
7691,Veterans,2149,1936,Veterans,seed_exact,high,already_canonical,7691.0
76911,Extreme Winter Recovery,1,0,,,,delete,
76918,Seat Belts,5,2,,,,delete,
76919,Passenger Safety Legislation,4,3,,,,delete,
76920,Protect Our Courts Act,8,21,Judiciary,keyword_match,medium,merge_to_canonical,7271.0
76921,Access to Representation Act,2,35,,,,delete,
76936,Citizens United,4,15,,,,delete,
76943,The High Line,2,2,,,,delete,
76955,Adoptees Access to Birth Records,4,20,,,,delete,
7696,Victims,484,103,Crime,seed_exact,high,merge_to_canonical,6926.0
76963,Budget and Revenue,21,91,Budget,keyword_match,medium,merge_to_canonical,6786.0
76964,Senator Rachel May,4,15,,,,delete,
76965,Cigarettes,3,16,,,,delete,
76968,graduation requirements,2,14,,,,delete,
76975,E-Verify,2,5,,,,delete,
76990,NASA,2,16,,,,delete,
76991,New York Bicycle Coalition summit,1,8,,,,delete,
76992,Long Island Greenway,1,5,,,,delete,
76993,Queens Bus Network Redesign,4,8,,,,delete,
7701,Villages,32,48,,,,delete,
77019,Legislative Committees,2,11,,,,delete,
77020,Home Security,2,6,,,,delete,
77021,Roscoe,3,2,,,,delete,
77022,Building Cost Report,1,2,,,,delete,
77026,doctor shortage,2,5,,,,delete,
77047,Senator Liu,105,30,,,,delete,
77048,Senate District 11,2,3,,,,delete,
77049,Bus Redesign,2,2,,,,delete,
77050,MTA concerns,4,8,MTA,keyword_match,medium,merge_to_canonical,9222.0
77052,Wyandanch School Board,1,1,Education,keyword_match,medium,merge_to_canonical,7001.0
77058,Persian Food,2,3,,,,delete,
77059,State Foundation Aid,1,8,,,,delete,
7706,Violations,31,39,,,,delete,
77061,Amnesty Bill,1,13,,,,delete,
77062,2020-2021 Executive Budget,18,103,Budget,keyword_match,medium,merge_to_canonical,6786.0
77063,Workforce Development Initiative,2,11,Jobs & Employment,keyword_match,medium,merge_to_canonical,7261.0
77064,Hudson Valley Federal Credit Union,1,0,Labor,keyword_match,medium,merge_to_canonical,7286.0
77065,MLK Center,1,0,,,,delete,
77066,performance,3,2,,,,delete,
77067,single-use electronic cigarettes,1,2,,,,delete,
77068,Tobacco Product Waste Reduction Act,1,3,,,,delete,
77075,Hempstead School District,3,0,Education,keyword_match,medium,merge_to_canonical,7001.0
77097,New York Post,2,6,,,,delete,
77108,Combating Hate Speech,66,125,Hate Crimes,keyword_match,medium,merge_to_canonical,9619.0
77109,roads and bridges,6,15,Transportation,keyword_match,medium,merge_to_canonical,7656.0
7711,Volunteers/ing,19,46,,,,delete,
77110,2020-2021 budget,9,65,Budget,keyword_match,medium,merge_to_canonical,6786.0
77131,NYS Senate Commendation Award,38,10,,,,delete,
77133,Con Edison,68,48,Utilities,keyword_match,medium,merge_to_canonical,7686.0
77134,Medicaid Spending,6,11,Medicaid,keyword_match,medium,merge_to_canonical,7331.0
77135,Upstate New York,12,51,,,,delete,
77139,Roscoe Free Library,1,0,Libraries,keyword_match,medium,merge_to_canonical,8131.0
77143,EmPowering Port Jervis,1,0,,,,delete,
77144,Controversial Bail Reform,10,72,Criminal Justice Reform,keyword_match,medium,merge_to_canonical,8546.0
77147,2020-21 Budget,4,44,Budget,keyword_match,medium,merge_to_canonical,6786.0
7716,Voter Protection,199,253,Voting Rights,seed_exact,high,merge_to_canonical,9001.0
77182,2020 Women of Distinction,67,76,Women of Distinction,keyword_match,medium,merge_to_canonical,8989.0
77204,Maple,2,0,,,,delete,
77205,Building the Farm to Table Pipleline,2,22,Agriculture,keyword_match,medium,merge_to_canonical,6716.0
77206,White Plains,6,1,,,,delete,
7721,Voter Registration,64,210,Voting Rights,keyword_match,medium,merge_to_canonical,9001.0
77213,Bill S7275,0,2,,,,delete,
77215,MLK Day,7,5,,,,delete,
77216,Celebration,8,5,,,,delete,
77218,Traffic Study,1,1,,,,delete,
77220,Rate hike,4,2,,,,delete,
77221,hate symbols,5,15,,,,delete,
77227,2020 budget,5,65,Budget,keyword_match,medium,merge_to_canonical,6786.0
77228,2020 final budget,2,39,Budget,keyword_match,medium,merge_to_canonical,6786.0
77242,PAVE NY Initiative,5,3,,,,delete,
77244,andy byford,1,3,,,,delete,
77245,park cleanup,6,13,,,,delete,
77246,homeowners and tenants,2,23,Housing,keyword_match,medium,merge_to_canonical,7201.0
77247,property tax benefits,6,40,Taxes,keyword_match,medium,merge_to_canonical,7626.0
7726,Water,90,163,,,,delete,
77273,School Budgets,3,64,Education,keyword_match,medium,merge_to_canonical,7001.0
77283,Legislative Updates,1,21,,,,delete,
7731,Wind,8,49,,,,delete,
77323,Excelsior Scholarship,3,24,,,,delete,
77324,Vocational Students,1,6,Education,keyword_match,medium,merge_to_canonical,7001.0
77331,2020-21 Executive Budget,1,34,Budget,keyword_match,medium,merge_to_canonical,6786.0
77332,homeowners and tenant rights,4,41,Housing,keyword_match,medium,merge_to_canonical,7201.0
77333,Rural Hospitals,1,9,Health Care,keyword_match,medium,merge_to_canonical,7166.0
77334,Lakeshore Health Care Center,1,3,Health Care,keyword_match,medium,merge_to_canonical,7166.0
77335,Health Care Access,2,23,Health Care,keyword_match,medium,merge_to_canonical,7166.0
77336,Mental Health Care,7,111,Health Care,keyword_match,medium,merge_to_canonical,7166.0
77337,Budget and Revenues Committee,1,7,Budget,keyword_match,medium,merge_to_canonical,6786.0
77338,International Holocaust Remembrance Day,9,9,,,,delete,
77340,2020 New York State Budget,5,46,Budget,keyword_match,medium,merge_to_canonical,6786.0
77345,Biometric Surveillance,1,15,,,,delete,
77346,Facial Recognition Technology,5,44,Technology Policy,keyword_match,medium,merge_to_canonical,
77347,Budget Hearings: White Plains,2,2,Budget,keyword_match,medium,merge_to_canonical,6786.0
77348,Budget Hearings: Yonkers,1,1,Budget,keyword_match,medium,merge_to_canonical,6786.0
77353,Outside Income Ban,3,2,,,,delete,
7736,Wireless,23,23,,,,delete,
77384,Holocaust education,65,74,Education,keyword_match,medium,merge_to_canonical,7001.0
77385,U.S. Presidential Scholars Program,2,1,,,,delete,
77386,New York State Education Department,16,36,Education,keyword_match,medium,merge_to_canonical,7001.0
77387,honors,1,0,,,,delete,
77388,State Route 878,1,0,,,,delete,
77389,Nassau Expressway,3,0,,,,delete,
7741,Women,487,1060,Women's Rights,seed_exact,high,merge_to_canonical,9128.0
77410,Ulster County Appointees,1,1,,,,delete,
77411,State Energy Planning Board,1,10,Energy,keyword_match,medium,merge_to_canonical,7026.0
77412,Senate Rural Health Council,1,3,Health Care,keyword_match,medium,merge_to_canonical,7166.0
77423,Anti-corruption,8,56,Ethics,keyword_match,medium,merge_to_canonical,7051.0
77438,Northport School District,1,0,Education,keyword_match,medium,merge_to_canonical,7001.0
77439,Northport Middle School,1,0,Education,keyword_match,medium,merge_to_canonical,7001.0
77443,Luca S. Calanni,1,1,,,,delete,
77445,legislative service,1,5,,,,delete,
77449,Video Lottery Terminal funding,3,2,,,,delete,
77450,funding for local governments,9,28,Local Government,keyword_match,medium,merge_to_canonical,7326.0
77454,tax prep,15,15,Taxes,keyword_match,medium,merge_to_canonical,7626.0
7746,Women's Health,620,990,Women's Health,seed_exact,high,already_canonical,7746.0
77466,bushwick,1,1,,,,delete,
77470,Independent Redistricting Commission,36,117,Elections,keyword_match,medium,merge_to_canonical,7011.0
77471,New York State Senator Monica Martinez,0,2,,,,delete,
77472,NYS Senate District 3,0,3,,,,delete,
77475,overlay district,1,0,,,,delete,
77476,Downtown,3,2,,,,delete,
77479,Cannabis,42,193,Cannabis Policy,keyword_match,medium,merge_to_canonical,
77480,Battling the Opioid Epidemic,40,137,Opioid & Substance Use,keyword_match,medium,merge_to_canonical,
77491,Examining The State of Our Youth Roundtable Series,1,2,Children,keyword_match,medium,merge_to_canonical,6816.0
77492,Affordable Housing Crisis,24,202,Housing,keyword_match,medium,merge_to_canonical,7201.0
77494,Urban Upbound,3,2,,,,delete,
77495,IDA,1,1,,,,delete,
77496,live stream,4,21,,,,delete,
77505,Orange County Appointments,1,0,,,,delete,
77508,Clean Bill of Adoptee Rights,1,1,,,,delete,
77509,Brendan's law,3,4,,,,delete,
7751,Workers Comp.,10,77,,,,delete,
77513,Empowerment,3,3,,,,delete,
77514,35th Annual Martin Luther King Jr. Day in NYS,2,11,,,,delete,
77515,Celebrating the Legacy of Dr. Martin Luther King Jr.,8,6,,,,delete,
77517,Senator Montgomery's Legacy,10,11,,,,delete,
77519,Senator Montgomery's Legislation Signed Into Law,1,3,,,,delete,
77520,Regulatory and Funding Red Tape,1,5,,,,delete,
77521,Homelessness and Affordable Housing Crisis,8,87,Housing,keyword_match,medium,merge_to_canonical,7201.0
77522,Black Veterans for Social Justice,1,13,Civil Rights,keyword_match,medium,merge_to_canonical,6831.0
77523,Housing for Vets,1,12,Housing,keyword_match,medium,merge_to_canonical,7201.0
77529,Coronavirus,303,2215,COVID-19 Pandemic,seed_exact,high,merge_to_canonical,78756.0
77538,2020 Legislative Survey,4,28,,,,delete,
77539,NYS Senator Ritchie,2,6,,,,delete,
77540,NYS Senate District 48,2,2,,,,delete,
77541,S4234,1,3,,,,delete,
77544,S4234A,1,4,,,,delete,
77547,Commodity Food Supplement program,1,9,,,,delete,
77548,Community Development Block grants,1,3,Community Development,keyword_match,medium,merge_to_canonical,6856.0
77549,Northwell Health,6,8,Health Care,keyword_match,medium,merge_to_canonical,7166.0
77550,clinic,1,0,,,,delete,
77556,Public Authorities,4,6,,,,delete,
77557,SENIOR MEDICARE TALK,2,9,Health Care,keyword_match,medium,merge_to_canonical,7166.0
77558,property tax reform,2,22,Taxes,keyword_match,medium,merge_to_canonical,7626.0
7756,Youth,748,647,Children,seed_exact,high,merge_to_canonical,6816.0
77607,Economic Regulations,1,2,,,,delete,
7761,Merrick,9,7,,,,delete,
77614,Bridge Strikes,9,2,,,,delete,
77617,Home Health Aide,2,15,Health Care,keyword_match,medium,merge_to_canonical,7166.0
77619,Medicaid Redesign Team II,3,27,Medicaid,keyword_match,medium,merge_to_canonical,7331.0
77620,Vernon Center,2,1,,,,delete,
77621,Vernon,1,1,,,,delete,
77622,district attorneys,3,14,,,,delete,
77624,Combating the opioid crisis,7,36,Opioid & Substance Use,keyword_match,medium,merge_to_canonical,
77625,Substance Abuse Prevention Package,1,6,Opioid & Substance Use,keyword_match,medium,merge_to_canonical,
77644,Co-Ops,6,11,,,,delete,
77645,Creating a Pathway to Homeownership,5,8,Housing,keyword_match,medium,merge_to_canonical,7201.0
77646,I,1,2,,,,delete,
77649,Senate’s Domestic Animal Welfare Committee,1,28,Animal Welfare,keyword_match,medium,merge_to_canonical,9462.0
77650,anti-puppy mill,3,25,Animal Welfare,keyword_match,medium,merge_to_canonical,9462.0
77651,disability advocacy,6,54,Disability Rights,keyword_match,medium,merge_to_canonical,75029.0
7766,Wantagh,6,7,,,,delete,
77676,district 22,0,1,,,,delete,
77700,department of homeland security,6,17,Public Safety,keyword_match,medium,merge_to_canonical,8316.0
77701,NY travelers,1,1,,,,delete,
77702,Global Entry,2,6,,,,delete,
77703,Belmont Redevelopment Project,12,8,,,,delete,
77704,Manhasset Sewer Feasibility Study,3,1,,,,delete,
77708,Rate,2,1,,,,delete,
7771,Massapequa,8,6,,,,delete,
77713,Repeal Bail Reform,15,75,Criminal Justice Reform,keyword_match,medium,merge_to_canonical,8546.0
77714,Victims' Rights,2,2,,,,delete,
77715,Rural Healthcare,19,52,Health Care,keyword_match,medium,merge_to_canonical,7166.0
77716,Chemical Dependency,1,3,,,,delete,
77717,Civil service pipeline,1,10,Civil Service & Pensions,keyword_match,medium,merge_to_canonical,
77718,Graduating students,5,23,Education,keyword_match,medium,merge_to_canonical,7001.0
77719,Senator Andrew S. Gounardes,1,1,,,,delete,
77720,Senator Toby Ann Stavisky,57,30,,,,delete,
77724,Flooding emergency and mitigation efforts,6,22,Environment,keyword_match,medium,merge_to_canonical,7036.0
77725,Nostrand ave,3,0,,,,delete,
77726,To solicit views of interested parties in the New York Voting Rights Act,1,13,Voting Rights,keyword_match,medium,merge_to_canonical,9001.0
77727,Senator Zellnor Myrie,1,1,,,,delete,
77733,job loss,2,4,,,,delete,
77735,Office Opening,3,2,,,,delete,
77736,42nd Senate District,4,7,,,,delete,
77737,Port Washington,20,10,,,,delete,
77738,Roundtable,1,1,,,,delete,
77739,Metro North Train Safety NJ Transit,1,0,,,,delete,
77744,Clean Vehicle Funding,0,6,,,,delete,
77745,Health Across All Policies Initiative,1,10,Health Care,keyword_match,medium,merge_to_canonical,7166.0
77747,Wealth Tax,3,25,Taxes,keyword_match,medium,merge_to_canonical,7626.0
77748,Income inequality,3,21,,,,delete,
77749,wealth inequality,2,25,,,,delete,
77753,Women of Disinction,1,1,,,,delete,
77754,FAFSA,2,8,,,,delete,
7776,Breast Cancer,69,149,Health Care,keyword_match,medium,merge_to_canonical,7166.0
77769,Feminism,2,9,,,,delete,
77770,Senator Ramos,1,2,,,,delete,
77771,Senate District 13,1,3,,,,delete,
77772,Bi-weekly Newsletter,2,9,,,,delete,
77773,sign up,1,2,,,,delete,
77774,#SeenIn13,1,17,,,,delete,
7781,Seaford,7,7,,,,delete,
77815,Mamakating Library,1,0,Libraries,keyword_match,medium,merge_to_canonical,8131.0
77816,Senate Committee on Investigations,1,7,Ethics,keyword_match,medium,merge_to_canonical,7051.0
77822,Town of Wallkill,7,1,,,,delete,
77835,College Degree Program,1,6,Higher Education,keyword_match,medium,merge_to_canonical,7176.0
77836,Court Square Library,2,1,Libraries,keyword_match,medium,merge_to_canonical,8131.0
77840,law school debt,1,4,Education,keyword_match,medium,merge_to_canonical,7001.0
77845,SUNY Delhi,3,1,Higher Education,keyword_match,medium,merge_to_canonical,7176.0
77855,PFC Joseph P. Dwyer Veterans Peer Support Project,4,7,Veterans,keyword_match,medium,merge_to_canonical,7691.0
77856,Vet2Vet,4,16,,,,delete,
77857,Video,1,2,,,,delete,
77859,Trusted Traveler Program,1,2,,,,delete,
7786,Farmingdale,13,5,,,,delete,
77860,Budget Deficit,3,4,Budget,keyword_match,medium,merge_to_canonical,6786.0
77861,retail pet shops,8,19,,,,delete,
77863,Alyssa's Law,0,8,,,,delete,
77864,Alyssa's Law.  School's Safety,1,10,Education,keyword_match,medium,merge_to_canonical,7001.0
77900,State Senate Commerce Committee,3,10,Small Business,keyword_match,medium,merge_to_canonical,7561.0
77901,Educator Diversity,2,9,,,,delete,
77902,Greis Park,1,0,,,,delete,
77903,LIPA,28,23,,,,delete,
77904,tax,1,2,Taxes,keyword_match,medium,merge_to_canonical,7626.0
77905,bail law,1,26,Criminal Justice Reform,keyword_match,medium,merge_to_canonical,8546.0
77906,Cultural Competency,1,4,Arts & Culture,keyword_match,medium,merge_to_canonical,80871.0
7791,Amityville,6,8,,,,delete,
77912,New York Senator Toby Ann Stavisky,36,18,,,,delete,
77913,Surrogacy,2,2,,,,delete,
77914,Assisted Reproduction,1,1,,,,delete,
77915,rail waste,1,3,,,,delete,
77916,animal protection,5,36,Animal Welfare,keyword_match,medium,merge_to_canonical,9462.0
77917,Touro College,1,0,Higher Education,keyword_match,medium,merge_to_canonical,7176.0
77918,FlexTime Juris Doctor Program,1,1,,,,delete,
77920,horizontal drilling,1,1,,,,delete,
77921,illegal sports betting,1,3,,,,delete,
77922,Unfinished Receivers,6,42,,,,delete,
77923,Untraceable Guns,3,53,Gun Control,keyword_match,medium,merge_to_canonical,7141.0
77924,Scott J. Beigel Unfinished Receiver Act,19,28,,,,delete,
77925,Jose Webster Untraceable Firearms Act,22,65,Gun Control,keyword_match,medium,merge_to_canonical,7141.0
77926,Npower,1,3,,,,delete,
77932,NYS Senate Proclamation,12,13,,,,delete,
77933,Village Incorporation Law,2,3,,,,delete,
77935,Road Safety; Infrastructure; Highway Safety,6,11,,,,delete,
77936,Food Scraps Recycling,1,12,Environment,keyword_match,medium,merge_to_canonical,7036.0
77940,Scott J. Beigel Unfinished Receivers Act,23,22,,,,delete,
77947,Flushing Queens. Health,4,6,Health Care,keyword_match,medium,merge_to_canonical,7166.0
77953,Education Foundation Aid,13,19,Education,keyword_match,medium,merge_to_canonical,7001.0
7796,Roosevelt,3,7,,,,delete,
77960,illness,2,8,,,,delete,
77968,food,7,35,,,,delete,
77969,Stop & Shop,1,1,,,,delete,
77971,City of Middletown,8,2,,,,delete,
77972,City of Middletown’s Parks and Recreation Department,1,1,State Parks & Recreation,keyword_match,medium,merge_to_canonical,
77982,Grumman-Navy Plume,4,4,,,,delete,
7801,Bellmore,12,4,,,,delete,
78038,Road Renewal,4,5,,,,delete,
78039,Bronx Bus Redesign Plan,1,2,,,,delete,
78053,Cell Service,8,34,,,,delete,
78054,PBMs,1,3,,,,delete,
78055,Stewart Airport Commission,1,1,,,,delete,
78056,Empowering a Healthier Generation School Award,1,5,Education,keyword_match,medium,merge_to_canonical,7001.0
78057,Sullivan County schools,2,1,Education,keyword_match,medium,merge_to_canonical,7001.0
78058,Cochecton,1,0,,,,delete,
78059,Constituent Gatherings,5,1,,,,delete,
7806,K-2,14,141,,,,delete,
78060,Cochecton Fire Station Restaurant,1,1,,,,delete,
78061,Noble Coffee Roasters,1,0,,,,delete,
78062,Campbell Hall,1,1,,,,delete,
78074,Mental Health Professionals,2,31,Health Care,keyword_match,medium,merge_to_canonical,7166.0
78075,Summer Camp,3,6,,,,delete,
78076,Support Services,3,12,,,,delete,
78096,affordable homeownership opportunities,5,34,Housing,keyword_match,medium,merge_to_canonical,7201.0
78101,Flip Tax,3,8,Taxes,keyword_match,medium,merge_to_canonical,7626.0
78107,Affordable Home Ownership Opportunities and Construction,4,25,Infrastructure,keyword_match,medium,merge_to_canonical,4521.0
78108,New York State Affordable Housing Corporation (AHC),3,23,Housing,keyword_match,medium,merge_to_canonical,7201.0
7811,Synthetic Marijuana,13,120,Cannabis Policy,keyword_match,medium,merge_to_canonical,
78111,Italian-American Heritage,4,16,,,,delete,
78112,College Scholarships,7,39,Higher Education,keyword_match,medium,merge_to_canonical,7176.0
78120,Police Protection,2,14,First Responders,keyword_match,medium,merge_to_canonical,8930.0
78121,DNA Index,4,5,,,,delete,
78122,Athletic Achievement,2,1,,,,delete,
78123,Womens Wrestling,2,1,,,,delete,
78124,Child Support,4,19,,,,delete,
78125,Chinese-Americans,9,11,,,,delete,
78126,Asian-Americans,7,9,,,,delete,
78146,resettlement,1,8,,,,delete,
78150,Active Duty Service Members,4,6,,,,delete,
78151,Israel Independence,8,13,,,,delete,
7816,Cats,14,133,Animal Welfare,keyword_match,medium,merge_to_canonical,9462.0
78209,Hurleyville General Store,1,0,,,,delete,
7821,Pets,52,323,Animal Welfare,keyword_match,medium,merge_to_canonical,9462.0
78210,Neversink General Store,1,1,,,,delete,
78212,Automatic Renewal,1,6,,,,delete,
78213,Gig Economy,2,4,Economic Development,keyword_match,medium,merge_to_canonical,6996.0
78214,NYPIRG,1,1,,,,delete,
78215,Economic and Revenue Forecast,1,4,,,,delete,
78225,2020 Economic & Revenue Consensus Forecasting Conference Meeting,1,14,,,,delete,
78230,Free Shredding Event,25,21,,,,delete,
78231,NYS Senate District 19,17,11,,,,delete,
78232,Baxter's Pet Pantry,2,1,,,,delete,
78246,flooding mitigation,4,13,Environment,keyword_match,medium,merge_to_canonical,7036.0
78257,Middletown District Office,1,0,,,,delete,
7826,Wheatley Heights,5,1,,,,delete,
78268,ice,9,41,,,,delete,
78269,deportation,4,12,,,,delete,
78270,illegal conversions,2,2,,,,delete,
78271,immigration rights,13,53,Immigration,keyword_match,medium,merge_to_canonical,7221.0
78272,judaism,2,0,,,,delete,
78273,police suicide,1,2,First Responders,keyword_match,medium,merge_to_canonical,8930.0
78275,representation,4,11,,,,delete,
78276,cycling,2,9,,,,delete,
78277,ben stiller,1,1,,,,delete,
78291,Public Health Emergency,6,19,Health Care,keyword_match,medium,merge_to_canonical,7166.0
78292,Disaster,2,4,,,,delete,
78294,Emergency Funding,4,12,,,,delete,
78295,Easter 2020,2,1,,,,delete,
78302,nystate department of health,1,8,Health Care,keyword_match,medium,merge_to_canonical,7166.0
78303,declawing,2,1,,,,delete,
7831,Wyandanch,7,5,,,,delete,
78313,Independent Order of Odd Fellows,1,1,,,,delete,
78317,polystyrene,1,2,,,,delete,
78320,price gouging,8,32,,,,delete,
78325,Caucus Weekend 2020,5,3,,,,delete,
78326,NYS Comptroller DiNapoli,4,10,,,,delete,
78327,Building A Better New York,1,8,,,,delete,
78328,New York State Association of Black and Puerto Rican Legislators,5,6,,,,delete,
78329,Alpha Kappa Alpha Sorority,3,0,,,,delete,
78331,African American Clergy & Elected Officials (AACEO),1,6,,,,delete,
78332,Executive Overreach,2,16,,,,delete,
78333,Mental Health Suicide Prevention,5,24,Health Care,keyword_match,medium,merge_to_canonical,7166.0
7836,LIRR,158,198,Transportation,seed_exact,high,merge_to_canonical,7656.0
78375,Weekly Wrap,1,187,,,,delete,
78376,Video Lottery Terminal Aid,4,4,,,,delete,
78378,Science and Technology,12,40,Technology Policy,keyword_match,medium,merge_to_canonical,
78384,Centers For Disease Control,1,33,,,,delete,
78385,New York State Department of Health,10,131,Health Care,keyword_match,medium,merge_to_canonical,7166.0
78389,Bethpage,5,2,,,,delete,
7841,Liberty Medal,35,24,,,,delete,
78434,Passenger Safety,2,3,,,,delete,
78436,real es,2,6,,,,delete,
78437,9th Judicial District,1,7,Judiciary,keyword_match,medium,merge_to_canonical,7271.0
78438,Women's History Month Celebration,10,8,,,,delete,
78439,virus,2,6,,,,delete,
78440,youth engagement,7,8,Children,keyword_match,medium,merge_to_canonical,6816.0
78441,Youth Town Hall,2,1,Children,keyword_match,medium,merge_to_canonical,6816.0
7846,Fire Departments,68,179,,,,delete,
78461,Green New Deal,2,15,,,,delete,
78491,Stewart Airport,1,2,,,,delete,
78492,COVID-19,624,4213,COVID-19 Pandemic,seed_exact,high,merge_to_canonical,78756.0
7851,Duchenne Muscular Dystrophy,1,4,,,,delete,
78514,Coronavirus; Public Health,15,99,COVID-19 Pandemic,semicolon_first_term_seed,high,merge_to_canonical,78756.0
78515,Coronavirus; Education Funding,3,29,COVID-19 Pandemic,semicolon_first_term_seed,high,merge_to_canonical,78756.0
78516,Franklin Square,2,1,,,,delete,
78517,Sewanhaka Central High School,3,4,Education,keyword_match,medium,merge_to_canonical,7001.0
78518,Smart School Funding,2,11,Education,keyword_match,medium,merge_to_canonical,7001.0
78519,Smart School Aid,2,7,Education,keyword_match,medium,merge_to_canonical,7001.0
78526,District Services Report,1,2,,,,delete,
7856,Merrick Community,44,11,,,,delete,
78561,Housing Insecurity,2,18,Housing,keyword_match,medium,merge_to_canonical,7201.0
78566,Rural Broadband Service,8,23,Telecommunications,keyword_match,medium,merge_to_canonical,7631.0
78567,Service Quality,1,1,,,,delete,
78568,Broadband Gap,6,27,Telecommunications,keyword_match,medium,merge_to_canonical,7631.0
78570,TBTA,1,1,,,,delete,
78571,Bridge and Tunnel,1,5,,,,delete,
78572,Harriet Tubman,1,5,,,,delete,
78573,Gender Recognition Act,1,8,,,,delete,
78574,Coronavirus; Cyber Security; Education; Workers Rights,0,8,COVID-19 Pandemic,semicolon_first_term_seed,high,merge_to_canonical,78756.0
78575,Coronavirus; Health Care; Cyber Security; Education; Workers Rights,4,77,COVID-19 Pandemic,semicolon_first_term_seed,high,merge_to_canonical,78756.0
78581,dept of sanitation,1,2,,,,delete,
78582,dept of health and mental hygiene,1,19,Health Care,keyword_match,medium,merge_to_canonical,7166.0
78583,Voter,0,1,Voting Rights,keyword_match,medium,merge_to_canonical,9001.0
78589,saint patrick's day,1,0,,,,delete,
78590,Chinese community outreach,1,2,,,,delete,
78591,Multi-Modal Program,1,0,,,,delete,
78594,Empire State After-School Program,1,0,Education,keyword_match,medium,merge_to_canonical,7001.0
78595,Boys and Girls Club,5,2,,,,delete,
78596,Palisades Parkway,2,1,,,,delete,
78597,Route 6,1,0,,,,delete,
78598,Houston Astros,1,0,,,,delete,
78599,MLB,16,3,,,,delete,
78600,Yankees,2,2,,,,delete,
78601,Scandal,1,0,,,,delete,
78602,illegal home conversion,1,1,,,,delete,
78603,fires,1,6,,,,delete,
78604,tennis,1,0,,,,delete,
78605,Family Issues,5,17,,,,delete,
78608,NYS Bail Reform,6,62,Criminal Justice Reform,keyword_match,medium,merge_to_canonical,8546.0
78609,Domestic Violence Victims,4,28,Domestic Violence,keyword_match,medium,merge_to_canonical,6971.0
7861,Wantagh Community,23,3,,,,delete,
78614,center for law and justice,0,16,,,,delete,
78615,Esmeralda Simmons esq,2,0,,,,delete,
78616,center for law and social justice,2,21,Civil Rights,keyword_match,medium,merge_to_canonical,6831.0
78617,child interrogations,2,8,,,,delete,
78652,botanical gardens,1,9,,,,delete,
7866,Massapequa Community,72,9,,,,delete,
78671,theater industry,2,9,,,,delete,
78674,Coronavirus Updates,54,1013,COVID-19 Pandemic,keyword_match,medium,merge_to_canonical,78756.0
78679,Bronx Freedom Fund,1,1,,,,delete,
78685,Non-Emergency Medical Transportation,2,3,Transportation,keyword_match,medium,merge_to_canonical,7656.0
78686,MRT II,1,2,,,,delete,
78688,Traffic Signal,2,4,,,,delete,
78689,Youth Involvement,1,2,Children,keyword_match,medium,merge_to_canonical,6816.0
78690,Youth Voices,1,2,Children,keyword_match,medium,merge_to_canonical,6816.0
78691,Coronavirus; COVID-19,28,1341,COVID-19 Pandemic,semicolon_first_term_seed,high,merge_to_canonical,78756.0
78693,Housing Insecurity and Homelessness,2,42,Housing,keyword_match,medium,merge_to_canonical,7201.0
78695,school closings,3,26,Education,keyword_match,medium,merge_to_canonical,7001.0
78698,2nd Senate District,2,9,,,,delete,
7871,Lindenhurst Community,15,4,,,,delete,
78710,food delivery,5,29,,,,delete,
78721,NYC small business services,1,13,Small Business,keyword_match,medium,merge_to_canonical,7561.0
78731,HALT,13,19,,,,delete,
78733,Women's Issues Committee,6,35,Women's Rights,keyword_match,medium,merge_to_canonical,9128.0
78734,Public Health Law,4,28,Health Care,keyword_match,medium,merge_to_canonical,7166.0
78736,Correctional Law,2,13,Criminal Justice Reform,keyword_match,medium,merge_to_canonical,8546.0
78737,Hospitality Industry,2,12,Health Care,keyword_match,medium,merge_to_canonical,7166.0
78738,Taxes & Regulations,1,13,Taxes,keyword_match,medium,merge_to_canonical,7626.0
78743,Paid Sick Leave,8,35,,,,delete,
78747,remote learning,13,82,,,,delete,
78748,School Lunches,7,56,Education,keyword_match,medium,merge_to_canonical,7001.0
78750,Employment Law,1,23,Jobs & Employment,keyword_match,medium,merge_to_canonical,7261.0
78756,COVID-19 Pandemic,11,69,COVID-19 Pandemic,keyword_match,medium,already_canonical,78756.0
78757,Relief for Workers and Small Businesses,4,35,Small Business,keyword_match,medium,merge_to_canonical,7561.0
78758,Sick Paid Leave,0,3,,,,delete,
78759,COVID-19 Testing,11,63,COVID-19 Pandemic,keyword_match,medium,merge_to_canonical,78756.0
7876,Farmingdale Community,18,9,,,,delete,
78762,#WeAreSD25,3,32,,,,delete,
78764,#CancelRent,53,1008,Tenant Rights,keyword_match,medium,merge_to_canonical,61615.0
78765,Rent Suspension,18,514,Tenant Rights,keyword_match,medium,merge_to_canonical,61615.0
78767,Coronavirus Paid Sick Leave,2,32,COVID-19 Pandemic,keyword_match,medium,merge_to_canonical,78756.0
78772,Coronavirus; Small Businesses,7,37,COVID-19 Pandemic,semicolon_first_term_seed,high,merge_to_canonical,78756.0
78773,Senator Carlucci Passes Paid Sick Leave For Workers in Wake of Coronavirus,1,7,COVID-19 Pandemic,keyword_match,medium,merge_to_canonical,78756.0
78774,Coronavirus Pandemic; Health Care; Small Businesses; Financial Relief; Public Health,11,311,COVID-19 Pandemic,semicolon_first_term_keyword,medium,merge_to_canonical,78756.0
78800,New York Workforce,16,74,Jobs & Employment,keyword_match,medium,merge_to_canonical,7261.0
78802,Automatic Vote By Mail,1,42,Elections,keyword_match,medium,merge_to_canonical,7011.0
78804,LaGuardia,2,7,,,,delete,
78805,Airline bailouts,1,11,,,,delete,
78807,Mezzanine Debt,1,6,,,,delete,
7881,Emergency Preparedness,58,429,Emergency Management,keyword_match,medium,merge_to_canonical,71055.0
78829,Senator Carlucci email updates,0,13,,,,delete,
78830,Virtual Town Hall,8,57,,,,delete,
78848,frequently asked questions,1,21,,,,delete,
7886,Seaford Community,16,4,,,,delete,
78879,Library Resources,2,17,Libraries,keyword_match,medium,merge_to_canonical,8131.0
78880,COVID-19; Westchester Update,1,5,COVID-19 Pandemic,semicolon_first_term_seed,high,merge_to_canonical,78756.0
78881,Second Senate District,1,4,,,,delete,
78883,Coronavirus Pandemic,69,424,COVID-19 Pandemic,keyword_match,medium,merge_to_canonical,78756.0
78887,Essential Workers,31,210,Labor,keyword_match,medium,merge_to_canonical,7286.0
78888,New York State Senator David Carlucci,0,4,,,,delete,
78889,Eviction Moratorium,48,281,Tenant Rights,keyword_match,medium,merge_to_canonical,61615.0
78892,NYS Budget; Health Care; Coronavirus Pandemic,1,24,Budget,semicolon_first_term_keyword,medium,merge_to_canonical,6786.0
78893,Coronavirus Pandemic; Jobs; Mental Health,6,86,COVID-19 Pandemic,semicolon_first_term_keyword,medium,merge_to_canonical,78756.0
78894,Immunization,1,24,Health Care,keyword_match,medium,merge_to_canonical,7166.0
78895,Support Local,1,16,,,,delete,
78896,Community Support,11,43,,,,delete,
78897,Grant Assistance,1,22,,,,delete,
78898,Women in the Arts,2,13,Arts & Culture,keyword_match,medium,merge_to_canonical,80871.0
78899,Suffolk PD,1,0,,,,delete,
78900,Networking,1,10,,,,delete,
78901,Unemployment Insurance,47,533,Jobs & Employment,keyword_match,medium,merge_to_canonical,7261.0
7891,Roosevelt Community,1,2,,,,delete,
78915,Labor Shortage,5,46,Labor,keyword_match,medium,merge_to_canonical,7286.0
78917,Coronavirus Response,10,61,COVID-19 Pandemic,keyword_match,medium,merge_to_canonical,78756.0
78918,Bernie Sanders,1,24,,,,delete,
78921,storm protection,2,5,,,,delete,
78922,US Army Corp of Engineers,3,5,,,,delete,
78923,Volunteer Ambulance,14,27,,,,delete,
78924,problem gambling awareness month,4,4,Gaming,keyword_match,medium,merge_to_canonical,7111.0
78925,Lions Club,1,2,,,,delete,
78926,proclamation,3,3,,,,delete,
78927,senior benefits,8,54,,,,delete,
78928,benefit programs,2,20,,,,delete,
78929,Middle Village Prep,1,2,,,,delete,
78930,Diocese of Brooklyn,1,1,,,,delete,
78931,Aqueduct Racetrack,2,2,,,,delete,
78932,Elmhurst Hospital,6,8,Health Care,keyword_match,medium,merge_to_canonical,7166.0
78933,18th District,2,16,,,,delete,
78934,Budget cuts,2,12,Budget,keyword_match,medium,merge_to_canonical,6786.0
78935,#SaveOurHomes,1,151,,,,delete,
78937,#TenantPower,1,184,,,,delete,
78938,#TenantTuesday,1,95,,,,delete,
78939,Coronavirus Pandemic; Mental Health,7,52,COVID-19 Pandemic,semicolon_first_term_keyword,medium,merge_to_canonical,78756.0
78943,Coronavirus; COVID-19; Public Health; First Responders,4,59,COVID-19 Pandemic,semicolon_first_term_seed,high,merge_to_canonical,78756.0
78944,Coronavirus; COVID-19; Mental Health,5,39,COVID-19 Pandemic,semicolon_first_term_seed,high,merge_to_canonical,78756.0
78945,Coronavirus; 2020 Presidential Primary Election,1,20,COVID-19 Pandemic,semicolon_first_term_seed,high,merge_to_canonical,78756.0
78946,Coronavirus; COVID-19; Food Banks,11,72,COVID-19 Pandemic,semicolon_first_term_seed,high,merge_to_canonical,78756.0
78947,Coronavirus Pandemic; Small Business,14,80,COVID-19 Pandemic,semicolon_first_term_keyword,medium,merge_to_canonical,78756.0
78948,Coronavirus; COVID-19; Seniors,5,44,COVID-19 Pandemic,semicolon_first_term_seed,high,merge_to_canonical,78756.0
78950,mcu,1,1,,,,delete,
78951,Personal Protective Equipment,6,25,,,,delete,
78952,Hate Crimes Domestic Terrorism Act,0,9,Public Safety,keyword_match,medium,merge_to_canonical,8316.0
78953,Hate Crimes; Domestic Terrorism,2,27,Hate Crimes,semicolon_first_term_seed,high,merge_to_canonical,9619.0
78954,SD 17,0,1,,,,delete,
78955,Coronavirus; COVID-19; First Responders,7,40,COVID-19 Pandemic,semicolon_first_term_seed,high,merge_to_canonical,78756.0
78956,Energy Project Siting,1,16,Energy,keyword_match,medium,merge_to_canonical,7026.0
78957,2020 State Budget,2,18,Budget,keyword_match,medium,merge_to_canonical,6786.0
78958,Supermarkets/Grocery Stores/Markets,5,22,,,,delete,
7896,Amityville Community,18,8,,,,delete,
78961,2020-2021 State Budget,3,38,Budget,keyword_match,medium,merge_to_canonical,6786.0
78962,PPE,14,54,,,,delete,
78963,ventilators,5,17,,,,delete,
78964,Coronavirus; COVID-19; Rockland Response,1,6,COVID-19 Pandemic,semicolon_first_term_seed,high,merge_to_canonical,78756.0
78965,FDA,4,19,,,,delete,
78966,infertility,4,2,,,,delete,
78968,policy in budget,1,6,Budget,keyword_match,medium,merge_to_canonical,6786.0
78969,Give Kids A Chance - Carter’s Law,5,12,Children,keyword_match,medium,merge_to_canonical,6816.0
78970,congenital abnormalities,5,6,,,,delete,
78971,HEALTH INSURANCE REFORM,1,25,Health Care,keyword_match,medium,merge_to_canonical,7166.0
78972,Foundation Aid Funding,3,5,,,,delete,
78973,procurement,5,13,,,,delete,
78974,NEMT,1,4,,,,delete,
78986,Front Line Heroes,2,23,,,,delete,
78990,suny downstate,3,2,Higher Education,keyword_match,medium,merge_to_canonical,7176.0
78991,state central register,4,3,,,,delete,
7901,Bellmore Community,38,7,,,,delete,
79031,COVID-19; Richard Brodsky,1,2,COVID-19 Pandemic,semicolon_first_term_seed,high,merge_to_canonical,78756.0
79046,Suspend Rent,1,23,Tenant Rights,keyword_match,medium,merge_to_canonical,61615.0
79047,Coronavirus; Ramapo,1,2,COVID-19 Pandemic,semicolon_first_term_seed,high,merge_to_canonical,78756.0
79048,#WaiveTheCall,2,28,,,,delete,
79049,Coronavirus; COVID-19; First Responders; health care workers,5,26,COVID-19 Pandemic,semicolon_first_term_seed,high,merge_to_canonical,78756.0
79050,Federal Reserve,1,6,,,,delete,
79051,public finance,2,7,Finance,keyword_match,medium,merge_to_canonical,7081.0
79052,dept of education,1,44,Education,keyword_match,medium,merge_to_canonical,7001.0
79053,Federal CARES Act,6,41,,,,delete,
79054,Deaf Community,5,8,,,,delete,
79055,Hard of Hearing Community,3,4,,,,delete,
79056,Small Business Relief; COVID-19,1,42,Small Business,semicolon_first_term_keyword,medium,merge_to_canonical,7561.0
79057,NYC Education,15,67,Education,keyword_match,medium,merge_to_canonical,7001.0
79058,Coronavirus Pandemic; School,2,13,COVID-19 Pandemic,semicolon_first_term_keyword,medium,merge_to_canonical,78756.0
79059,Stimulus Check; COVID-19; Coronavirus; Seniors; Disabled,1,18,,,,delete,
7906,Wheatley Heights Community,1,1,,,,delete,
79064,deptartment of labor,1,18,Labor,keyword_match,medium,merge_to_canonical,7286.0
79106,Earth Day 2020,3,7,Environment,keyword_match,medium,merge_to_canonical,7036.0
79107,Webinar,9,9,,,,delete,
79108,Tax Deduction,1,9,Taxes,keyword_match,medium,merge_to_canonical,7626.0
79109,Pay Freeze,1,2,,,,delete,
7911,Wyandanch Community,1,5,,,,delete,
79110,Farm aid,1,3,Agriculture,keyword_match,medium,merge_to_canonical,6716.0
79111,COVID-19 Response,3,24,COVID-19 Pandemic,keyword_match,medium,merge_to_canonical,78756.0
79112,Paycheck Protection Program,2,28,,,,delete,
79117,Finance and Taxation,3,17,Finance,keyword_match,medium,merge_to_canonical,7081.0
79119,stimulus,1,7,,,,delete,
79120,CARES Act,10,91,,,,delete,
79140,Coronavirus Pandemic; Small Businesses; Financial Relief,9,76,COVID-19 Pandemic,semicolon_first_term_keyword,medium,merge_to_canonical,78756.0
79141,COVID-19; Stimulus Checks; Unemployment,3,72,COVID-19 Pandemic,semicolon_first_term_seed,high,merge_to_canonical,78756.0
79142,Virtual Chat with Jen,1,2,,,,delete,
79143,NYS Economy,2,21,Economic Development,keyword_match,medium,merge_to_canonical,6996.0
79148,Restarting New York,3,72,,,,delete,
79149,State and Local Government,4,63,Local Government,keyword_match,medium,merge_to_canonical,7326.0
79151,Cochecton-Demascus Bridge,1,1,,,,delete,
79152,Penalizing Scammers,2,5,,,,delete,
79154,Toll Increases,6,17,,,,delete,
79155,Financial First Aid,1,6,,,,delete,
79156,senator kaminsky,2,6,,,,delete,
79157,senate district 9,1,3,,,,delete,
79158,job openings,2,10,,,,delete,
79159,Joseph P. Dwyer Veteran Peer Support Project,4,10,,,,delete,
7916,Megan’s Law,8,49,,,,delete,
79160,New York State Economy,3,35,Economic Development,keyword_match,medium,merge_to_canonical,6996.0
79161,REDC zones,1,2,,,,delete,
79162,Economic Recovery,22,88,,,,delete,
79163,WNY Economy,1,6,Economic Development,keyword_match,medium,merge_to_canonical,6996.0
79164,Senators Kavanagh,1,5,,,,delete,
79165,Metzger and Persaud,1,2,,,,delete,
79166,rent rights,1,30,Tenant Rights,keyword_match,medium,merge_to_canonical,61615.0
79167,Department of Labor; COVID-19; Unemployment,16,249,Labor,semicolon_first_term_keyword,medium,merge_to_canonical,7286.0
79169,standard of neglect reform,1,3,,,,delete,
79170,Small Business Owners,1,19,Small Business,keyword_match,medium,merge_to_canonical,7561.0
79171,aid to states,1,16,,,,delete,
79201,Adult Care Facilities,6,47,,,,delete,
79202,Safe Center LI,6,6,,,,delete,
79203,Legislature Returning To Work,1,7,,,,delete,
79204,Coronavirus; COVID-19; Essential Workers,3,42,COVID-19 Pandemic,semicolon_first_term_seed,high,merge_to_canonical,78756.0
79205,emergency,1,24,,,,delete,
79207,Child Care Providers,5,26,Child Care,keyword_match,medium,merge_to_canonical,9530.0
79208,Coronavirus; COVID-19; Seniors; Nursing Homes; Adult Care Facilities,80,214,COVID-19 Pandemic,semicolon_first_term_seed,high,merge_to_canonical,78756.0
79209,emergency relief,2,28,,,,delete,
7921,Sex Offenders,62,265,Criminal Justice Reform,keyword_match,medium,merge_to_canonical,8546.0
79210,federal funding,23,175,,,,delete,
79211,manhattan delegation,1,3,,,,delete,
79217,Eviction prevention,29,142,Tenant Rights,keyword_match,medium,merge_to_canonical,61615.0
79219,Coronavirus; COVID-19; healthcare; health; education,3,35,COVID-19 Pandemic,semicolon_first_term_seed,high,merge_to_canonical,78756.0
79220,Community Conversations,11,100,,,,delete,
79221,COVID-19 Online Series,3,28,COVID-19 Pandemic,keyword_match,medium,merge_to_canonical,78756.0
79222,Facebook Livestream,5,30,,,,delete,
79223,The Capitol Pressroom,1,4,,,,delete,
79224,Senator Andrew Gounardes,7,13,,,,delete,
79225,SD 22,1,5,,,,delete,
79227,Corona Resource Guide,4,15,,,,delete,
79228,NYS Senator Gounardes,2,2,,,,delete,
79229,COVID-19; Coronavirus; Property Tax; Pandemic,1,15,COVID-19 Pandemic,semicolon_first_term_seed,high,merge_to_canonical,78756.0
79230,Horticulture Industry,1,3,,,,delete,
79231,Essential Businesses,1,14,,,,delete,
7926,Freeport COMMUNITY,19,5,,,,delete,
79266,Education; COVID-19,1,13,Education,semicolon_first_term_seed,high,merge_to_canonical,7001.0
79306,Cost Sharing,1,4,,,,delete,
79307,Restarting New York's Economy,2,35,Economic Development,keyword_match,medium,merge_to_canonical,6996.0
79308,Online Series,2,7,,,,delete,
79309,coronavirus testing,4,17,COVID-19 Pandemic,keyword_match,medium,merge_to_canonical,78756.0
7931,Waterfront,11,43,,,,delete,
79310,Childhood Education,11,120,Education,keyword_match,medium,merge_to_canonical,7001.0
79311,Coronavirus; COVID-19;Heroes,1,10,COVID-19 Pandemic,semicolon_first_term_seed,high,merge_to_canonical,78756.0
79312,Coronavirus; COVID-19; First Responders; health care workers; EMS workers; Uber; Uber Eats,2,35,COVID-19 Pandemic,semicolon_first_term_seed,high,merge_to_canonical,78756.0
79331,Coronavirus; COVID-19; Essential Workers; Grocery Stores,1,19,COVID-19 Pandemic,semicolon_first_term_seed,high,merge_to_canonical,78756.0
79334,First Responders; essential workers,1,10,First Responders,semicolon_first_term_seed,high,merge_to_canonical,8930.0
79335,Mutual Aid,5,16,,,,delete,
79336,Patient Care,2,10,,,,delete,
79338,Clean Budget Bill,1,5,Budget,keyword_match,medium,merge_to_canonical,6786.0
7936,Ferries,2,15,,,,delete,
79384,quarantine,3,12,,,,delete,
79385,stay at home orders,1,9,,,,delete,
79386,distance learning,10,84,,,,delete,
79387,Education Public Schools,11,98,Education,keyword_match,medium,merge_to_canonical,7001.0
79388,First Responders; Essential Eorkers,1,19,First Responders,semicolon_first_term_seed,high,merge_to_canonical,8930.0
79389,COVID-19; Unemployment,14,209,COVID-19 Pandemic,semicolon_first_term_seed,high,merge_to_canonical,78756.0
79390,Toll Payer Protection,2,2,,,,delete,
79391,Stimulus Checks,1,16,,,,delete,
79392,Coronavirus; Covid,1,37,COVID-19 Pandemic,semicolon_first_term_seed,high,merge_to_canonical,78756.0
79393,Queens Day,3,4,,,,delete,
79395,Woodbury Commons,1,4,,,,delete,
79399,High School Graduation,14,28,Education,keyword_match,medium,merge_to_canonical,7001.0
79400,Adapted Graduation Ceremonies,2,4,,,,delete,
79401,Healthcare Volunteers,2,4,Health Care,keyword_match,medium,merge_to_canonical,7166.0
7941,Harbor Park,2,5,,,,delete,
79410,NYS,3,92,,,,delete,
79411,Coronavirus Pandemic; COVID-19; Animal Safety; Coronavirus,1,12,COVID-19 Pandemic,semicolon_first_term_keyword,medium,merge_to_canonical,78756.0
79412,Coronavirus Pandemic; COVID-19; PPE; Face Shields,7,19,COVID-19 Pandemic,semicolon_first_term_keyword,medium,merge_to_canonical,78756.0
79413,Coronavirus; COVID-19; temperature screenings,0,7,COVID-19 Pandemic,semicolon_first_term_seed,high,merge_to_canonical,78756.0
79414,Coronavirus Pandemic; COVID-19; Healthcare Workers,3,36,COVID-19 Pandemic,semicolon_first_term_keyword,medium,merge_to_canonical,78756.0
79415,COVID-19; Coronavirus,1,23,COVID-19 Pandemic,semicolon_first_term_seed,high,merge_to_canonical,78756.0
79416,COVID-19; absentee voting,5,44,COVID-19 Pandemic,semicolon_first_term_seed,high,merge_to_canonical,78756.0
79417,Coronavirus Pandemic; COVID-19,307,1150,COVID-19 Pandemic,seed_exact,high,merge_to_canonical,78756.0
79429,Reopening New York,30,328,COVID-19 Pandemic,keyword_match,medium,merge_to_canonical,78756.0
79431,Reimagine Education Advisory Board,1,29,Education,keyword_match,medium,merge_to_canonical,7001.0
79432,Educators,7,30,,,,delete,
79433,Eric Schmidt,1,1,,,,delete,
79434,Bill Gates,1,8,,,,delete,
79435,June primary,2,12,,,,delete,
7946,Dogs,17,221,Animal Welfare,keyword_match,medium,merge_to_canonical,9462.0
79486,contenido en español,1,6,,,,delete,
79487,jones inlet,3,5,,,,delete,
79488,Mask Distribution,10,33,,,,delete,
79489,NYS Senator Andrew Gounardes,54,27,,,,delete,
79490,Black Community,5,25,,,,delete,
79491,African-American Issues,4,28,,,,delete,
79492,Blacks,0,1,,,,delete,
79493,Brooklyn Politics,2,4,,,,delete,
79494,Assisted Living Facilities,4,15,,,,delete,
79495,Adult Day Facilities,2,14,,,,delete,
79496,Small Business Assistance,0,39,Small Business,keyword_match,medium,merge_to_canonical,7561.0
79503,#Bike2QBB,6,68,,,,delete,
79504,Crescent Street,1,1,,,,delete,
79505,Stimulus Bill,1,14,,,,delete,
79506,Senate Judiciary Committee,8,34,Judiciary,keyword_match,medium,merge_to_canonical,7271.0
79507,Cornell Cooperative Extension,2,8,,,,delete,
79508,Protective Supplies,1,4,,,,delete,
79509,Student Loan Debt,10,63,Education,keyword_match,medium,merge_to_canonical,7001.0
7951,Doctors Without Borders,1,17,,,,delete,
79510,Black,1,9,,,,delete,
79511,COVID-19 Tests,2,18,COVID-19 Pandemic,keyword_match,medium,merge_to_canonical,78756.0
79512,Department of Health,17,129,Health Care,keyword_match,medium,merge_to_canonical,7166.0
79513,Food Safety,5,10,,,,delete,
79514,Food Access,22,89,Nutrition,keyword_match,medium,merge_to_canonical,7411.0
79516,child neglect standard,2,19,,,,delete,
79517,ACS,1,10,,,,delete,
79518,teens take on covid,1,1,COVID-19 Pandemic,keyword_match,medium,merge_to_canonical,78756.0
79519,Digital Ad Tax,4,7,Taxes,keyword_match,medium,merge_to_canonical,7626.0
79531,Coronavirus Pandemic; COVID-19; Small Businesses,13,76,COVID-19 Pandemic,semicolon_first_term_keyword,medium,merge_to_canonical,78756.0
79533,Coronavirus Pandemic; COVID-19; Children's Health,3,40,COVID-19 Pandemic,semicolon_first_term_keyword,medium,merge_to_canonical,78756.0
79537,Utility Issues,4,20,Utilities,keyword_match,medium,merge_to_canonical,7686.0
79538,Coronavirus; COVID-19; Small Business,6,37,COVID-19 Pandemic,semicolon_first_term_seed,high,merge_to_canonical,78756.0
79541,Writing,1,13,,,,delete,
79542,Publishing,2,9,,,,delete,
79543,Storytelling,1,16,,,,delete,
79546,Published Authors,1,1,,,,delete,
79547,Coronavirus Pandemic; COVID-19; absentee voting,8,81,COVID-19 Pandemic,semicolon_first_term_keyword,medium,merge_to_canonical,78756.0
79548,New York Economy,1,7,Economic Development,keyword_match,medium,merge_to_canonical,6996.0
79549,Hardworking New Yorkers,4,17,,,,delete,
79550,New York State Department of Labor,6,67,Labor,keyword_match,medium,merge_to_canonical,7286.0
7956,Eagle Scout,17,21,,,,delete,
79603,Contact Tracing,2,17,,,,delete,
79604,Protecting Privacy Rights,3,31,Data Privacy,keyword_match,medium,merge_to_canonical,75986.0
79606,Coronavirus Pandemic; COVID-19; distance learning; students; education; census,4,34,COVID-19 Pandemic,semicolon_first_term_keyword,medium,merge_to_canonical,78756.0
79607,Places of Worship,4,7,,,,delete,
79608,Special Needs Students,6,47,Education,keyword_match,medium,merge_to_canonical,7001.0
79609,Coronavirus Pandemic; COVID-19; hospitals; families,3,14,COVID-19 Pandemic,semicolon_first_term_keyword,medium,merge_to_canonical,78756.0
7961,Copiague Community,13,5,,,,delete,
79610,State Mandates,4,45,,,,delete,
79611,disability advocate,0,19,Disability Rights,keyword_match,medium,merge_to_canonical,75029.0
79613,disability rights advocate,2,21,Disability Rights,keyword_match,medium,merge_to_canonical,75029.0
79618,Small Business Support,0,51,Small Business,keyword_match,medium,merge_to_canonical,7561.0
79619,New York State Capitol,12,12,,,,delete,
79620,Capitol Tour,7,1,,,,delete,
79621,Key Foods,2,3,,,,delete,
79626,Restaurant Industry,3,29,,,,delete,
79647,2020 Veterans Hall of Fame,0,20,Veterans,keyword_match,medium,merge_to_canonical,7691.0
79648,Housing Protections,1,13,Housing,keyword_match,medium,merge_to_canonical,7201.0
79650,Coronavirus Pandemic; COVID-19; Suicide prevention; mental health awareness,3,37,COVID-19 Pandemic,semicolon_first_term_keyword,medium,merge_to_canonical,78756.0
79651,LGBTQ Community,8,69,LGBTQ+ Rights,keyword_match,medium,merge_to_canonical,
79653,2020-2021 School Year,7,74,Education,keyword_match,medium,merge_to_canonical,7001.0
7966,Skin Cancer,4,26,Health Care,keyword_match,medium,merge_to_canonical,7166.0
79705,Consumer Habits,2,8,,,,delete,
79706,Food Supply,4,28,,,,delete,
79708,phase 1,2,14,,,,delete,
79709,NYS Pause,1,8,,,,delete,
7971,Cell Phones for Soldiers,9,34,,,,delete,
79710,HealthAlliance,2,1,,,,delete,
79732,Coronavirus Pandemic; COVID-19; veterans,1,8,COVID-19 Pandemic,semicolon_first_term_keyword,medium,merge_to_canonical,78756.0
79733,Sue Chinese Government,1,3,,,,delete,
79735,Memorial Day; Heroes,1,3,,,,delete,
79737,Spring Newsletter,0,3,,,,delete,
79738,Coronavirus Pandemic; COVID-19; domestic violence,2,23,COVID-19 Pandemic,semicolon_first_term_keyword,medium,merge_to_canonical,78756.0
79739,woodhull,2,1,,,,delete,
79740,Summer Activities,7,7,,,,delete,
79741,mortgage,6,57,,,,delete,
79743,Right to Privacy,2,32,Data Privacy,keyword_match,medium,merge_to_canonical,75986.0
79744,graduation,5,19,,,,delete,
79745,Immigration Issues,7,75,Immigration,keyword_match,medium,merge_to_canonical,7221.0
79746,NYS Roxanne J Persaud,1,1,,,,delete,
79753,Checks and Balances,5,18,,,,delete,
79754,Frontline Workers,4,20,,,,delete,
79755,relief,4,26,,,,delete,
79758,Unempolyment,2,33,,,,delete,
7976,Shed the Meds,48,92,,,,delete,
79791,Coronavirus Pandemic; COVID-19;COVID Testing,2,29,COVID-19 Pandemic,semicolon_first_term_keyword,medium,merge_to_canonical,78756.0
79792,business reopening,4,38,,,,delete,
79801,businesses,3,22,,,,delete,
79802,mortgage relief,2,25,,,,delete,
79803,School Safety; Gun Violence Prevention,6,67,Education,semicolon_first_term_keyword,medium,merge_to_canonical,7001.0
79804,Coronavirus Pandemic; COVID-19; affordability,2,13,COVID-19 Pandemic,semicolon_first_term_keyword,medium,merge_to_canonical,78756.0
79805,George Floyd,18,308,,,,delete,
79806,Nourish NY,15,47,,,,delete,
79807,right to protest,2,61,,,,delete,
79808,Police Violence,7,295,First Responders,keyword_match,medium,merge_to_canonical,8930.0
79809,police brutality,3,297,First Responders,keyword_match,medium,merge_to_canonical,8930.0
7981,Brian Moore,5,4,,,,delete,
79810,Police STAT Act,4,126,First Responders,keyword_match,medium,merge_to_canonical,8930.0
79811,seniors; COVID-19; coronavirus,1,10,Seniors,semicolon_first_term_seed,high,merge_to_canonical,7546.0
79812,Pride 2020,1,15,,,,delete,
79813,LGBTQ Equality,26,183,LGBTQ+ Rights,keyword_match,medium,merge_to_canonical,
79815,racial injustice,2,171,,,,delete,
79819,equity,7,100,,,,delete,
79820,repeal 50-A,2,225,Criminal Justice Reform,keyword_match,medium,merge_to_canonical,8546.0
79823,LaGuardia Community College,1,1,Higher Education,keyword_match,medium,merge_to_canonical,7176.0
79824,vehicle and traffic law,1,36,,,,delete,
79825,expressway,2,10,,,,delete,
79826,peaceful protest,4,127,,,,delete,
79827,Public Employees,10,61,,,,delete,
79828,Accidental Death Benefits,9,22,,,,delete,
79829,Racism,5,140,Civil Rights,keyword_match,medium,merge_to_canonical,6831.0
79830,50-A,7,269,Criminal Justice Reform,keyword_match,medium,merge_to_canonical,8546.0
79831,health care services,3,65,Health Care,keyword_match,medium,merge_to_canonical,7166.0
79832,unity; coronavirus; COVID-19,1,7,,,,delete,
79833,coronavirus; COVID-19; hand sanitizer,3,3,COVID-19 Pandemic,semicolon_first_term_seed,high,merge_to_canonical,78756.0
79834,Coronavirus; COVID-19; Hand Sanitizer; Testing Site,2,4,COVID-19 Pandemic,semicolon_first_term_seed,high,merge_to_canonical,78756.0
79835,Coronavirus; COVID-19; Hand Sanitizer; COVID Testing,0,7,COVID-19 Pandemic,semicolon_first_term_seed,high,merge_to_canonical,78756.0
79871,SHARE Act,1,5,,,,delete,
79872,NYS Senate Woman of Distinction,18,33,,,,delete,
79873,Class of 2020,2,14,,,,delete,
79874,Great Neck,15,11,,,,delete,
79875,Domestic Violence; COVID-19; Coronavirus; COVID Testing; State Reopening,1,40,Domestic Violence,semicolon_first_term_seed,high,merge_to_canonical,6971.0
79879,Memorial Day Weekend; Coronavirus; COVID-19; Small Businesses,1,7,,,,delete,
79902,Food Distribution,39,103,Nutrition,keyword_match,medium,merge_to_canonical,7411.0
79903,SD 19,110,44,,,,delete,
79905,Absentee Ballots,30,160,Elections,keyword_match,medium,merge_to_canonical,7011.0
7991,Animal Rights,43,549,Animal Welfare,keyword_match,medium,merge_to_canonical,9462.0
79911,Port Chester,8,4,,,,delete,
79912,Coronavius Testing,2,9,,,,delete,
79915,Hempstead Union Free School District,1,5,Education,keyword_match,medium,merge_to_canonical,7001.0
79916,Hempstead Schools,1,5,Education,keyword_match,medium,merge_to_canonical,7001.0
79919,H2A,2,4,,,,delete,
79923,Yes Safe Choices,2,8,,,,delete,
79925,Taxation and Regulation,2,33,Taxes,keyword_match,medium,merge_to_canonical,7626.0
79929,mortgages,4,34,,,,delete,
79930,Habeus Corpus,0,1,,,,delete,
79933,Habeas Corpus,4,25,,,,delete,
79959,Curfew,1,45,,,,delete,
7996,Flooding,61,109,Environment,keyword_match,medium,merge_to_canonical,7036.0
79960,Mayor de Blasio,3,48,,,,delete,
79993,Coronavirus Pandemic; COVID-19; Substance Abuse,1,6,COVID-19 Pandemic,semicolon_first_term_keyword,medium,merge_to_canonical,78756.0
79996,Coronavirus Pandemic; COVID-19; LGBTQIA; Pride Month,2,62,COVID-19 Pandemic,semicolon_first_term_keyword,medium,merge_to_canonical,78756.0
79997,Coronavirus Pandemic; COVID-19; Student Advisory,1,19,COVID-19 Pandemic,semicolon_first_term_keyword,medium,merge_to_canonical,78756.0
79999,police reforms,1,63,First Responders,keyword_match,medium,merge_to_canonical,8930.0
80001,Protests,5,54,,,,delete,
80002,CCRB,1,7,,,,delete,
80003,Emergency Relief Rent Act,2,32,Tenant Rights,keyword_match,medium,merge_to_canonical,61615.0
80009,school graduation,2,6,Education,keyword_match,medium,merge_to_canonical,7001.0
8001,Transparency,44,354,Ethics,keyword_match,medium,merge_to_canonical,7051.0
80010,summer day camps,1,4,,,,delete,
80017,Belmont Stakes,2,2,,,,delete,
80018,Beach 116th Street,1,1,,,,delete,
80020,#DefundPolice,1,479,Criminal Justice Reform,keyword_match,medium,merge_to_canonical,8546.0
80028,STAT Act,1,12,,,,delete,
80031,Civil Rights Law,1,47,Civil Rights,keyword_match,medium,merge_to_canonical,6831.0
80033,Police; Police Transparency; Police Accountability; Police Brutality,0,45,First Responders,semicolon_first_term_seed,high,merge_to_canonical,8930.0
80035,Repeal of 50-A,2,52,Criminal Justice Reform,keyword_match,medium,merge_to_canonical,8546.0
80037,Colchester,1,1,,,,delete,
8006,Lobbying,9,179,,,,delete,
80063,policing reforms,2,44,,,,delete,
80064,graduations,5,8,,,,delete,
80065,Domestic Violence Hotline,2,19,Domestic Violence,keyword_match,medium,merge_to_canonical,6971.0
80066,reopening,10,84,,,,delete,
80067,emergency rent relief act,4,47,Tenant Rights,keyword_match,medium,merge_to_canonical,61615.0
80068,Cardiovascular Diagnostics,7,10,,,,delete,
80073,housing rights,5,48,Housing,keyword_match,medium,merge_to_canonical,7201.0
80074,reopening nyc,2,22,,,,delete,
80075,COVID-19; Coronavirus; Substance Abuse; Substance Treatment,4,7,COVID-19 Pandemic,semicolon_first_term_seed,high,merge_to_canonical,78756.0
80076,Walking While Trans,7,17,,,,delete,
80078,Summer Camps,5,20,,,,delete,
80081,Justice System Reform,2,43,,,,delete,
80082,Health Data,1,16,Health Care,keyword_match,medium,merge_to_canonical,7166.0
80084,Senator John Flanagan,1,2,,,,delete,
80085,Small Business Recovery Advisory Group,0,8,Small Business,keyword_match,medium,merge_to_canonical,7561.0
80086,Early Voting; LGBTQ Rights; COVID-19; HEAP; Health Insurance; PPE,1,31,Voting Rights,semicolon_first_term_keyword,medium,merge_to_canonical,9001.0
80087,COVID-19; Coronavirus; Testing Sites,0,6,COVID-19 Pandemic,semicolon_first_term_seed,high,merge_to_canonical,78756.0
80089,COVID-19; Coronavirus; PPE; Organ Donation,1,13,COVID-19 Pandemic,semicolon_first_term_seed,high,merge_to_canonical,78756.0
80090,manhattan community board 3,1,2,,,,delete,
80091,Honorinmg Women,1,6,,,,delete,
80092,Honoring Women's Contributions,3,14,,,,delete,
80093,phase three,1,11,,,,delete,
80094,Environmental Racism,1,26,Environment,keyword_match,medium,merge_to_canonical,7036.0
80095,Podcast,1,4,,,,delete,
80096,Colleges and Universities,8,37,Higher Education,keyword_match,medium,merge_to_canonical,7176.0
80097,political parties,3,15,,,,delete,
80098,climate crisis,15,98,Climate Change,keyword_match,medium,merge_to_canonical,6841.0
80099,moratorium,2,5,,,,delete,
80100,homeowner protection,2,32,Housing,keyword_match,medium,merge_to_canonical,7201.0
80101,Republican Conference,2,11,,,,delete,
80102,New York State Veterans Hall of Fame,5,9,Veterans,keyword_match,medium,merge_to_canonical,7691.0
80103,Rental Assistance,7,50,,,,delete,
80104,Mortgage Forbearance,3,17,,,,delete,
80105,Juneteenth,6,23,,,,delete,
80106,Vegetarians,1,9,,,,delete,
80107,Vegans,1,10,,,,delete,
8011,Open Government,20,258,Ethics,keyword_match,medium,merge_to_canonical,7051.0
8016,Human Trafficking,36,221,Civil Rights,keyword_match,medium,merge_to_canonical,6831.0
80186,Benefit Banking,1,7,Finance,keyword_match,medium,merge_to_canonical,7081.0
80192,50-a of Civil Rights Law,3,47,Criminal Justice Reform,keyword_match,medium,merge_to_canonical,8546.0
80195,OPWDD; PPE; CARES Act,1,28,,,,delete,
80199,facial recognition,9,68,,,,delete,
80200,mortgage moratorium,0,5,,,,delete,
80201,stable housing,1,9,Housing,keyword_match,medium,merge_to_canonical,7201.0
80207,homeowner protections,6,40,Housing,keyword_match,medium,merge_to_canonical,7201.0
8021,MMA,8,21,,,,delete,
80211,Senator John J Marchi Memorial Athletic Scholarship,2,5,,,,delete,
80212,Award,2,9,,,,delete,
80213,Athletic Scholarship,1,7,,,,delete,
80214,West Islip,1,4,,,,delete,
80241,Rent Strikes,1,9,Tenant Rights,keyword_match,medium,merge_to_canonical,61615.0
80242,Rent relief,21,154,Tenant Rights,keyword_match,medium,merge_to_canonical,61615.0
80243,Phase 3,1,6,,,,delete,
80244,Reopening Long Island,1,6,,,,delete,
80245,Hurricane Season,3,13,,,,delete,
80246,Freedom of Speech,7,32,,,,delete,
80247,Censorship,2,23,,,,delete,
80248,BLM,3,156,,,,delete,
80249,federal aid,5,33,,,,delete,
80250,grants for nonprofits,4,18,,,,delete,
8026,Animals,25,332,Animal Welfare,keyword_match,medium,merge_to_canonical,9462.0
80263,Executive Powers,6,42,,,,delete,
80264,Social Gatherings,1,6,,,,delete,
80265,Achiezer,1,3,,,,delete,
80266,Five Towns,11,6,,,,delete,
80269,gateway plaza,1,3,,,,delete,
80271,United Health Plan,1,6,Health Care,keyword_match,medium,merge_to_canonical,7166.0
80273,Travel Quarantine Policy,2,12,,,,delete,
80274,Seneca Nation,10,16,,,,delete,
80275,Cheer For Senior Year,1,2,,,,delete,
80276,COVID-19 Line of Duty Bill,1,8,COVID-19 Pandemic,keyword_match,medium,merge_to_canonical,78756.0
80277,S8427,2,1,,,,delete,
80278,Business Interruption Insurance,2,6,Insurance,keyword_match,medium,merge_to_canonical,7236.0
80279,S8211A,2,1,,,,delete,
80280,Meal Distribution,3,6,,,,delete,
80281,S8644,2,5,,,,delete,
80282,New York City Truth in Budgeting Act,2,3,,,,delete,
80283,Tenant Safe Harbor Act,1,12,,,,delete,
80284,Evictions,7,38,Tenant Rights,keyword_match,medium,merge_to_canonical,61615.0
80297,Data Sales Tax,1,6,Taxes,keyword_match,medium,merge_to_canonical,7626.0
80298,Community-Based Social Distancing Enforcement,1,8,,,,delete,
8031,NY Rising,5,26,,,,delete,
80337,face mask,3,25,,,,delete,
80350,SUNY Geneseo,2,1,Higher Education,keyword_match,medium,merge_to_canonical,7176.0
80358,Healthy Terminals Act,3,2,,,,delete,
8036,Sandy,9,20,,,,delete,
80362,gardening,5,22,,,,delete,
80363,gardeners,1,5,,,,delete,
80364,Abuse Prevention,6,35,,,,delete,
80366,70 Mulberry Street,2,6,,,,delete,
80367,Coronavirus Pandemic; COVID-19; Small Businesses; Unemployment,3,35,COVID-19 Pandemic,semicolon_first_term_keyword,medium,merge_to_canonical,78756.0
80368,nys government,6,73,,,,delete,
80369,COVID-19; HEAP; Health Insurance; PPE,1,8,COVID-19 Pandemic,semicolon_first_term_seed,high,merge_to_canonical,78756.0
80370,COVID-19; Coronavirus; Police Reform,1,22,COVID-19 Pandemic,semicolon_first_term_seed,high,merge_to_canonical,78756.0
80376,Cardiovascular Testing,10,15,,,,delete,
80382,Department of Labor; COVID-19; Unemployment; Data Breach; Consumer Protection,2,47,Labor,semicolon_first_term_keyword,medium,merge_to_canonical,7286.0
80384,polar plunge,1,4,,,,delete,
80385,life guards,1,2,,,,delete,
8041,Heroin,22,98,Opioid & Substance Use,keyword_match,medium,merge_to_canonical,
80415,elks lodge,1,3,,,,delete,
80423,S8617,2,6,,,,delete,
8046,EMS,41,89,,,,delete,
80461,ROPS,2,2,,,,delete,
80480,ETPA,1,2,,,,delete,
80481,Hazard Pay,1,13,,,,delete,
80482,School Reopening Plan,2,36,Education,keyword_match,medium,merge_to_canonical,7001.0
80508,St. Paul's United Methodist Church,1,0,,,,delete,
8051,Tax Cap,14,104,Taxes,keyword_match,medium,merge_to_canonical,7626.0
80510,Pet Food Drive,5,13,,,,delete,
80511,COVID-19 Antibody Testing,21,63,COVID-19 Pandemic,keyword_match,medium,merge_to_canonical,78756.0
80531,School mascots,2,6,Education,keyword_match,medium,merge_to_canonical,7001.0
80532,Team mascots,2,5,,,,delete,
80533,bar exam,6,14,,,,delete,
80534,diploma privileges,2,8,,,,delete,
80535,online learning,2,12,,,,delete,
80536,Residential Care Facilities,2,5,,,,delete,
80552,Care Center at Sunset Lake,2,2,,,,delete,
80554,NGSP grants,1,2,,,,delete,
80555,Shuls,2,3,,,,delete,
80556,security funding,1,3,,,,delete,
80558,LATFOR,14,4,,,,delete,
80559,Independent redistricting,4,14,Elections,keyword_match,medium,merge_to_canonical,7011.0
8056,Equal Pay,25,194,Women's Rights,keyword_match,medium,merge_to_canonical,9128.0
80560,homelessness prevention,14,115,Homelessness,keyword_match,medium,merge_to_canonical,10068.0
80576,Raise The Age Reform,3,4,Criminal Justice Reform,keyword_match,medium,merge_to_canonical,8546.0
80577,COVID Rent Relief Program,8,64,COVID-19 Pandemic,keyword_match,medium,merge_to_canonical,78756.0
80578,Emergency Rent Relief Act of 2020,2,9,Tenant Rights,keyword_match,medium,merge_to_canonical,61615.0
80579,HCR,4,4,,,,delete,
80581,Protecting New Yorkers’ Rights,1,9,,,,delete,
80582,Helping Struggling Renters and Homeowners,2,12,Housing,keyword_match,medium,merge_to_canonical,7201.0
80583,Supporting New York Workers & Businesses,1,3,,,,delete,
80584,Combating COVID-19 and Protecting New Yorkers' Health,37,154,Health Care,keyword_match,medium,merge_to_canonical,7166.0
80585,COVID-19 and the MTA,9,16,MTA,keyword_match,medium,merge_to_canonical,9222.0
80586,Residential Health Care Facilities and COVID-19,1,1,Health Care,keyword_match,medium,merge_to_canonical,7166.0
80587,Elections in a Pandemic: A Review of the 2020 Primaries,2,12,Elections,keyword_match,medium,merge_to_canonical,7011.0
80588,How COVID-19 Has Impacted Higher Education,4,12,Education,keyword_match,medium,merge_to_canonical,7001.0
80589,COVID-19 and its impact on workers and hospitals,1,6,Health Care,keyword_match,medium,merge_to_canonical,7166.0
8061,CHIPS,34,47,,,,delete,
80615,NYC Open Restaurants program,3,9,,,,delete,
80616,S8270,1,4,,,,delete,
80617,student stars,1,1,Education,keyword_match,medium,merge_to_canonical,7001.0
80619,2022,3,27,,,,delete,
80627,tenant associations,1,11,,,,delete,
80631,Chautauqua Lake,2,5,,,,delete,
80632,Harmful Algal Blooms (HABs),9,9,,,,delete,
80633,Army Corps of Engineers,1,2,,,,delete,
80634,Coronavirus Pandemic; COVID-19; Small Business; Reopening,19,63,COVID-19 Pandemic,semicolon_first_term_keyword,medium,merge_to_canonical,78756.0
80636,school building reopening,1,16,Education,keyword_match,medium,merge_to_canonical,7001.0
80637,catholic schools,3,8,Education,keyword_match,medium,merge_to_canonical,7001.0
80648,Uniondale Public Library,2,1,Libraries,keyword_match,medium,merge_to_canonical,8131.0
80650,Neighborhood Cleanup,5,25,,,,delete,
80655,Substance Use Disorder,7,30,Opioid & Substance Use,keyword_match,medium,merge_to_canonical,
80657,Consumer Credit Fairness Act,5,27,,,,delete,
8066,Resiliency; Storms; Manhattan,2,18,,,,delete,
80664,Rockaways,3,3,,,,delete,
80667,Child Welfare,2,23,,,,delete,
80668,Kinship Care,2,7,,,,delete,
80673,harlem,6,2,,,,delete,
80675,rent assistance,2,22,Tenant Rights,keyword_match,medium,merge_to_canonical,61615.0
80681,unemployment; small business; COVID-19; coronavirus,1,23,Jobs & Employment,semicolon_first_term_seed,high,merge_to_canonical,7261.0
80682,Excelsior Scholarship Program,2,10,,,,delete,
80690,cure violence,2,7,,,,delete,
80691,Hudson Valley and Catskills,1,4,,,,delete,
80694,anti-chokehold,1,14,,,,delete,
80695,false reporting,1,4,,,,delete,
80709,imitation guns,2,35,Gun Control,keyword_match,medium,merge_to_canonical,7141.0
8071,Freeport Armory,3,8,,,,delete,
80710,Coronavirus Pandemic; COVID-19; State Government,1,19,COVID-19 Pandemic,semicolon_first_term_keyword,medium,merge_to_canonical,78756.0
80712,AVR,3,2,,,,delete,
80713,End the School to Prison Pipeline,1,21,Education,keyword_match,medium,merge_to_canonical,7001.0
80714,Black Children Matter,1,25,Children,keyword_match,medium,merge_to_canonical,6816.0
80715,Raise The Floor,1,2,,,,delete,
80716,South Asian Community,3,3,,,,delete,
80717,Combating COVID-19 and Protecting New Yorkers' Health; federal government;,1,31,Health Care,semicolon_first_term_keyword,medium,merge_to_canonical,7166.0
80721,Strategic Lawsuits Against Public Participation,2,5,,,,delete,
80722,free speech,5,22,,,,delete,
80723,SLAPP,3,2,,,,delete,
80725,#DefundPolice  POLICE SAFETY  COMMUNITY ENGAGEMENT  CIVIC ENGAGEMENT,2,330,Community Development,keyword_match,medium,merge_to_canonical,6856.0
80726,diploma privilege,5,7,,,,delete,
80727,Comprehensive Broadband Connectivity Act,8,61,Telecommunications,keyword_match,medium,merge_to_canonical,7631.0
80728,School Board Elections,4,19,Education,keyword_match,medium,merge_to_canonical,7001.0
80729,School Wards,1,1,Education,keyword_match,medium,merge_to_canonical,7001.0
80730,noose,1,1,,,,delete,
80731,swastika,2,1,,,,delete,
80732,Port Washington Water District,1,0,,,,delete,
80733,Water Filtration,1,3,,,,delete,
80734,The Morley Park treatment facility,1,0,,,,delete,
80735,Open Restaurants Program,1,7,,,,delete,
80736,S6430,1,1,,,,delete,
80737,Subway Accessibility,6,0,Transportation,keyword_match,medium,merge_to_canonical,7656.0
80738,Pronto Long Island,1,1,,,,delete,
80739,Helping New Yorkers and Businesses,2,9,,,,delete,
80740,cell towers,6,19,,,,delete,
80741,consturction,0,0,,,,delete,
80742,Panama Central School District,3,0,Education,keyword_match,medium,merge_to_canonical,7001.0
80743,food packaging,1,9,,,,delete,
80744,Cell Coverage,5,10,,,,delete,
80745,Palisades Interstate Parkway,1,2,,,,delete,
80746,covid,6,34,COVID-19 Pandemic,keyword_match,medium,merge_to_canonical,78756.0
80747,New York Harbor,1,1,,,,delete,
80751,Evs,1,2,,,,delete,
80752,EV Access,1,1,,,,delete,
80753,Public Charging Facilities,6,8,,,,delete,
80754,NYS education,4,63,Education,keyword_match,medium,merge_to_canonical,7001.0
80755,Broadband Coverage,6,24,Telecommunications,keyword_match,medium,merge_to_canonical,7631.0
80756,Telecommuting,1,11,,,,delete,
80757,paycheck,1,5,,,,delete,
8076,Jamaica Community,2,7,,,,delete,
80766,Coronavirus Pandemic; COVID-19; barbershops; hair salons,3,11,COVID-19 Pandemic,semicolon_first_term_keyword,medium,merge_to_canonical,78756.0
80807,Court of Claims;,1,6,,,,delete,
80808,Sandra Wilson,2,1,,,,delete,
80809,WARN Act,1,2,,,,delete,
8081,cancer,25,132,Health Care,keyword_match,medium,merge_to_canonical,7166.0
80810,layoffs,1,6,,,,delete,
80811,Combating COVID-19 and Protecting New Yorkers,62,309,COVID-19 Pandemic,keyword_match,medium,merge_to_canonical,78756.0
80812,Veteran Suicide Awareness,2,7,,,,delete,
80813,Coal Tar-Based Sealant Ban,1,1,,,,delete,
80816,Sandra Wilson; Spring Valley,1,1,,,,delete,
80817,Pearl River,2,1,,,,delete,
80818,Building Aid,1,7,,,,delete,
80819,City of Port Jervis,7,0,,,,delete,
80820,Coronavirus Pandemic; Gyms & Fitness Centers; Small Businesses,2,7,COVID-19 Pandemic,semicolon_first_term_keyword,medium,merge_to_canonical,78756.0
80821,Business Climate,11,20,,,,delete,
80822,Environmental,9,52,Environment,keyword_match,medium,merge_to_canonical,7036.0
80823,Alienation,4,7,,,,delete,
80824,Maternity,3,4,,,,delete,
80825,Racial Statistics,1,3,,,,delete,
80827,Women in Technology,2,7,Technology Policy,keyword_match,medium,merge_to_canonical,
80828,Economic Assistance,4,15,,,,delete,
80829,Curriculum,8,16,,,,delete,
80830,Blue Laws,3,10,,,,delete,
80831,ABC Law,11,9,,,,delete,
80832,Personal Property,2,15,,,,delete,
80833,Tax Exemption,7,27,Taxes,keyword_match,medium,merge_to_canonical,7626.0
80834,Small Business Loans,2,2,Small Business,keyword_match,medium,merge_to_canonical,7561.0
80835,Small Business Financing,1,2,Small Business,keyword_match,medium,merge_to_canonical,7561.0
80836,heart disease,3,2,,,,delete,
80837,Fire Marshall,4,4,,,,delete,
80838,Teleworking,6,38,,,,delete,
80839,Marriage Licence,1,2,,,,delete,
80841,Mother,1,1,,,,delete,
80842,Veteran Agencies,1,9,,,,delete,
80843,Veteran Services,3,12,,,,delete,
80844,Protecting our Veterans,1,16,Veterans,keyword_match,medium,merge_to_canonical,7691.0
80845,College Students,10,33,Education,keyword_match,medium,merge_to_canonical,7001.0
80846,Medicaid Compliance,1,10,Medicaid,keyword_match,medium,merge_to_canonical,7331.0
80848,Job Development,5,7,,,,delete,
80849,Job Support,2,2,,,,delete,
80850,Business Navigation,1,2,,,,delete,
80851,Kitchen Incubators,2,0,,,,delete,
80852,Small Business Tax Relief,6,22,Small Business,keyword_match,medium,merge_to_canonical,7561.0
80853,Sexual Harassment Training,2,5,Women's Rights,keyword_match,medium,merge_to_canonical,9128.0
80854,Small Business Savings,3,1,Small Business,keyword_match,medium,merge_to_canonical,7561.0
80855,small business incentives,2,2,Small Business,keyword_match,medium,merge_to_canonical,7561.0
80856,Chambers of Commerce,3,12,Small Business,keyword_match,medium,merge_to_canonical,7561.0
80857,Sheriff,3,4,,,,delete,
80858,Deputy Sheriff,3,1,,,,delete,
80859,Retirement Benefits,11,45,Civil Service & Pensions,keyword_match,medium,merge_to_canonical,
8086,Homeless,23,235,Homelessness,keyword_match,medium,merge_to_canonical,10068.0
80860,License Plate,2,14,Transportation,keyword_match,medium,merge_to_canonical,7656.0
80861,9/11 Remembrance,18,17,Public Safety,keyword_match,medium,merge_to_canonical,8316.0
80862,5G,5,29,,,,delete,
80863,Small-Cell Wireless,1,1,,,,delete,
80864,Environmental Impact,2,15,Environment,keyword_match,medium,merge_to_canonical,7036.0
80865,Wireless Technology,2,7,Technology Policy,keyword_match,medium,merge_to_canonical,
80866,Home Building,2,3,,,,delete,
80867,Property Tax Deduction,1,17,Taxes,keyword_match,medium,merge_to_canonical,7626.0
80868,Child Support Enforcement,2,17,,,,delete,
80869,Independent Contractor,1,3,,,,delete,
80870,Small Business Tax Reform,2,1,Small Business,keyword_match,medium,merge_to_canonical,7561.0
80871,Arts & Culture,10,18,Arts & Culture,seed_exact,high,already_canonical,80871.0
80872,Election Interference,2,5,Elections,keyword_match,medium,merge_to_canonical,7011.0
80873,Election Fraud,1,10,Elections,keyword_match,medium,merge_to_canonical,7011.0
80874,Election Participaton,1,7,Elections,keyword_match,medium,merge_to_canonical,7011.0
80875,College and Universities,5,26,Higher Education,keyword_match,medium,merge_to_canonical,7176.0
80876,job innovation,3,21,,,,delete,
80877,public research,1,0,,,,delete,
80878,Runaway,1,1,,,,delete,
80892,Truth in Lending,1,3,,,,delete,
80894,Violence Prevention,3,6,,,,delete,
80895,Bias,5,27,,,,delete,
80896,Business Awareness,3,5,,,,delete,
80897,Divorce,4,17,,,,delete,
80898,Matrimony,2,2,,,,delete,
80899,OCA,2,3,,,,delete,
80900,Paired Testing,2,2,,,,delete,
80901,Criminal Investigations,2,30,Ethics,keyword_match,medium,merge_to_canonical,7051.0
80902,Aviation,2,2,,,,delete,
80903,Airport,7,9,,,,delete,
80904,House Impact,1,2,,,,delete,
80905,Noise Pollution,6,28,Environment,keyword_match,medium,merge_to_canonical,7036.0
80908,Charitable Organizations,4,14,,,,delete,
80909,Housing Authority,1,20,Housing,keyword_match,medium,merge_to_canonical,7201.0
8091,Industrial hemp agriculture manufacturing,8,88,Agriculture,keyword_match,medium,merge_to_canonical,6716.0
80910,Job Growth,6,27,,,,delete,
80911,College Loans,1,8,Higher Education,keyword_match,medium,merge_to_canonical,7176.0
80912,Driver's Licence,5,14,,,,delete,
80913,Foreign Governments,1,1,,,,delete,
80914,Veteran Support,7,25,,,,delete,
80915,Sexual Abuse,6,14,,,,delete,
80916,Sexual Abuse Victims,6,9,,,,delete,
80917,Witness Protection,6,3,,,,delete,
80918,Victim Protection,6,4,,,,delete,
80919,Employee Leave,2,4,,,,delete,
80920,Daycare,7,17,Child Care,keyword_match,medium,merge_to_canonical,9530.0
80921,Family Support,5,8,,,,delete,
80922,maintenance project,1,0,,,,delete,
80923,homeowner's rights. federal shutdown,1,3,Housing,keyword_match,medium,merge_to_canonical,7201.0
80924,eviction protection,2,14,Tenant Rights,keyword_match,medium,merge_to_canonical,61615.0
80925,Capital Plan,1,0,,,,delete,
80926,Education; Combating Hate,3,15,Education,semicolon_first_term_seed,high,merge_to_canonical,7001.0
80927,D.C.J.S,2,6,,,,delete,
80928,Hearing Notice,1,2,,,,delete,
80929,Veteran Issues,4,24,,,,delete,
80930,Disabled Veteran,2,16,,,,delete,
80931,Business Protection,1,5,,,,delete,
80932,Litigation Financing,2,9,,,,delete,
80933,Contract Regulations,1,3,,,,delete,
80934,9/11 First Responder,11,27,Public Safety,keyword_match,medium,merge_to_canonical,8316.0
80935,Camping,1,1,,,,delete,
80936,9/11 Disability,10,21,Public Safety,keyword_match,medium,merge_to_canonical,8316.0
80937,Handicapped parking,2,1,,,,delete,
80938,Parking Permit,1,0,,,,delete,
80939,At Rest,2,0,,,,delete,
80940,Nicotine,1,1,,,,delete,
80941,Electronic Cigarette,1,2,,,,delete,
80942,Boycott,2,1,,,,delete,
80943,Capital Expenditure,1,2,,,,delete,
80944,Clean Water Systems,2,8,Clean Water,keyword_match,medium,merge_to_canonical,9026.0
80948,Cyber Crime,4,16,Crime,keyword_match,medium,merge_to_canonical,6926.0
80949,Information Technology,6,16,Technology Policy,keyword_match,medium,merge_to_canonical,
80950,SED,1,0,,,,delete,
80951,Safe Driving,2,3,,,,delete,
80952,Inspection,2,2,,,,delete,
80953,Public Employee,3,22,,,,delete,
80954,Retiree,2,17,,,,delete,
80955,Retirement Beneficiary,2,13,Civil Service & Pensions,keyword_match,medium,merge_to_canonical,
80956,School Bus,4,4,Education,keyword_match,medium,merge_to_canonical,7001.0
80957,School Children,8,31,Education,keyword_match,medium,merge_to_canonical,7001.0
80958,School Trespassing,2,9,Education,keyword_match,medium,merge_to_canonical,7001.0
80959,Premature Babies,1,1,,,,delete,
8096,Water quality,74,417,Clean Water,keyword_match,medium,merge_to_canonical,9026.0
80960,Ambulance,3,15,,,,delete,
80961,Geothermal,2,2,,,,delete,
80962,English Language Learners,5,5,,,,delete,
80963,Federal Worker,1,1,,,,delete,
80964,Furlough,1,0,,,,delete,
80965,Essential Worker,1,4,,,,delete,
80966,Veteran's Tax Credit,1,3,Taxes,keyword_match,medium,merge_to_canonical,7626.0
80967,Common Sense Gun Reform,36,280,Gun Control,keyword_match,medium,merge_to_canonical,7141.0
80968,Economic Justice,4,11,,,,delete,
80969,Music Therapy,2,8,,,,delete,
80970,Intellectual Disability,9,25,Developmental Disabilities,keyword_match,medium,merge_to_canonical,6956.0
80971,Licensure,4,5,,,,delete,
80972,Anti-Hazing,2,4,,,,delete,
80973,Colleges,1,5,Higher Education,keyword_match,medium,merge_to_canonical,7176.0
80974,Universities,1,0,,,,delete,
80975,anti-Semitic,25,31,,,,delete,
80976,BDS,3,3,,,,delete,
80977,State Contracting,1,1,,,,delete,
80978,Landscaping,2,7,,,,delete,
80979,Premium Reduction,1,0,,,,delete,
80980,Railroad,14,18,,,,delete,
80983,Timothy's Law,1,0,,,,delete,
80984,Substance Abuse Disorder,19,51,Opioid & Substance Use,keyword_match,medium,merge_to_canonical,
80985,Volunteer Firefighter,25,55,First Responders,keyword_match,medium,merge_to_canonical,8930.0
80986,Worker's Compensation Board,1,3,,,,delete,
80987,Worker's Compensation Benefits,1,4,,,,delete,
80988,Fire District,2,7,,,,delete,
80991,State Contracts,2,2,,,,delete,
80992,MWBE Compliance,6,28,Minority & Women-Owned Business,keyword_match,medium,merge_to_canonical,
80993,Religious Rights,8,12,,,,delete,
80994,Iconography,1,0,,,,delete,
80995,Federal Help,1,2,,,,delete,
80996,Veteran Employment,1,3,Jobs & Employment,keyword_match,medium,merge_to_canonical,7261.0
80997,Local Government Support,3,14,Local Government,keyword_match,medium,merge_to_canonical,7326.0
80998,Hire A Vet,1,1,,,,delete,
80999,First Responder,12,32,,,,delete,
81000,Burial Allowance,1,2,,,,delete,
81001,Shelter Rock Library District,2,1,Libraries,keyword_match,medium,merge_to_canonical,8131.0
81002,Bryant Library,2,0,Libraries,keyword_match,medium,merge_to_canonical,8131.0
81003,Library District,1,5,Libraries,keyword_match,medium,merge_to_canonical,8131.0
81004,Library Tax,1,3,Libraries,keyword_match,medium,merge_to_canonical,8131.0
81005,Online Privacy,6,61,Data Privacy,keyword_match,medium,merge_to_canonical,75986.0
81006,Data Protection,1,11,,,,delete,
81007,United in Thanks,3,1,,,,delete,
81008,9/11 Workers Protection Task Force,1,9,Public Safety,keyword_match,medium,merge_to_canonical,8316.0
81009,S8129,1,0,,,,delete,
8101,Habitat for Humanity,2,42,,,,delete,
81011,Canal Corporation,2,3,,,,delete,
81012,Lake Moraine,1,0,,,,delete,
81013,Coronavirus Pandemic; COVID-19; Small Business,28,131,COVID-19 Pandemic,semicolon_first_term_keyword,medium,merge_to_canonical,78756.0
81014,Seaport,2,0,,,,delete,
81015,Phase 4,1,0,,,,delete,
81016,nitrous oxide,4,0,,,,delete,
81017,State Grant,6,9,,,,delete,
81018,Digital Sign,1,1,,,,delete,
81019,Five Towns Community Center,1,0,,,,delete,
81020,Lawrence,2,0,,,,delete,
81021,Disability Benefits,4,36,Disability Rights,keyword_match,medium,merge_to_canonical,75029.0
81022,Sex Offender,4,14,Criminal Justice Reform,keyword_match,medium,merge_to_canonical,8546.0
81023,E-Books,2,6,,,,delete,
81024,Tax Exemptions,2,11,Taxes,keyword_match,medium,merge_to_canonical,7626.0
81025,Solar Power,13,38,Renewable Energy,keyword_match,medium,merge_to_canonical,7511.0
81026,State Comptroller,2,2,,,,delete,
81027,Barry M. Dennis,2,0,,,,delete,
81028,Federal Employee,1,1,,,,delete,
81029,Fire Marshalls,3,3,,,,delete,
81030,Disability Retirement,4,17,Disability Rights,keyword_match,medium,merge_to_canonical,75029.0
81031,SLA,5,3,,,,delete,
81032,Property Tax Exemption,14,55,Taxes,keyword_match,medium,merge_to_canonical,7626.0
81033,Lubavitch,1,0,,,,delete,
81034,School Tax,7,22,Education,keyword_match,medium,merge_to_canonical,7001.0
81035,Shelter Rock Islamic Center,1,2,,,,delete,
81036,Business Violation,1,1,,,,delete,
81040,South Floral Park,3,2,,,,delete,
81041,Disabled,2,6,,,,delete,
81042,Special District,1,0,,,,delete,
81043,Bottle Deposit,4,12,,,,delete,
81044,Cleaner + Greener,1,3,,,,delete,
81045,Mead,1,0,,,,delete,
81046,Games of Chance,1,0,,,,delete,
81047,Bike Trail,1,11,,,,delete,
81048,Eco Tourism,2,0,State Parks & Recreation,keyword_match,medium,merge_to_canonical,
81049,Multi-use Trail,1,1,,,,delete,
81050,Parking Lots,2,2,,,,delete,
81051,Green Infrastructure,1,9,Infrastructure,keyword_match,medium,merge_to_canonical,4521.0
81052,Electric Vehicle Charging,14,83,Transportation,keyword_match,medium,merge_to_canonical,7656.0
81053,School Buss,1,0,Education,keyword_match,medium,merge_to_canonical,7001.0
81054,Employee Owned Enterprises,1,0,,,,delete,
81055,Big Brothers,1,0,,,,delete,
81056,Big Sisters,1,0,,,,delete,
81057,Conflict of Interest,1,3,,,,delete,
81058,Lactation Counseling,1,1,,,,delete,
81059,Westbury,7,1,,,,delete,
8106,Legislative Update,12,265,,,,delete,
81060,Real Property,3,28,,,,delete,
81061,Bike Trails,1,8,,,,delete,
81062,Multi-use Trails,1,2,,,,delete,
81063,Veteran Resources,1,10,,,,delete,
81064,Housing Affordability,7,61,Affordability,keyword_match,medium,merge_to_canonical,9076.0
81065,Name Change,1,1,,,,delete,
81066,Library,8,19,Libraries,keyword_match,medium,merge_to_canonical,8131.0
81067,Librarians,7,7,Libraries,keyword_match,medium,merge_to_canonical,8131.0
81068,Public Library,3,8,Libraries,keyword_match,medium,merge_to_canonical,8131.0
81069,School Library,3,6,Education,keyword_match,medium,merge_to_canonical,7001.0
81070,Veterans Information,1,3,Veterans,keyword_match,medium,merge_to_canonical,7691.0
81071,Hunting Licenses,4,21,,,,delete,
81072,Fishing Licenses,2,9,,,,delete,
81073,License Suspension,1,3,,,,delete,
81074,Domestic Violence Survivor,2,16,Domestic Violence,keyword_match,medium,merge_to_canonical,6971.0
81075,Statute of Limitations,1,3,,,,delete,
81077,Survivor Support,2,6,,,,delete,
81081,Nassau,8,11,,,,delete,
81082,Fines,3,17,,,,delete,
81083,Civil Procedure,1,8,,,,delete,
81084,Business Awards,6,9,,,,delete,
81085,Business Accountability,3,5,Ethics,keyword_match,medium,merge_to_canonical,7051.0
81086,Clawback,3,5,,,,delete,
81087,Recoupment,1,1,,,,delete,
81088,Local Hire,4,1,,,,delete,
81089,Tax Incentive,7,17,Taxes,keyword_match,medium,merge_to_canonical,7626.0
81090,Business Responsibility,1,1,,,,delete,
81091,Registration,1,1,,,,delete,
81092,Motor Vehicle,2,6,,,,delete,
81093,Gas Station,3,2,,,,delete,
81094,bond act,4,8,,,,delete,
81095,test and trace,1,0,,,,delete,
81096,International students,1,0,Education,keyword_match,medium,merge_to_canonical,7001.0
81097,WPA,1,0,,,,delete,
81098,Public Works,3,7,,,,delete,
81099,multimillionaire tax,1,5,Taxes,keyword_match,medium,merge_to_canonical,7626.0
81109,housing vouchers,5,29,Housing,keyword_match,medium,merge_to_canonical,7201.0
8111,Regional Economic Development Council,10,55,Economic Development,keyword_match,medium,merge_to_canonical,6996.0
81110,Community Lifelines,1,1,,,,delete,
81111,volunteer,5,14,,,,delete,
81112,Coronavirus Pandemic; COVID-19; Nursing homes,58,152,COVID-19 Pandemic,semicolon_first_term_keyword,medium,merge_to_canonical,78756.0
81114,Barryville Farmers' Market,1,0,Agriculture,keyword_match,medium,merge_to_canonical,6716.0
81120,public health COVID-19,2,9,Health Care,keyword_match,medium,merge_to_canonical,7166.0
81122,Community Clean Up,12,14,,,,delete,
81124,Budget Justice,4,11,Budget,keyword_match,medium,merge_to_canonical,6786.0
81125,Billionaires Tax,8,26,Taxes,keyword_match,medium,merge_to_canonical,7626.0
81128,Holding Child Abusers Accountable,0,2,Children,keyword_match,medium,merge_to_canonical,6816.0
81129,Child Abuse Prevention,9,38,Children,keyword_match,medium,merge_to_canonical,6816.0
81130,Professional Fire Fighters,1,2,,,,delete,
81131,Tax the Rich,18,128,Taxes,keyword_match,medium,merge_to_canonical,7626.0
81132,Tax Fairness,3,12,Taxes,keyword_match,medium,merge_to_canonical,7626.0
81133,Multi-Use Roads,1,2,Transportation,keyword_match,medium,merge_to_canonical,7656.0
81134,Share the Road,1,2,,,,delete,
81135,9/11 Survivors,8,13,Public Safety,keyword_match,medium,merge_to_canonical,8316.0
81136,Hunting and Fishing Licenses,2,12,Agriculture,keyword_match,medium,merge_to_canonical,6716.0
81137,Medics,1,2,,,,delete,
81138,Driver's Education,1,2,Education,keyword_match,medium,merge_to_canonical,7001.0
81139,Plandome Manor,1,0,,,,delete,
81140,Real Property Tax,3,41,Taxes,keyword_match,medium,merge_to_canonical,7626.0
81141,Delinquent Taxes,1,10,Taxes,keyword_match,medium,merge_to_canonical,7626.0
81142,Business Support,6,13,,,,delete,
81143,Business Streamlining,1,1,,,,delete,
81144,South Floral Park Horse racing,1,0,,,,delete,
81145,Parking Tickets,3,9,,,,delete,
81146,Traffic Infractions,1,2,,,,delete,
81147,Appearance Ticket,1,6,,,,delete,
81148,Parking Regulation,2,9,,,,delete,
81149,Brewers,1,2,,,,delete,
81150,Beer,3,13,,,,delete,
81151,Wholesaler,1,2,,,,delete,
81152,Extortion,1,7,,,,delete,
81153,Coercion,2,8,,,,delete,
81154,Transportation Investment,1,5,Transportation,keyword_match,medium,merge_to_canonical,7656.0
81155,Otisville,2,1,,,,delete,
81156,Southern Tier economy and workforce,1,2,Economic Development,keyword_match,medium,merge_to_canonical,6996.0
8116,Downtown Revitalization,32,146,,,,delete,
81160,Unsolicited Foreign Seeds,1,2,,,,delete,
81162,Travel Advisory,1,2,,,,delete,
81163,NYS Border,1,3,,,,delete,
81164,Vehicle Registration,4,5,,,,delete,
81165,trauma informed care advisory council; trauma; mental health; COVID-19;,1,15,,,,delete,
81167,Antitrust,26,52,,,,delete,
81168,Corporate Power,26,67,,,,delete,
81169,Big Tech,31,81,Technology Policy,keyword_match,medium,merge_to_canonical,
81170,Economic inequality,7,22,,,,delete,
81171,Monopolies,28,57,,,,delete,
81172,Rebuilding,2,3,,,,delete,
81173,Tropical Storm Isaias,39,9,,,,delete,
81174,PSEG,36,30,,,,delete,
81175,Utility,19,27,Utilities,keyword_match,medium,merge_to_canonical,7686.0
81176,NYS Comptroller's Office,3,5,,,,delete,
81177,Summer 2020 Newsletter,1,4,,,,delete,
81188,Tucker's Law,4,1,,,,delete,
81191,Woodridge Joint Fire District,1,0,,,,delete,
81192,Department of Public Service,4,11,,,,delete,
81193,utility companies,10,39,Utilities,keyword_match,medium,merge_to_canonical,7686.0
81194,child care block grant,1,5,Child Care,keyword_match,medium,merge_to_canonical,9530.0
81195,school; reopening schools; COVID-19; coronavirus; education,0,9,Education,semicolon_first_term_keyword,medium,merge_to_canonical,7001.0
81197,Ageism,3,22,,,,delete,
81198,Ableism,5,20,,,,delete,
81199,reimburse,1,1,,,,delete,
81200,power,2,21,,,,delete,
8121,Yorktown,23,14,,,,delete,
81212,Graffiti Removal,3,4,,,,delete,
81214,seat belt,0,1,,,,delete,
81215,November 2020 Election,2,18,Elections,keyword_match,medium,merge_to_canonical,7011.0
81227,reimbursement,2,4,,,,delete,
81228,Judge,4,21,,,,delete,
81229,case,1,4,,,,delete,
81230,court,4,10,,,,delete,
81231,PSEG Long Island,16,24,,,,delete,
81232,Union Jobs,3,13,Labor,keyword_match,medium,merge_to_canonical,7286.0
81233,Power Outages Power Companies O&R,1,1,,,,delete,
81235,Schools Schools Reopening COVID-19,0,11,Education,keyword_match,medium,merge_to_canonical,7001.0
81236,Memorial Day Veterans Gold Star Families,1,3,Taxes,keyword_match,medium,merge_to_canonical,7626.0
81241,commercial tenants,2,3,Housing,keyword_match,medium,merge_to_canonical,7201.0
81242,New York State Women of Distinction,6,16,Women of Distinction,keyword_match,medium,merge_to_canonical,8989.0
81243,EMT,5,9,,,,delete,
81244,100 Years of Women's Suffrage in NYS; 19th Amendment,4,59,,,,delete,
8126,Cultural Diversity,21,147,Arts & Culture,keyword_match,medium,merge_to_canonical,80871.0
81309,bag ban,1,5,,,,delete,
8131,libraries,140,477,Libraries,seed_exact,high,already_canonical,8131.0
81310,paper bags,1,2,,,,delete,
81311,Refund,1,7,,,,delete,
81312,NYS Public Service Commission,11,6,Utilities,keyword_match,medium,merge_to_canonical,7686.0
81314,Veterans Event,3,5,Veterans,keyword_match,medium,merge_to_canonical,7691.0
81315,Veteran's Breakfast,3,5,,,,delete,
81317,Community Chat,2,8,,,,delete,
81318,61 Precinct,1,5,,,,delete,
81319,NY Hero Act,19,80,,,,delete,
81324,Optimum,2,1,,,,delete,
81325,Utility Reform,3,11,Utilities,keyword_match,medium,merge_to_canonical,7686.0
81331,19 on the 19th,2,12,,,,delete,
81334,Indoor Dining,3,9,,,,delete,
81335,Environmental Bond Act,3,32,Environment,keyword_match,medium,merge_to_canonical,7036.0
81336,DSA,1,1,,,,delete,
81337,878,1,2,,,,delete,
81338,bike lanes,14,34,,,,delete,
81339,recovery lease,2,3,,,,delete,
81348,Veterans; tourism; economic development; health,1,3,Veterans,semicolon_first_term_seed,high,merge_to_canonical,7691.0
81349,Budgets,1,6,,,,delete,
81350,Pomonok Houses,1,1,,,,delete,
81351,Clergy Council,1,1,,,,delete,
81354,law school,3,6,Education,keyword_match,medium,merge_to_canonical,7001.0
81355,State Liquor Authority; Coronavirus Pandemic; COVID-19; Small Business,3,6,,,,delete,
81356,Peaker Plant,4,1,,,,delete,
81357,NYPD 73rd Precinct,2,1,First Responders,keyword_match,medium,merge_to_canonical,8930.0
81358,Police Engagement,1,7,First Responders,keyword_match,medium,merge_to_canonical,8930.0
8136,subway,12,60,Transportation,keyword_match,medium,merge_to_canonical,7656.0
81360,Metropolitan Transportation Authority Board,4,11,Transportation,keyword_match,medium,merge_to_canonical,7656.0
81361,2020 Election,16,130,Elections,keyword_match,medium,merge_to_canonical,7011.0
81362,November 3,1,18,,,,delete,
81363,Good Samaritan Law,1,3,,,,delete,
81364,Youth Sports Permits,1,0,Children,keyword_match,medium,merge_to_canonical,6816.0
81368,power companies,0,2,,,,delete,
81370,COVID-10,0,6,COVID-19 Pandemic,keyword_match,medium,merge_to_canonical,78756.0
81371,hot car; child safety; HEAT Act,0,2,,,,delete,
81372,Hand Sanitizer Distribution,5,5,,,,delete,
81373,USPS,1,13,,,,delete,
81374,NYPD 69th Precinct,9,3,First Responders,keyword_match,medium,merge_to_canonical,8930.0
81375,Movie Night,3,3,,,,delete,
81380,Absentee ballot,1,28,Elections,keyword_match,medium,merge_to_canonical,7011.0
81381,Boards of Election,4,33,Elections,keyword_match,medium,merge_to_canonical,7011.0
81382,ballot drop box,3,14,Elections,keyword_match,medium,merge_to_canonical,7011.0
81383,Coronavirus Pandemic; COVID-19; Schools; Smart Schools Bond Act,1,9,COVID-19 Pandemic,semicolon_first_term_keyword,medium,merge_to_canonical,78756.0
81384,wind development,1,2,,,,delete,
81385,U.S. Bureau of Energy Management,1,10,Energy,keyword_match,medium,merge_to_canonical,7026.0
81387,Combating COVID-19 and Protecting New Yorkers; Protecting Nursing Home Residents,35,154,COVID-19 Pandemic,semicolon_first_term_keyword,medium,merge_to_canonical,78756.0
81388,creating community,2,5,,,,delete,
81389,diversity & inclusion,39,139,,,,delete,
81391,#MoreSpaceQBB,5,22,,,,delete,
81392,Queensboro Bridge,5,2,,,,delete,
81393,2009 Women of Distinction,1,11,Women of Distinction,keyword_match,medium,merge_to_canonical,8989.0
81394,2010 Women of Distinction,1,10,Women of Distinction,keyword_match,medium,merge_to_canonical,8989.0
81396,Back to School Giveaway,17,12,Education,keyword_match,medium,merge_to_canonical,7001.0
81398,Schools Reopening COVID-19 Remote Learning,4,19,Education,keyword_match,medium,merge_to_canonical,7001.0
81399,Developmental Disabilities Intellectual Disabilities Disability Rights COVID-19 Response,6,65,Developmental Disabilities,keyword_match,medium,merge_to_canonical,6956.0
81401,Rear Seat Belt Seat Belts Vehicle Safety,1,1,,,,delete,
81402,The Safe Center,1,4,,,,delete,
81403,s8700,1,0,,,,delete,
81404,how potential homebuyers of color suffer illegal and unequal treatment by real estate agents,3,3,,,,delete,
81405,Kavanagh,3,0,,,,delete,
81406,Thomas,3,0,,,,delete,
81407,Skoufis,3,0,,,,delete,
81408,general election,2,17,Elections,keyword_match,medium,merge_to_canonical,7011.0
81412,Nassau County Board of Elections,1,6,Elections,keyword_match,medium,merge_to_canonical,7011.0
81413,New York State Opioid Response Grant,1,4,Opioid & Substance Use,keyword_match,medium,merge_to_canonical,
81414,Woodmere,3,1,,,,delete,
81415,Tempo Group,1,0,,,,delete,
81416,Crime and Corrections,16,170,Criminal Justice Reform,keyword_match,medium,merge_to_canonical,8546.0
81417,Farm Workers Fair Labor Practices Act,2,15,Labor,keyword_match,medium,merge_to_canonical,7286.0
81418,Coronavirus Pandemic; COVID-19; Vernon Downs,2,2,COVID-19 Pandemic,semicolon_first_term_keyword,medium,merge_to_canonical,78756.0
81419,compost,2,15,,,,delete,
81420,ecology,1,2,,,,delete,
81421,Key Food,1,1,,,,delete,
81422,Grocery stores,9,12,,,,delete,
81423,Remote Work,1,14,,,,delete,
81424,cdc,4,24,,,,delete,
81427,NYS Public Commission,1,5,,,,delete,
81435,Boards of Elections,8,48,Elections,keyword_match,medium,merge_to_canonical,7011.0
81439,21st Century Antitrust Act,20,52,,,,delete,
81441,Coronavirus Pandemic; COVID-19; Childcare,3,14,COVID-19 Pandemic,semicolon_first_term_keyword,medium,merge_to_canonical,78756.0
81442,Resorts World,5,0,,,,delete,
81443,Coronavirus Pandemic; COVID-19; Reopening,6,19,COVID-19 Pandemic,semicolon_first_term_keyword,medium,merge_to_canonical,78756.0
81444,Malverne School District,1,0,Education,keyword_match,medium,merge_to_canonical,7001.0
81445,Coronavirus Pandemic; COVID-19; SUNY,2,7,COVID-19 Pandemic,semicolon_first_term_keyword,medium,merge_to_canonical,78756.0
81449,school reopening,5,34,Education,keyword_match,medium,merge_to_canonical,7001.0
81450,empire award,25,7,,,,delete,
81453,Investigation,11,55,,,,delete,
81454,Mask & Sanitizer Distribution,1,0,,,,delete,
81455,Mask and Sanitizer Distribution,1,2,,,,delete,
81456,Elul,2,0,,,,delete,
81457,Healthcare Workers,9,34,Health Care,keyword_match,medium,merge_to_canonical,7166.0
81458,Healthcare Heroes,6,16,Health Care,keyword_match,medium,merge_to_canonical,7166.0
8146,Brewery,5,50,,,,delete,
81460,Coronavirus; COVID-19; Hand Sanitizer; COVID-19 Testing,1,2,COVID-19 Pandemic,semicolon_first_term_seed,high,merge_to_canonical,78756.0
81461,Heroism,7,10,,,,delete,
81462,MTA Funding; West of Hudson; NJ Transit; Rockland County,2,4,MTA,semicolon_first_term_keyword,medium,merge_to_canonical,9222.0
81463,Hot Cars; Vehicle Safety; Child Safety,1,4,,,,delete,
81465,Vehicle Safety; Hot Car Deaths; Child Safety,1,1,,,,delete,
81466,Tropical Storm Isaias; Power Outages; Power Companies; Service,6,3,,,,delete,
81467,U.S. Army Corps of Engineers,2,2,,,,delete,
81468,Point Lookout,2,0,,,,delete,
81469,jetties,1,0,,,,delete,
81470,shoreline protection,1,1,,,,delete,
81471,NYS Senate Women of Distinction,3,0,Women of Distinction,keyword_match,medium,merge_to_canonical,8989.0
81472,Island Harvest,4,1,,,,delete,
81473,national banks,1,0,Finance,keyword_match,medium,merge_to_canonical,7081.0
81474,Gun Buy Back,1,33,Gun Control,keyword_match,medium,merge_to_canonical,7141.0
8151,Craft Beer,6,62,,,,delete,
81543,Trauma Informed Care; Mental Health; Substance Abuse; Essential Workers,2,18,,,,delete,
81544,sunset park,3,2,,,,delete,
81545,surcharges and fees,1,6,,,,delete,
81548,industry city rezoning,3,5,,,,delete,
81549,casinos,5,6,Gaming,keyword_match,medium,merge_to_canonical,7111.0
81550,senior programs,1,5,,,,delete,
81551,Johnson Fire Department,1,0,,,,delete,
81552,Suicide Prevention; COVID-19; Mental Health,3,14,Mental Health,semicolon_first_term_keyword,medium,merge_to_canonical,7346.0
81556,Village of Wallkill,1,0,,,,delete,
81557,Shawangunk,1,6,,,,delete,
81558,outdoor dining,2,4,,,,delete,
81559,Clothing Distribution,1,4,,,,delete,
8156,Job skill training,14,105,,,,delete,
81561,Hometown Hero,7,3,,,,delete,
81562,Boards of Education,3,46,Education,keyword_match,medium,merge_to_canonical,7001.0
81565,No Citizen is Above the Law Act,6,38,,,,delete,
81566,Presidential Immunity,3,9,,,,delete,
81568,Business Interruption Insurance Bill,1,5,Insurance,keyword_match,medium,merge_to_canonical,7236.0
81570,Manufactured Home Parks,3,1,State Parks & Recreation,keyword_match,medium,merge_to_canonical,
81571,Rent Increases,5,24,Tenant Rights,keyword_match,medium,merge_to_canonical,61615.0
81572,Huguenot Estates,2,0,,,,delete,
81573,MWBE,21,32,Minority & Women-Owned Business,seed_exact,high,merge_to_canonical,
81574,NYS Senator Roxanne Persaud,1,1,,,,delete,
81575,Brooklyn Developmental Center Mixed-Use Project,1,1,,,,delete,
81576,Village of Rockville Centre,4,4,,,,delete,
81577,Memorial,6,3,,,,delete,
81578,Village of Cedarhurst,1,0,,,,delete,
81581,Pharmacies,6,12,,,,delete,
81584,9/11 Anniversary; 9/11 First Responders; September 11 Workers Protection Task Force,2,13,Public Safety,semicolon_first_term_keyword,medium,merge_to_canonical,8316.0
81588,supplies,1,1,,,,delete,
81589,drive,2,1,,,,delete,
81590,artificial reef program,1,6,,,,delete,
81591,fishermen,1,1,,,,delete,
81592,community board budgeting,1,3,,,,delete,
81593,School Funding; Education,8,34,Education,semicolon_first_term_keyword,medium,merge_to_canonical,7001.0
81594,National Voter Registration Day;,1,3,Voting Rights,semicolon_first_term_keyword,medium,merge_to_canonical,9001.0
81595,covid-19 recovery,6,39,COVID-19 Pandemic,keyword_match,medium,merge_to_canonical,78756.0
81596,financial security,1,6,,,,delete,
81597,Newsday,1,2,,,,delete,
81598,Long Island Divided,3,4,,,,delete,
81599,Implicit bias,2,12,,,,delete,
81600,WWII veteran,2,1,,,,delete,
81601,birthday,3,2,,,,delete,
81603,real estate agents,7,25,,,,delete,
81608,utility providers,2,18,Utilities,keyword_match,medium,merge_to_canonical,7686.0
81609,communications providers,1,2,,,,delete,
8161,Workforce Development,73,353,Jobs & Employment,keyword_match,medium,merge_to_canonical,7261.0
81613,Heroes,1,0,,,,delete,
81614,Honored,2,0,,,,delete,
81615,Brookhaven National Laboratory,1,1,,,,delete,
81616,Department of Energy,2,17,Energy,keyword_match,medium,merge_to_canonical,7026.0
81617,tax/water lien,1,1,Taxes,keyword_match,medium,merge_to_canonical,7626.0
81618,Community Council,3,0,,,,delete,
81620,Canarsie Pier,1,0,,,,delete,
81621,Community Board 17,1,0,,,,delete,
81623,Roadway Safety; First Responders; EMS,2,6,,,,delete,
81626,Ruth Bader Ginsburg,1,3,,,,delete,
81627,Jewish,9,8,,,,delete,
81628,Bill S6648,1,1,,,,delete,
81629,Broadband Access,28,117,Telecommunications,keyword_match,medium,merge_to_canonical,7631.0
81630,NYPD 63rd Precinct,3,1,First Responders,keyword_match,medium,merge_to_canonical,8930.0
81631,Community Hub,1,1,,,,delete,
81632,#SaveNYComedy,5,47,,,,delete,
81633,#SaveOurStages,3,53,,,,delete,
81634,Comedy Clubs,3,3,,,,delete,
81641,red cross,6,9,,,,delete,
81642,shared work,2,5,,,,delete,
81643,supporting small businesses,0,43,Small Business,keyword_match,medium,merge_to_canonical,7561.0
81644,Preserving Manufacturing and Maritime Opportunities in NYC,1,1,,,,delete,
81645,Preserving Brooklyn’s working waterfront,1,1,,,,delete,
81646,25th Senate district,0,8,,,,delete,
81647,distance learning families,1,8,Families,keyword_match,medium,merge_to_canonical,7061.0
81648,Federal Assistance,5,17,,,,delete,
81649,Aid to Localities,1,13,,,,delete,
81650,Housing; COVID-19; COVID-19 rent relief; evictions; housing crisis,1,22,Housing,semicolon_first_term_seed,high,merge_to_canonical,7201.0
81651,Housing; COVID-19; evictions; lease renegotiation; housing crisis,0,12,Housing,semicolon_first_term_seed,high,merge_to_canonical,7201.0
81652,Around the District,1,8,,,,delete,
81655,Zero Emission Vehicles,4,11,,,,delete,
8166,FDR State Park,1,10,,,,delete,
81660,Flu Shot; COVID-19,4,23,,,,delete,
81663,Coronavirus Pandemic; COVID-19; census,1,4,COVID-19 Pandemic,semicolon_first_term_keyword,medium,merge_to_canonical,78756.0
81666,greenwich village,1,2,,,,delete,
81668,Flu Shot; COVID-19; First Responders,1,0,,,,delete,
81671,Flu Shots Long Island,0,2,,,,delete,
81673,Drive Through Flu Shots,0,1,,,,delete,
81674,HEALTH; FLU; FLU SHOTS; FLUSEASON; COVID-19,1,3,Health Care,semicolon_first_term_seed,high,merge_to_canonical,7166.0
81675,Internet Safety,7,5,Technology Policy,keyword_match,medium,merge_to_canonical,
81676,Empire Wind Project,1,4,,,,delete,
81677,Maspeth,8,0,,,,delete,
81678,Cypress Hills,1,0,,,,delete,
81679,resume writing,2,3,,,,delete,
81680,interview skills,2,2,,,,delete,
81681,Queens Chamber of Commerce,1,1,Small Business,keyword_match,medium,merge_to_canonical,7561.0
81682,SAM Grant,19,17,,,,delete,
81683,Village of Hempstead,2,2,,,,delete,
81684,lease renegotiation,1,4,,,,delete,
81685,COVID-19 rent relief,1,3,COVID-19 Pandemic,keyword_match,medium,merge_to_canonical,78756.0
81689,Garden City,2,0,,,,delete,
81690,Garden City Flu Shots,1,0,,,,delete,
81691,East Meadow Fire Department,1,0,,,,delete,
81692,East Meadow,4,1,,,,delete,
81694,#HerStory,3,98,,,,delete,
81695,IRS,2,9,,,,delete,
81696,shared work program,2,4,,,,delete,
81697,nysdol,2,5,,,,delete,
81700,shard work program,1,0,,,,delete,
81704,Farmland Flood Mitigation,1,1,,,,delete,
81705,Orange County Black Dirt,2,0,,,,delete,
81706,NYS Senate Veterans' Hall of Fame,52,6,Veterans,keyword_match,medium,merge_to_canonical,7691.0
81707,Seneca Nation of Indians,2,5,,,,delete,
8171,Hudson River Valley Greenway,2,24,Environment,keyword_match,medium,merge_to_canonical,7036.0
81718,hiking,2,16,,,,delete,
81719,outdoors,3,15,,,,delete,
81720,active,0,6,,,,delete,
81721,local parks,22,41,State Parks & Recreation,keyword_match,medium,merge_to_canonical,
81722,South Shore waters,1,2,,,,delete,
81723,Bay Park Water Reclamation Facility,2,2,,,,delete,
81724,Nitrogen pollution,1,3,Environment,keyword_match,medium,merge_to_canonical,7036.0
81725,blended learning,1,3,,,,delete,
81726,virtual learning,2,7,,,,delete,
81727,PS328,1,1,,,,delete,
81728,Greenville,1,2,,,,delete,
81729,New York State Thruway Authority; cashless tolls,5,13,,,,delete,
81734,Town of Southeast,1,0,,,,delete,
8176,Grants,57,306,,,,delete,
81801,Produced in New York,1,1,,,,delete,
81802,Holiday Products,1,1,,,,delete,
81803,voter access,1,4,Voting Rights,keyword_match,medium,merge_to_canonical,9001.0
81804,polling places,3,5,,,,delete,
81806,Internet & Technology,41,118,Technology Policy,keyword_match,medium,merge_to_canonical,
81807,NYPD 61st Precinct,6,3,First Responders,keyword_match,medium,merge_to_canonical,8930.0
81808,NCO Sector A,1,0,,,,delete,
81809,NCO Sector B,1,0,,,,delete,
8181,Veterans Buyback Bill,4,44,Veterans,keyword_match,medium,merge_to_canonical,7691.0
81810,NCO Sector C,1,0,,,,delete,
81811,NCO Sector D,1,0,,,,delete,
81812,EV Infrastructure,1,7,Infrastructure,keyword_match,medium,merge_to_canonical,4521.0
81813,Organ Donation Enrollment; Organ Donation,1,1,,,,delete,
81814,Recovery,3,5,,,,delete,
81817,Rural Broadband Access,6,10,Telecommunications,keyword_match,medium,merge_to_canonical,7631.0
81818,Library Funding; Library construction,6,6,Libraries,semicolon_first_term_keyword,medium,merge_to_canonical,8131.0
81824,Canarsie Park,1,0,,,,delete,
81825,Department of Public Works,1,6,,,,delete,
81826,61st Precinct Community Council,2,5,,,,delete,
81827,Monthly Meeting,1,2,,,,delete,
81835,Library Construction,4,23,Libraries,keyword_match,medium,merge_to_canonical,8131.0
81837,Tolls; Cashless Tolling,2,3,,,,delete,
81839,state grants,6,20,,,,delete,
81842,fall 2020 newsletter,1,1,,,,delete,
81845,Fresh Creek Civic Association,1,0,,,,delete,
81846,staff,2,1,,,,delete,
81847,chief of staff,3,7,,,,delete,
81848,legislative director,1,1,,,,delete,
81849,hiring,4,8,,,,delete,
81850,Online Safety,20,3,,,,delete,
81853,Keep Rockland Beautiful,0,3,,,,delete,
81854,President Erdogan,1,0,,,,delete,
81855,US Department of State,1,5,,,,delete,
81856,Cyprus,1,0,,,,delete,
81857,Armenia,1,1,,,,delete,
81858,Varosha Beach,1,0,,,,delete,
81859,Examining The State of Our Youth,1,3,Children,keyword_match,medium,merge_to_canonical,6816.0
81860,food pantries,9,36,,,,delete,
81861,community garden,2,7,,,,delete,
81862,westchester land trust,1,5,,,,delete,
81867,Youth Initiative,1,2,Children,keyword_match,medium,merge_to_canonical,6816.0
81869,Community Council Meeting,4,2,,,,delete,
81871,#LeadFreeNY,4,107,,,,delete,
81872,feminine hygiene products,3,22,,,,delete,
81873,community work,1,4,,,,delete,
81874,Thanksgiving Day Creative Celebration,11,6,,,,delete,
81875,Mother Frances Xavier Cabrini,1,0,,,,delete,
81876,Far Rockaway,7,1,,,,delete,
81877,Victory Village,1,0,,,,delete,
81878,Rumshock Veterans Foundation,2,0,Veterans,keyword_match,medium,merge_to_canonical,7691.0
81880,capital improvements,2,2,,,,delete,
81881,new rochelle public library,1,0,Libraries,keyword_match,medium,merge_to_canonical,8131.0
81883,eastchester,1,1,,,,delete,
81884,plant pink initiative,1,0,,,,delete,
81885,Electoral College,3,23,Higher Education,keyword_match,medium,merge_to_canonical,7176.0
81891,brooklyn public library,10,5,Libraries,keyword_match,medium,merge_to_canonical,8131.0
81892,Police; Police Transparency; Police Accountability; Hempstead Village,1,8,First Responders,semicolon_first_term_seed,high,merge_to_canonical,8930.0
81893,District 42,2,1,,,,delete,
81895,NFIB,2,2,,,,delete,
81896,Taxes and Regulations,1,11,Taxes,keyword_match,medium,merge_to_canonical,7626.0
81905,LIBOR,3,5,,,,delete,
81909,Pandemic Self Storage Act,1,2,COVID-19 Pandemic,keyword_match,medium,merge_to_canonical,78756.0
8191,storm resiliency,25,85,,,,delete,
81910,NYCHA Utility Accountability Act,11,11,Ethics,keyword_match,medium,merge_to_canonical,7051.0
81911,Central Hudson,3,15,,,,delete,
81912,hispanic heritage month,6,7,,,,delete,
81913,immigrant support,1,8,Immigration,keyword_match,medium,merge_to_canonical,7221.0
81914,mamaroneck,2,0,,,,delete,
81915,National First Responders Day,1,4,First Responders,keyword_match,medium,merge_to_canonical,8930.0
81916,Greenburgh,1,1,,,,delete,
81918,Hempstead,9,6,,,,delete,
81919,NICE Bus,1,0,,,,delete,
81920,Utility Company,4,9,Utilities,keyword_match,medium,merge_to_canonical,7686.0
81921,Ardsley,2,2,,,,delete,
81922,Make Voting Easy Act,4,25,Voting Rights,keyword_match,medium,merge_to_canonical,9001.0
81923,small business local economy,0,6,Economic Development,keyword_match,medium,merge_to_canonical,6996.0
81924,face masks,2,30,,,,delete,
81925,Intimate Partner Violence,3,18,Domestic Violence,keyword_match,medium,merge_to_canonical,6971.0
81930,Vernon Tower,1,1,,,,delete,
81935,coronavirus small business,1,13,Small Business,keyword_match,medium,merge_to_canonical,7561.0
81936,pavement renewal project,2,4,,,,delete,
81937,harrison,1,2,,,,delete,
81938,north castle,1,1,,,,delete,
81941,remote learning centers,1,5,,,,delete,
81942,covid testing,6,26,COVID-19 Pandemic,keyword_match,medium,merge_to_canonical,78756.0
81943,stimulus check,1,14,,,,delete,
8196,erosion control,2,30,,,,delete,
82000,Charitable Gaming Act,2,1,Gaming,keyword_match,medium,merge_to_canonical,7111.0
82001,raffles,1,0,,,,delete,
82007,Mario Cuomo Bridge,0,2,,,,delete,
82008,cluster action initiative,1,0,,,,delete,
82009,yellow zone,1,0,,,,delete,
8201,inland waterways,5,47,,,,delete,
82010,Governor Mario M. Cuomo Bridge,2,9,,,,delete,
82011,public access,1,7,,,,delete,
82012,Honoring our Veterans,6,20,Veterans,keyword_match,medium,merge_to_canonical,7691.0
82013,Kamala Harris; Women's History,0,3,,,,delete,
82014,Biden-Harris Win; History,1,7,,,,delete,
82015,Election 2020,1,14,Elections,keyword_match,medium,merge_to_canonical,7011.0
82016,2020 Veterans Hall of Fame; New York State Veterans Hall of Fame,0,7,Veterans,semicolon_first_term_keyword,medium,merge_to_canonical,7691.0
82017,prescriptions,1,2,,,,delete,
82018,Tis the Season,1,0,,,,delete,
82020,United Veterans Beacon House,1,2,Veterans,keyword_match,medium,merge_to_canonical,7691.0
82021,Office of Administrative Trials and Hearings,2,8,,,,delete,
82024,volunteer emergency services,3,9,,,,delete,
82025,Bay Park Conveyance Project,4,2,,,,delete,
82028,Memorial Highway,3,3,Transportation,keyword_match,medium,merge_to_canonical,7656.0
82031,Mobile Cancer Screening,2,0,Health Care,keyword_match,medium,merge_to_canonical,7166.0
82032,Cancer Services Program of the Central Region,1,1,Health Care,keyword_match,medium,merge_to_canonical,7166.0
82035,878 Project,1,2,,,,delete,
82036,Traffic issues,1,3,,,,delete,
82037,Traffic Flow,3,3,,,,delete,
82038,Coronavirus Pandemic; COVID-19; COVID-19 Testing,4,34,COVID-19 Pandemic,semicolon_first_term_keyword,medium,merge_to_canonical,78756.0
82039,Oceanside Sanitation,5,5,,,,delete,
82040,NYAW,9,9,,,,delete,
82043,hampshire country club,1,0,,,,delete,
82049,College Admissions,6,5,Higher Education,keyword_match,medium,merge_to_canonical,7176.0
82050,SAT exam,1,2,,,,delete,
82051,College Board,1,4,Higher Education,keyword_match,medium,merge_to_canonical,7176.0
82052,The Future Of  Senate,16,31,,,,delete,
82053,bee-line,1,1,,,,delete,
82054,bus drivers,1,4,,,,delete,
82055,honoring heroes,4,9,,,,delete,
82056,NYSEG Rate Case,2,6,Utilities,keyword_match,medium,merge_to_canonical,7686.0
82057,Accelerated Renewable Energy Growth and Community Benefit Act,1,38,Renewable Energy,keyword_match,medium,merge_to_canonical,7511.0
8206,Upstate casinos gaming,5,43,Gaming,keyword_match,medium,merge_to_canonical,7111.0
82061,Government Plaza Thanksgiving Food Challange,2,3,,,,delete,
82062,Supermajority,2,4,,,,delete,
82063,2021,6,32,,,,delete,
82064,ALS; Yonkers,1,1,,,,delete,
82065,soil and water conservation,2,10,Environment,keyword_match,medium,merge_to_canonical,7036.0
82066,Kamala Harris; Women's History; 2020 Election,1,2,,,,delete,
82067,2020 Election; Supermajority,2,12,Elections,semicolon_first_term_keyword,medium,merge_to_canonical,7011.0
82068,digital divide,7,29,,,,delete,
82069,e-learn,1,5,,,,delete,
82070,Thanksgiving; Giving Back,5,3,,,,delete,
82071,Thanksgiving; Giving Back; Yonkers; Greenburgh; New Rochelle,2,1,,,,delete,
82072,Small Businesses; Nassau County,1,1,Small Business,semicolon_first_term_keyword,medium,merge_to_canonical,7561.0
82073,Safety Upgrades,1,4,,,,delete,
82077,Government & Community Relations,1,9,,,,delete,
82078,Phipps Houses,1,1,,,,delete,
82079,Third Track,2,1,,,,delete,
82083,MTA fare hike,4,9,MTA,keyword_match,medium,merge_to_canonical,9222.0
82086,Honor our Heroes,2,6,,,,delete,
82087,Chwatsky Jewish Veterans Post 717,1,1,Veterans,keyword_match,medium,merge_to_canonical,7691.0
82088,living room spread,1,8,,,,delete,
8211,Narcan,14,56,,,,delete,
82120,holiday shopping,3,1,,,,delete,
82121,Senate Majority,9,42,,,,delete,
82122,Madam Leader,1,0,,,,delete,
82123,Andrea Stewart-Cousins,2,12,,,,delete,
82124,Senator Paul Sarbanes,1,2,,,,delete,
82125,Greek diaspora,1,0,,,,delete,
82126,2021 Legislative Session,29,310,,,,delete,
82127,Safety Protocols,1,16,,,,delete,
82128,Child Poverty,20,20,,,,delete,
82129,coat drive,8,11,,,,delete,
82130,Pearl Harbor Day,3,1,,,,delete,
82133,Coronavirus Pandemic; Small Business; Minimum Wage,2,22,COVID-19 Pandemic,semicolon_first_term_keyword,medium,merge_to_canonical,78756.0
82134,Sammy's Law,4,10,,,,delete,
82135,public open space,3,15,,,,delete,
82136,orange zone,2,5,,,,delete,
82137,micro-cluster strategy,3,9,,,,delete,
82138,ribbons of remembrance,1,2,,,,delete,
82141,Long Island Snow Storm,1,1,,,,delete,
82142,snow storm ny,1,5,,,,delete,
82143,snow storm long island,1,0,,,,delete,
82144,Land Trust Alliance,1,1,,,,delete,
82145,phhpc,1,1,,,,delete,
82146,Public Health and Health Planning Council,1,8,Health Care,keyword_match,medium,merge_to_canonical,7166.0
82147,Groundwater Study,1,8,,,,delete,
82148,Long Island’s water quality,3,9,Clean Water,keyword_match,medium,merge_to_canonical,9026.0
82149,mine sites,1,2,,,,delete,
82150,Empire Award; SD35;  Small Businesses,2,2,,,,delete,
82151,vaccine distribution,5,53,Health Care,keyword_match,medium,merge_to_canonical,7166.0
82152,New York NOW,1,3,,,,delete,
82153,U.S.Presidential Scholar; White Plains High School,1,1,,,,delete,
82154,State Charges,1,2,,,,delete,
82155,CARES Funding,3,9,,,,delete,
82156,Coronavirus Pandemic; COVID-19; Relief; Congress,1,8,COVID-19 Pandemic,semicolon_first_term_keyword,medium,merge_to_canonical,78756.0
82157,Prison Closures,12,40,Criminal Justice Reform,keyword_match,medium,merge_to_canonical,8546.0
82159,Long Island Water,1,1,,,,delete,
8216,bullet aid,11,22,,,,delete,
82160,Angel Project; SD35; Giving Back,4,4,,,,delete,
82161,CANA,1,0,,,,delete,
82162,Correctional Facility Closures,8,16,Criminal Justice Reform,keyword_match,medium,merge_to_canonical,8546.0
82163,Gowanda Correctional Facility,3,9,Criminal Justice Reform,keyword_match,medium,merge_to_canonical,8546.0
82164,Coronvirus vaccine,2,39,Health Care,keyword_match,medium,merge_to_canonical,7166.0
82165,Protecting Children and Families,5,15,Families,keyword_match,medium,merge_to_canonical,7061.0
82166,Central Park 5,4,0,,,,delete,
82167,Maternal and Infant Health,13,51,Health Care,keyword_match,medium,merge_to_canonical,7166.0
82168,Access to Pre Natal Care,1,24,,,,delete,
82169,Community and Economic Empowerment,2,24,,,,delete,
82171,Bedford Stuyvesant Housing Plan,1,4,Housing,keyword_match,medium,merge_to_canonical,7201.0
82172,HPD,2,1,,,,delete,
82173,Bedford-Stuyvesant Housing Initiative,1,4,Housing,keyword_match,medium,merge_to_canonical,7201.0
82174,Community Empowerment and Planning,1,3,,,,delete,
82175,predatory equity,1,3,,,,delete,
82176,April's Law,2,10,,,,delete,
82177,Keeping Families Together,5,19,Families,keyword_match,medium,merge_to_canonical,7061.0
82178,Emergency Eviction,1,16,Tenant Rights,keyword_match,medium,merge_to_canonical,61615.0
82179,Foreclosure Prevention Act,1,13,Housing,keyword_match,medium,merge_to_canonical,7201.0
82181,COVID-19 Eviction and Foreclosure Prevention Act,6,23,Housing,keyword_match,medium,merge_to_canonical,7201.0
82182,Foreclosure Moratorium,6,34,Housing,keyword_match,medium,merge_to_canonical,7201.0
82183,COVID-19 Emergency Eviction and Foreclosure Prevention Act,15,149,Housing,keyword_match,medium,merge_to_canonical,7201.0
82184,Moynihan Project,2,1,,,,delete,
82190,#EndEvictions,1,233,Tenant Rights,keyword_match,medium,merge_to_canonical,61615.0
82205,Housing; COVID-19; evictions; housing crisis; foreclosures,2,54,Housing,semicolon_first_term_seed,high,merge_to_canonical,7201.0
82206,residential tenants' rights,2,18,Housing,keyword_match,medium,merge_to_canonical,7201.0
82207,resources for tenants,2,18,Housing,keyword_match,medium,merge_to_canonical,7201.0
8221,Local roads bridges transportation,73,271,Transportation,keyword_match,medium,merge_to_canonical,7656.0
8226,Opiates,3,47,,,,delete,
8231,Addiction,24,264,Opioid & Substance Use,keyword_match,medium,merge_to_canonical,
82332,Senate District,3,40,,,,delete,
82334,Commercial Eviction Moratorium,14,31,Tenant Rights,keyword_match,medium,merge_to_canonical,61615.0
82335,Commercial Foreclosure Moratorium,9,19,Housing,keyword_match,medium,merge_to_canonical,7201.0
82336,Proximity Bill (April's Law),2,10,,,,delete,
82337,interrogations,1,11,,,,delete,
82338,wrongful convictions,2,35,,,,delete,
82339,innocence,1,12,,,,delete,
82344,Vaccination,7,86,Health Care,keyword_match,medium,merge_to_canonical,7166.0
82345,A.416,1,56,,,,delete,
82352,Clean Drinking Water;1,0,7,Clean Water,semicolon_first_term_keyword,medium,merge_to_canonical,9026.0
82353,4-Dioxane; Environmental Protection,1,36,,,,delete,
82355,Holocaust Council,1,2,,,,delete,
82357,Clean Drinking Water; Environmental Protection,19,115,Clean Water,semicolon_first_term_keyword,medium,merge_to_canonical,9026.0
8236,Localities roads bridges transportation,3,42,Transportation,keyword_match,medium,merge_to_canonical,7656.0
82380,overtime,2,6,,,,delete,
82407,Senate Committees,8,32,,,,delete,
8241,Commerce,89,208,Small Business,keyword_match,medium,merge_to_canonical,7561.0
8246,NYCHA,80,175,,,,delete,
82482,Blueprint for Change: Transformation Plan,1,11,,,,delete,
8251,sidewalks,9,30,,,,delete,
8256,security,16,92,,,,delete,
82562,Economic Recovery; Legislative Priorities,3,7,,,,delete,
82599,Reset New York,5,30,,,,delete,
82600,Infrastructure Investment,2,11,Infrastructure,keyword_match,medium,merge_to_canonical,4521.0
82601,S9114,1,0,,,,delete,
82602,Donate Blood,9,2,,,,delete,
8261,flu,4,32,,,,delete,
82631,Senator Mario Mattera,1,6,,,,delete,
82646,2021 Legislative Session; Committee Announcements,3,19,,,,delete,
82647,Senate Committee Chairs,5,10,,,,delete,
82651,Agriculture Chair,2,11,Agriculture,keyword_match,medium,merge_to_canonical,6716.0
82659,Reset NY,2,2,,,,delete,
8266,Economic development jobs,16,96,Economic Development,keyword_match,medium,merge_to_canonical,6996.0
82662,2021 Legislative Session; Opening Remarks;,1,11,,,,delete,
8271,Great Lakes,10,60,,,,delete,
82726,Refugee Policy,3,15,Immigration,keyword_match,medium,merge_to_canonical,7221.0
82727,Century 21,1,1,,,,delete,
82728,Coronavirus Pandemic; COVID-19; Vaccine Distribution,22,123,COVID-19 Pandemic,semicolon_first_term_keyword,medium,merge_to_canonical,78756.0
82742,Standing Committee,1,6,,,,delete,
82756,Sen. Kaplan's Inauguration,1,3,,,,delete,
82757,New York State Senate January 5,1,4,,,,delete,
8276,GEA,4,17,,,,delete,
82801,Insurrection,4,26,,,,delete,
8281,schools,127,976,Education,seed_exact,high,merge_to_canonical,7001.0
82816,Capitol Assault,3,10,,,,delete,
82817,website,1,1,,,,delete,
82819,new session,1,5,,,,delete,
82821,Legalization,2,17,,,,delete,
82849,Neighborhood Settlement Houses,1,3,,,,delete,
82850,Homeless services,3,22,Homelessness,keyword_match,medium,merge_to_canonical,10068.0
8286,Common Core,6,207,Education,keyword_match,medium,merge_to_canonical,7001.0
8291,Child Abuse,49,269,Children,keyword_match,medium,merge_to_canonical,6816.0
82952,plastic,2,16,,,,delete,
82953,cardboard,2,4,,,,delete,
82954,paper,1,1,,,,delete,
82955,vaccine,4,61,Health Care,keyword_match,medium,merge_to_canonical,7166.0
8306,Women's Equality Agenda,11,159,Women's Rights,keyword_match,medium,merge_to_canonical,9128.0
83114,Kingston District Office,1,1,,,,delete,
8316,Public Safety,496,1872,Public Safety,seed_exact,high,already_canonical,8316.0
83182,2021 State of the State,4,25,,,,delete,
83183,Revenue Raisers,1,0,,,,delete,
83187,Coronavirus Pandemic; COVID-19; testing; state of the state,1,5,COVID-19 Pandemic,semicolon_first_term_keyword,medium,merge_to_canonical,78756.0
8321,law enforcement,173,1079,First Responders,seed_exact,high,merge_to_canonical,8930.0
8326,Assemblymember Millman,1,10,,,,delete,
83269,sedition,1,4,,,,delete,
8331,Resolution,8,17,,,,delete,
83320,committee,1,5,,,,delete,
83350,Governor's Emergency Powers,15,98,,,,delete,
8336,Lyme Disease,45,166,Lyme & Tick-Borne Diseases,keyword_match,medium,merge_to_canonical,
83388,Green Amendment,1,11,,,,delete,
83401,youth hockey,2,2,Children,keyword_match,medium,merge_to_canonical,6816.0
8341,Child safety,96,377,Public Safety,keyword_match,medium,merge_to_canonical,8316.0
83419,Oyster Bay,1,0,,,,delete,
83470,Kingston POD Site,1,0,,,,delete,
83471,Ice Hockey,3,8,,,,delete,
83472,Long Island Economy,4,10,Economic Development,keyword_match,medium,merge_to_canonical,6996.0
83473,covid relief,7,35,COVID-19 Pandemic,keyword_match,medium,merge_to_canonical,78756.0
83474,renters,2,11,,,,delete,
83475,support for small businesses,1,10,Small Business,keyword_match,medium,merge_to_canonical,7561.0
83476,hand sanitizer,1,1,,,,delete,
83477,dr. lester young,1,0,,,,delete,
83478,Coronavirus Pandemic; COVID-19; State of the State Address,2,15,COVID-19 Pandemic,semicolon_first_term_keyword,medium,merge_to_canonical,78756.0
83479,Coronavirus Pandemic; COVID-19; Entertainment; Tourism; State of the State,2,11,COVID-19 Pandemic,semicolon_first_term_keyword,medium,merge_to_canonical,78756.0
83480,2021 Legislative Survey,4,36,,,,delete,
83491,Green Economy,1,8,Economic Development,keyword_match,medium,merge_to_canonical,6996.0
8351,computer science,7,75,,,,delete,
83521,Serino Superstars,2,1,,,,delete,
8356,food processing industry,1,44,,,,delete,
83603,mlk day of service,3,4,,,,delete,
8361,New York City Council,4,41,,,,delete,
8366,Affordable Housing,380,1849,Housing,seed_exact,high,merge_to_canonical,7201.0
8371,Illegal Hotels,5,24,,,,delete,
83722,PSEG Long Island; Consumer Protection; Disaster Preparedness; Tropical Storm Isaias; Power Outages,7,14,,,,delete,
8376,Preferential Rent,6,43,Tenant Rights,keyword_match,medium,merge_to_canonical,61615.0
8381,industry,2,18,,,,delete,
8386,Farming,59,230,Agriculture,keyword_match,medium,merge_to_canonical,6716.0
8391,vietnam veterans of america,30,61,Veterans,keyword_match,medium,merge_to_canonical,7691.0
83924,Capitol Riots,1,7,,,,delete,
83925,East Rockaway,4,1,,,,delete,
83926,high school sports,11,13,Education,keyword_match,medium,merge_to_canonical,7001.0
83947,Adult Day Care Facilities,1,6,Child Care,keyword_match,medium,merge_to_canonical,9530.0
83948,Fare Hike,4,2,,,,delete,
8396,agriculture economy,68,271,Economic Development,keyword_match,medium,merge_to_canonical,6996.0
83970,MLK Weekend,2,1,,,,delete,
83971,2021 Executive Budget,2,13,Budget,keyword_match,medium,merge_to_canonical,6786.0
83972,food bank,1,11,,,,delete,
83973,Woodside Houses,3,0,,,,delete,
83974,COVID-19 Emergency Protect Our Small Business Act,2,13,Small Business,keyword_match,medium,merge_to_canonical,7561.0
83975,Third-Party Delivery Fees,1,5,,,,delete,
83977,2021 Executive Budget Proposal,5,40,Budget,keyword_match,medium,merge_to_canonical,6786.0
83988,Employers,1,6,,,,delete,
8401,Synthetic Cannabinoids,12,57,,,,delete,
8406,public health,124,871,Health Care,seed_exact,high,merge_to_canonical,7166.0
84072,commercial rent,2,15,Tenant Rights,keyword_match,medium,merge_to_canonical,61615.0
84073,small business relief,1,36,Small Business,keyword_match,medium,merge_to_canonical,7561.0
84074,universal pre-k,20,22,,,,delete,
84075,compensatory education,1,12,Education,keyword_match,medium,merge_to_canonical,7001.0
84101,Coronavirus Pandemic; COVID-19; Vaccine Registration,1,22,COVID-19 Pandemic,semicolon_first_term_keyword,medium,merge_to_canonical,78756.0
84102,Covid Vaccine,13,122,Health Care,keyword_match,medium,merge_to_canonical,7166.0
8411,marine captain eric a jones,1,4,,,,delete,
84137,long island sports,1,3,,,,delete,
84138,#SaveTheChildren,1,182,,,,delete,
84150,Honoring Law Enforcement Officer,3,4,First Responders,keyword_match,medium,merge_to_canonical,8930.0
84151,New York City Police Detective Steven McDonald,1,1,First Responders,keyword_match,medium,merge_to_canonical,8930.0
84157,State School Aid,3,7,Education,keyword_match,medium,merge_to_canonical,7001.0
84158,Budget Package,1,8,Budget,keyword_match,medium,merge_to_canonical,6786.0
84159,COVID-19 Vaccine,18,140,Health Care,keyword_match,medium,merge_to_canonical,7166.0
8416,jobs,66,362,Jobs & Employment,keyword_match,medium,merge_to_canonical,7261.0
8421,costco,1,19,,,,delete,
84246,Palliative Care,1,8,,,,delete,
84247,Hospice,3,8,,,,delete,
84259,New  York State Budget; Lyme and tick-borne diseases,1,12,Budget,semicolon_first_term_keyword,medium,merge_to_canonical,6786.0
8426,yorktown IDA,2,6,,,,delete,
84260,Combating COVID-19 and Protecting New Yorkers; Vaccine Rollout; Public Health,6,66,COVID-19 Pandemic,semicolon_first_term_keyword,medium,merge_to_canonical,78756.0
84261,Go Bills!,1,6,,,,delete,
84290,memory screenings,1,2,,,,delete,
84291,farms,5,26,,,,delete,
84308,In Memoriam; Greenburgh,1,1,,,,delete,
8431,Paid Family Leave,29,242,Labor,keyword_match,medium,merge_to_canonical,7286.0
84325,Restaurant & Hospitality,2,8,Health Care,keyword_match,medium,merge_to_canonical,7166.0
84328,Coronavirus Pandemic; COVID-19; Restaurants; Hospitality Industry,10,42,COVID-19 Pandemic,semicolon_first_term_keyword,medium,merge_to_canonical,78756.0
84335,Coronavirus Pandemic; COVID-19; Middle Class Tax Credit and Relief,1,16,COVID-19 Pandemic,semicolon_first_term_keyword,medium,merge_to_canonical,78756.0
8436,Kalief's Law; op-ed; criminal justice; speedy trial,0,17,,,,delete,
84361,Reset New York. Restaurant & Hospitality,3,10,Health Care,keyword_match,medium,merge_to_canonical,7166.0
84396,Party Nominations and Designations,1,5,,,,delete,
84397,2021-2022 Executive Proposal,2,14,,,,delete,
8441,Tourist Helicopters; Stop The Chop; Downtown Manhattan Heliport; Helicopter Noise,2,5,,,,delete,
84427,housing reform,2,29,Housing,keyword_match,medium,merge_to_canonical,7201.0
84429,Coronavirus Pandemic; COVID-19; Vaccine,2,27,COVID-19 Pandemic,semicolon_first_term_keyword,medium,merge_to_canonical,78756.0
84435,421-a,4,15,,,,delete,
84436,Tax breaks,6,37,Taxes,keyword_match,medium,merge_to_canonical,7626.0
84447,Real Estate Brokers,9,34,,,,delete,
8446,Kalief's Law,15,73,,,,delete,
84469,Restaurants and Hospitality,1,6,Health Care,keyword_match,medium,merge_to_canonical,7166.0
84478,Fair Housing; Consumer Protection; Civil Rights; Fighting Racism; Long Island,3,46,Housing,semicolon_first_term_keyword,medium,merge_to_canonical,7201.0
84479,Coronavirus Pandemic. COVID-19. Vaccinations,20,184,Health Care,keyword_match,medium,merge_to_canonical,7166.0
84480,Racial Equity,7,44,,,,delete,
84481,vaccine eligibility,4,33,Health Care,keyword_match,medium,merge_to_canonical,7166.0
84482,agriculture workers,1,13,Agriculture,keyword_match,medium,merge_to_canonical,6716.0
8451,op-ed,3,12,,,,delete,
8456,criminal justice,166,1013,Criminal Justice Reform,seed_exact,high,merge_to_canonical,8546.0
84578,NYS Health Department,2,10,Health Care,keyword_match,medium,merge_to_canonical,7166.0
8461,speedy trial,13,59,,,,delete,
8466,GENDA,25,71,,,,delete,
84661,Disabilities,83,299,Disability Rights,keyword_match,medium,merge_to_canonical,75029.0
84701,Restaurants & Hospitality,3,14,Health Care,keyword_match,medium,merge_to_canonical,7166.0
8471,LGBTQ,54,413,LGBTQ+ Rights,keyword_match,medium,merge_to_canonical,
84729,Property Tax Extension,1,2,Taxes,keyword_match,medium,merge_to_canonical,7626.0
8476,Non-Discrimination,12,91,Civil Rights,keyword_match,medium,merge_to_canonical,6831.0
84771,higher risk sports,1,4,,,,delete,
84772,vaccine availability,1,19,Health Care,keyword_match,medium,merge_to_canonical,7166.0
8481,Gender Expression Non-Discrimination Act,11,154,Civil Rights,keyword_match,medium,merge_to_canonical,6831.0
8486,Tourist Helicopters,2,6,,,,delete,
8491,Stop the Chop,5,7,,,,delete,
8496,Helicopter Noise,7,13,,,,delete,
8501,Downtown Manhattan Heliport,3,3,,,,delete,
8506,Resource Guide,5,59,,,,delete,
85075,STAFFING,3,3,,,,delete,
8511,Senior Resource Guide,5,51,,,,delete,
85126,Housing Stability Relief Fund,5,18,Housing,keyword_match,medium,merge_to_canonical,7201.0
8516,Travel,8,35,,,,delete,
85187,senior community,3,4,,,,delete,
8521,Manhattan,13,35,,,,delete,
8526,Resiliency,25,50,,,,delete,
85262,Earned Income Tax Credit,4,2,Taxes,keyword_match,medium,merge_to_canonical,7626.0
85269,Healthcare equity,1,17,Health Care,keyword_match,medium,merge_to_canonical,7166.0
85270,Underserved Communities,2,12,,,,delete,
8531,Parents,6,86,,,,delete,
85316,Prohibit the Use of Chemical Agents,1,4,,,,delete,
85318,cyberbullying,5,22,,,,delete,
8536,Parent Resource Guide,3,51,,,,delete,
8541,Fantasy Sports,2,26,,,,delete,
85436,Health Equity,133,1325,Health Equity,seed_exact,high,already_canonical,85436.0
85437,hurley new york,1,1,,,,delete,
8546,Criminal Justice Reform,261,1867,Criminal Justice Reform,seed_exact,high,already_canonical,8546.0
8551,Speedy Trials,2,17,,,,delete,
85540,Cultural Diversity. Education,4,36,Education,keyword_match,medium,merge_to_canonical,7001.0
8556,Parks Equity,3,18,State Parks & Recreation,keyword_match,medium,merge_to_canonical,
85565,Middle Class Taxes,9,101,Taxes,keyword_match,medium,merge_to_canonical,7626.0
85569,Coronavirus Pandemic. COVID-19. Vaccinations. sex offenders,0,10,Health Care,keyword_match,medium,merge_to_canonical,7166.0
85581,Firearm,3,62,,,,delete,
85582,Crossbow,2,18,,,,delete,
85590,montefiore,1,1,,,,delete,
85591,unitedhealthcare,1,10,Health Care,keyword_match,medium,merge_to_canonical,7166.0
85603,Procurement And Contracts,26,58,,,,delete,
85605,entrance exams,1,3,,,,delete,
8561,Neighborhood Parks Alliance,4,20,State Parks & Recreation,keyword_match,medium,merge_to_canonical,
85610,virtual office hours,1,5,,,,delete,
8566,War on Women,4,75,,,,delete,
8571,Clean Energy,62,520,Renewable Energy,keyword_match,medium,merge_to_canonical,7511.0
8576,bus,2,28,,,,delete,
85762,Landlord Hardship Fund,4,20,,,,delete,
8581,town hall,63,231,,,,delete,
8586,community convention,9,35,,,,delete,
8591,Divestment,8,29,,,,delete,
8596,state aid,13,89,,,,delete,
8601,Community Involvement,68,199,,,,delete,
8606,Coal,4,49,,,,delete,
86099,listening tour,6,2,,,,delete,
86100,agribusiness,4,13,,,,delete,
8611,Building Service Workers,2,17,,,,delete,
8616,Introduction 3758,1,2,,,,delete,
86175,educational equity,2,24,,,,delete,
86178,Real Estate Industry,17,62,,,,delete,
86179,personal hygiene drive,1,2,,,,delete,
86189,Fighting Racism,16,45,Civil Rights,keyword_match,medium,merge_to_canonical,6831.0
86200,Double Jeopardy Loophole,4,8,,,,delete,
8621,Worker Protection,12,95,,,,delete,
86217,DV support services,1,3,,,,delete,
86218,mobile technology funding,1,7,Technology Policy,keyword_match,medium,merge_to_canonical,
86219,LGBTQ Equality; Trans Rights; Police Reforms,1,42,LGBTQ+ Rights,semicolon_first_term_keyword,medium,merge_to_canonical,
86242,Safe Water Infrastructure Action Program,1,5,Infrastructure,keyword_match,medium,merge_to_canonical,4521.0
86249,Recall; Elections,1,12,,,,delete,
8626,City Council Legislation,1,43,,,,delete,
86285,Regent Candidate,4,8,,,,delete,
86286,Upstate Agenda,5,25,,,,delete,
86287,Tuition Assistance Program (TAP),6,15,Higher Education,keyword_match,medium,merge_to_canonical,7176.0
86288,Affordable Water,6,20,,,,delete,
86289,Extended Producer Responsibility,8,13,,,,delete,
86294,Black Power & Politics,1,11,,,,delete,
86297,Romance Scams,4,6,,,,delete,
86298,Valentine's Day,10,6,,,,delete,
86306,Puppy Mill Pipeline,17,64,Animal Welfare,keyword_match,medium,merge_to_canonical,9462.0
86307,COVID-19 Vaccine Long Island,3,42,Health Care,keyword_match,medium,merge_to_canonical,7166.0
8631,Thanksgiving,38,40,,,,delete,
86312,COVID-19 Emergency Rental Assistance Program,21,61,COVID-19 Pandemic,keyword_match,medium,merge_to_canonical,78756.0
86314,2021 State Budget,4,39,Budget,keyword_match,medium,merge_to_canonical,6786.0
86315,Rochester,72,43,,,,delete,
86316,Cities 2 Committee,7,7,Local Government,keyword_match,medium,merge_to_canonical,7326.0
86317,Student Town Hall Meeting,2,2,Education,keyword_match,medium,merge_to_canonical,7001.0
86326,NYC Transit,6,26,,,,delete,
86351,2021 valentines for seniors,1,7,Seniors,keyword_match,medium,merge_to_canonical,7546.0
8636,art,24,135,,,,delete,
8641,Hudson River Park,6,14,Environment,keyword_match,medium,merge_to_canonical,7036.0
86423,Nursing Home Deaths,8,31,Health Care,keyword_match,medium,merge_to_canonical,7166.0
8646,Parks,78,375,State Parks & Recreation,keyword_match,medium,merge_to_canonical,
86484,combating misinformation,33,115,,,,delete,
86491,Senator Michelle Hinchey,1,1,,,,delete,
86494,Emergency Communications Funding,3,2,,,,delete,
8651,Pier 40,2,4,,,,delete,
86517,Coronvirus pandemic; Governor's extraordinary powers,3,10,COVID-19 Pandemic,semicolon_first_term_keyword,medium,merge_to_canonical,78756.0
86518,Rego Park,2,0,,,,delete,
8656,St. John’s Terminal,1,3,,,,delete,
86569,e-rate,1,2,,,,delete,
86570,home internet access,2,15,Telecommunications,keyword_match,medium,merge_to_canonical,7631.0
86571,BPHA,4,4,,,,delete,
8661,Constituent Service,42,93,,,,delete,
86640,Queens defenders,2,1,,,,delete,
86641,Labor Rights,5,16,Labor,keyword_match,medium,merge_to_canonical,7286.0
86642,Public defenders,3,9,,,,delete,
86643,ALAA,2,1,,,,delete,
8666,Career Fair,13,66,,,,delete,
86663,BlueCross BlueShield,1,7,,,,delete,
86671,elementary school,4,8,Education,keyword_match,medium,merge_to_canonical,7001.0
86681,Vaccinations; Yonkers; SD35,0,3,Health Care,semicolon_first_term_keyword,medium,merge_to_canonical,7166.0
86684,Dr. Ahmad Jaber,1,1,,,,delete,
86685,ND4C,2,1,,,,delete,
86686,New Deal for CUNY,8,9,Higher Education,keyword_match,medium,merge_to_canonical,7176.0
86687,Online COVID-19 Memorial,1,1,COVID-19 Pandemic,keyword_match,medium,merge_to_canonical,78756.0
86692,Public Workers,1,6,,,,delete,
86695,Living Wills,1,8,,,,delete,
86696,Health Care Proxies,1,10,Health Care,keyword_match,medium,merge_to_canonical,7166.0
86697,Advance Directives,1,10,,,,delete,
86698,Local Law 97,3,7,,,,delete,
86699,Climate Mobilization Act,2,23,,,,delete,
8671,LLC Loophole,22,112,,,,delete,
86720,scotus,11,26,,,,delete,
86721,Black History Month Celebration; SD35,2,2,,,,delete,
86752,emergency powers,10,28,,,,delete,
8676,Campaign Finance Reform,46,399,Finance,keyword_match,medium,merge_to_canonical,7081.0
86792,Vaccination Sites,3,15,Health Care,keyword_match,medium,merge_to_canonical,7166.0
86793,family visitation,2,39,,,,delete,
86799,Atlantic Beach Bridge,1,0,,,,delete,
86802,Storm Response and Preparation,3,14,,,,delete,
86806,Trump Tax Bill,4,15,Taxes,keyword_match,medium,merge_to_canonical,7626.0
8681,Good Government,48,233,Ethics,keyword_match,medium,merge_to_canonical,7051.0
86820,long term care facilities,1,9,,,,delete,
86853,PSC Reform,9,11,,,,delete,
86854,Daniel's Law,10,29,,,,delete,
86855,emergency storm response,13,38,,,,delete,
86856,New York Conference of Italian-American Legislators; Scholarships,11,13,,,,delete,
86857,Citizen's Arrest,5,16,,,,delete,
86858,Ahmaud Arbery,5,6,,,,delete,
8686,Albany Reform,17,266,Ethics,keyword_match,medium,merge_to_canonical,7051.0
86875,Lemon Law,2,14,,,,delete,
86877,Legislative Legacy Award; Senator Montgomery,1,0,,,,delete,
86890,Legislative Legacy Award,1,1,,,,delete,
86907,Personal Liability Leases,1,2,,,,delete,
8691,Local economy,26,174,Economic Development,keyword_match,medium,merge_to_canonical,6996.0
86910,stock,2,6,,,,delete,
86914,Town Hall Event,15,20,,,,delete,
8696,Elder Abuse,30,110,Seniors,keyword_match,medium,merge_to_canonical,7546.0
8701,Ethics Reform,120,829,Ethics,seed_exact,high,merge_to_canonical,7051.0
87014,Faith Leaders Roundtable,5,8,,,,delete,
87015,health parities,0,7,Health Care,keyword_match,medium,merge_to_canonical,7166.0
87017,Governor Andrew Cuomo; Sexual Harassment,6,31,,,,delete,
87018,Sexual Harrassment,4,22,,,,delete,
87019,rapid testing site,1,3,,,,delete,
87020,kingston,3,6,,,,delete,
87053,and Asian Caucus (BPHA),0,3,,,,delete,
87058,anti-asian american violence,8,37,,,,delete,
8706,Corruption,53,504,Ethics,keyword_match,medium,merge_to_canonical,7051.0
87060,Sex Offender Loophole,1,9,Criminal Justice Reform,keyword_match,medium,merge_to_canonical,8546.0
87062,Safety Standards & Support Workforce,1,6,Jobs & Employment,keyword_match,medium,merge_to_canonical,7261.0
87096,special education school,1,13,Education,keyword_match,medium,merge_to_canonical,7001.0
87097,private special education schools,1,10,Education,keyword_match,medium,merge_to_canonical,7001.0
87101,Vernon Jordan,1,3,,,,delete,
8711,Pay-to-Play,4,25,,,,delete,
87128,Medical Society of New York,1,7,,,,delete,
8716,Innovation,9,58,,,,delete,
87162,Emergency Powers of the Governor,15,68,,,,delete,
87163,Concurrent Resolution,1,2,,,,delete,
87164,Housing Our Neighbors With Dignity Act,12,60,Housing,keyword_match,medium,merge_to_canonical,7201.0
87165,Hotel Conversions,15,27,,,,delete,
87187,Maternal and Reproductive Health,5,47,Health Care,keyword_match,medium,merge_to_canonical,7166.0
87189,mortgage and tax foreclosure moratorium,1,8,Taxes,keyword_match,medium,merge_to_canonical,7626.0
87202,Maternal Health,69,368,Health Care,keyword_match,medium,merge_to_canonical,7166.0
87203,Preeclampsia,2,1,,,,delete,
8721,Brooklyn,69,242,,,,delete,
87216,Coronavirus Pandemic; COVID-19: Governor; Extraordinary Powers,12,43,COVID-19 Pandemic,semicolon_first_term_keyword,medium,merge_to_canonical,78756.0
87217,NYS Constitution,1,12,,,,delete,
8726,Neighborhood Issues,18,82,,,,delete,
87260,Cities 1,35,32,Local Government,keyword_match,medium,merge_to_canonical,7326.0
87261,Read Across America Month,1,3,,,,delete,
87262,Nourish New York,1,7,,,,delete,
87263,Rural Vaccinations,2,7,Health Care,keyword_match,medium,merge_to_canonical,7166.0
87264,Coronvirus pandemic; Governor's extraordinary powers; governor,1,1,COVID-19 Pandemic,semicolon_first_term_keyword,medium,merge_to_canonical,78756.0
87265,Improving Transportation,48,74,Transportation,keyword_match,medium,merge_to_canonical,7656.0
87284,chancellor,4,3,,,,delete,
87287,Emergency Executive Powers,5,35,,,,delete,
87298,COVID-19 Vaccines; Westchester County; Yonkers,1,11,Health Care,semicolon_first_term_keyword,medium,merge_to_canonical,7166.0
87299,Insurrection at Capitol,5,14,,,,delete,
87300,Seniors; Holidays,1,2,Seniors,semicolon_first_term_seed,high,merge_to_canonical,7546.0
87301,Healthcare Disparities,1,20,Health Care,keyword_match,medium,merge_to_canonical,7166.0
87302,Sexual Harassment Allegations,1,6,Women's Rights,keyword_match,medium,merge_to_canonical,9128.0
87304,Commissioner of the New York State Education Department,3,36,Education,keyword_match,medium,merge_to_canonical,7001.0
87306,Rent Evictions,3,20,Tenant Rights,keyword_match,medium,merge_to_canonical,61615.0
87307,Small Businesses COVID-19,1,7,Small Business,keyword_match,medium,merge_to_canonical,7561.0
87308,Dr. Martin Luther King Jr. Day,2,3,,,,delete,
8731,World War II Veterans,16,34,Veterans,keyword_match,medium,merge_to_canonical,7691.0
87310,Oil Barges,1,5,,,,delete,
87311,Election Reforms COVID-19,1,15,Elections,keyword_match,medium,merge_to_canonical,7011.0
87312,Upstate Parity,1,8,,,,delete,
87313,Governor Andrew Cuomo; Sexual Harassment; Resign,7,38,,,,delete,
87314,Tappan Zee Bridge; Gov. Mario M. Cuomo Bridge,5,14,,,,delete,
87315,Hospital Transparency,3,8,Health Care,keyword_match,medium,merge_to_canonical,7166.0
87316,Policy-Based Exclusions,1,4,,,,delete,
87330,Telemedicine,1,7,,,,delete,
87339,State-run vaccine site,1,8,Health Care,keyword_match,medium,merge_to_canonical,7166.0
87340,vaccine equity,2,16,Health Care,keyword_match,medium,merge_to_canonical,7166.0
8736,Fossil Fuel Divestment,24,154,Climate Change,keyword_match,medium,merge_to_canonical,6841.0
87364,Women in the Workplace,2,17,,,,delete,
87365,TGNCI Community,2,3,,,,delete,
87380,Protecting Commuters,7,18,,,,delete,
8741,Global Warming,11,187,Environment,keyword_match,medium,merge_to_canonical,7036.0
87415,Passage of the American Rescue Plan;,1,3,,,,delete,
8746,URI competition,1,7,,,,delete,
8751,Full Line Review,3,11,,,,delete,
87544,lgbtq parents,2,33,LGBTQ+ Rights,keyword_match,medium,merge_to_canonical,
87550,NY State,3,12,,,,delete,
87555,Coronavirus Pandemic; COVID-19: Nursing Homes; Visitation,4,17,COVID-19 Pandemic,semicolon_first_term_keyword,medium,merge_to_canonical,78756.0
87556,Resign,1,5,,,,delete,
8756,A/C,2,19,,,,delete,
87600,Conspiracy Theories,1,4,,,,delete,
87601,Elected Officials,4,11,,,,delete,
8761,undefined,27,42,,,,delete,
87631,COVID-19 Vaccination,23,152,Health Care,keyword_match,medium,merge_to_canonical,7166.0
87632,Property Tax Credit,4,21,Taxes,keyword_match,medium,merge_to_canonical,7626.0
87635,2021-22 State Budget,21,108,Budget,keyword_match,medium,merge_to_canonical,6786.0
87636,LI5,1,0,,,,delete,
87637,Restoration of Middle Class Tax Cuts,1,4,Taxes,keyword_match,medium,merge_to_canonical,7626.0
87638,Rejection of Tax Increases,2,6,Taxes,keyword_match,medium,merge_to_canonical,7626.0
87639,Government Aid,1,3,,,,delete,
8766,neighborhoods,15,48,,,,delete,
87669,2021-2022 New York State Senate Budget Resolution,6,30,Budget,keyword_match,medium,merge_to_canonical,6786.0
87676,Gudelia Vallinas,1,0,,,,delete,
87677,vaccine information,2,6,Health Care,keyword_match,medium,merge_to_canonical,7166.0
87678,vaccines for seniors,1,5,Health Care,keyword_match,medium,merge_to_canonical,7166.0
87688,Vaccination Program,2,12,Health Care,keyword_match,medium,merge_to_canonical,7166.0
87689,2021 Senate One-House Budget Resolution,6,17,Budget,keyword_match,medium,merge_to_canonical,6786.0
87690,2022 One-House Senate Budget Resolution,11,26,Budget,keyword_match,medium,merge_to_canonical,6786.0
87691,fund excluded workers,2,7,,,,delete,
87708,Environmental Advocates Legislator of the Year 2020,1,5,Environment,keyword_match,medium,merge_to_canonical,7036.0
87709,The New York State Association for Rural Health (NYSARH) Rural Health Champion 2020,1,4,Health Care,keyword_match,medium,merge_to_canonical,7166.0
8771,Rent Control,25,199,Tenant Rights,keyword_match,medium,merge_to_canonical,61615.0
87710,Farm Apprenticeship Program,1,2,Agriculture,keyword_match,medium,merge_to_canonical,6716.0
87737,#StopTheRaids,1,86,,,,delete,
87738,Cuomo Book,1,3,,,,delete,
87739,NYS Senator Daniel G. Stec,1,2,,,,delete,
8776,Rochester Community,16,42,,,,delete,
8781,Charity,18,83,,,,delete,
87810,Tax Hikes,4,23,Taxes,keyword_match,medium,merge_to_canonical,7626.0
87811,Sunshine Week,3,4,,,,delete,
87824,#StopAAPIHate,11,58,,,,delete,
87825,Coronavirus pandemic; COVID-19; Group Homes,2,2,COVID-19 Pandemic,semicolon_first_term_keyword,medium,merge_to_canonical,78756.0
8786,Health and Wellness,63,434,Health Care,keyword_match,medium,merge_to_canonical,7166.0
87871,justice system,1,10,,,,delete,
87878,#HALTSolitary,3,111,,,,delete,
87879,Criminal Legal Reform,2,15,,,,delete,
87882,Reducing Tax Burden,3,30,Taxes,keyword_match,medium,merge_to_canonical,7626.0
87883,Protecting Families,1,5,Families,keyword_match,medium,merge_to_canonical,7061.0
8791,Policy Group,0,12,,,,delete,
87934,Employees in the Workforce,6,45,Jobs & Employment,keyword_match,medium,merge_to_canonical,7261.0
87935,Protection Policy,1,2,,,,delete,
87952,Clean Water; Environmental Protection,13,83,Clean Water,semicolon_first_term_seed,high,merge_to_canonical,9026.0
8796,Parks and Open Space,18,95,State Parks & Recreation,keyword_match,medium,merge_to_canonical,
8801,Pregnancy,5,44,,,,delete,
8806,Affordable Care Act,9,441,Health Care,keyword_match,medium,merge_to_canonical,7166.0
8811,Museum,8,63,,,,delete,
88132,Law Enforcement Retirement,1,17,First Responders,keyword_match,medium,merge_to_canonical,8930.0
88133,Recreational Marijuana,6,58,State Parks & Recreation,keyword_match,medium,merge_to_canonical,
88134,Driving While Impaired,4,5,,,,delete,
8816,regulations; small business; healthcare,2,54,,,,delete,
88162,vaccine appointments,1,3,Health Care,keyword_match,medium,merge_to_canonical,7166.0
88176,Pop-Up Vaccine Site,1,4,Health Care,keyword_match,medium,merge_to_canonical,7166.0
88177,Tannersville,1,0,,,,delete,
88178,Greene County,2,2,,,,delete,
88179,Bars,3,7,,,,delete,
88180,Curfews,1,3,,,,delete,
88181,One-House Agriculture Budget Proposals,1,2,Budget,keyword_match,medium,merge_to_canonical,6786.0
88182,Bar and Restaurant Reopening,14,31,,,,delete,
88184,Berne,1,1,,,,delete,
88185,Agriculture Week,1,7,Agriculture,keyword_match,medium,merge_to_canonical,6716.0
88188,health registry,2,5,Health Care,keyword_match,medium,merge_to_canonical,7166.0
88189,long COVID,1,2,COVID-19 Pandemic,keyword_match,medium,merge_to_canonical,78756.0
88190,Deforestation,9,19,,,,delete,
88193,electronic waste,12,27,,,,delete,
88203,Sexual Assault Awareness Month,4,4,,,,delete,
88221,Greece,4,3,,,,delete,
88222,Greek Independence Day,6,1,,,,delete,
88237,Helping Seniors,18,44,Seniors,keyword_match,medium,merge_to_canonical,7546.0
88255,Congressman Lee Zeldin,1,1,,,,delete,
8826,Distillers,6,29,,,,delete,
88262,Veterans Treatment Courts,1,2,Judiciary,keyword_match,medium,merge_to_canonical,7271.0
8827,Sewers,12,45,,,,delete,
8828,School Overcrowding,5,47,Education,keyword_match,medium,merge_to_canonical,7001.0
88289,Zoar Valley,2,1,,,,delete,
8829,Lower Manhattan,33,48,,,,delete,
88291,Childhood Poverty,3,12,,,,delete,
88292,Empire State Child Tax Credit,12,14,Taxes,keyword_match,medium,merge_to_canonical,7626.0
8830,Lower Manhattan School Overcrowding Task Force,2,8,Education,keyword_match,medium,merge_to_canonical,7001.0
88301,Municipal Rebates,1,3,Local Government,keyword_match,medium,merge_to_canonical,7326.0
88302,Clean Vehicles,3,68,,,,delete,
88309,Donation,3,2,,,,delete,
8831,Brooklyn Bridge Park,6,21,,,,delete,
88317,Behavioral Health,9,69,Health Care,keyword_match,medium,merge_to_canonical,7166.0
88318,Adult-use cannabis legalization,15,93,Cannabis Policy,keyword_match,medium,merge_to_canonical,
88319,small farmers,1,7,Agriculture,keyword_match,medium,merge_to_canonical,6716.0
8832,Squibb Park,1,3,,,,delete,
88320,social equity,2,5,,,,delete,
88321,Cannabis legalization,7,47,Cannabis Policy,keyword_match,medium,merge_to_canonical,
88326,Doctors Day,1,1,,,,delete,
88327,Irish American Heritage Month,4,3,,,,delete,
8833,Squibb Bridge,1,5,,,,delete,
8834,Community Parks Initiative,3,46,State Parks & Recreation,keyword_match,medium,merge_to_canonical,
8835,Unclaimed Funds,34,142,,,,delete,
88367,Greek Heritage,1,0,,,,delete,
8837,EDUCATION FUNDING,93,713,Education,keyword_match,medium,merge_to_canonical,7001.0
88371,Smith Haven Mall,2,1,,,,delete,
8838,REFORM THE COMMON CORE,0,77,Education,keyword_match,medium,merge_to_canonical,7001.0
8839,SAFETY AND SECURITY,3,53,,,,delete,
88394,Adult Use Marijuana,6,36,Cannabis Policy,keyword_match,medium,merge_to_canonical,
88395,Coronavirus Pandemic; COVID-19: Landlords; Tenants; Rent Relief,13,109,COVID-19 Pandemic,semicolon_first_term_keyword,medium,merge_to_canonical,78756.0
88396,Variety Boys and Girls Club,6,1,,,,delete,
88397,Costa Constantinides,1,2,,,,delete,
8840,THE EPIDEMIC OF HEROIN ABUSE,11,87,Opioid & Substance Use,keyword_match,medium,merge_to_canonical,
88404,Combating COVID-19; Unemployment Benefits,8,53,COVID-19 Pandemic,semicolon_first_term_keyword,medium,merge_to_canonical,78756.0
8841,Important Dates,2,46,,,,delete,
88410,Common Sense,3,29,,,,delete,
88418,Earth Day Poster Celebration,3,4,Environment,keyword_match,medium,merge_to_canonical,7036.0
88419,Coronavirus Pandemic; COVID-19: Tenants; Rent Relief,2,20,COVID-19 Pandemic,semicolon_first_term_keyword,medium,merge_to_canonical,78756.0
8842,alternate side parking,2,24,,,,delete,
88420,mobile sports betting; state budget,2,6,,,,delete,
88423,Baseball,14,4,,,,delete,
88424,All Star Game,2,1,Taxes,keyword_match,medium,merge_to_canonical,7626.0
88425,CitiField,2,2,,,,delete,
88426,Easter 2021,0,0,,,,delete,
88427,black trans lives matter,0,11,,,,delete,
8843,2016 calendar,1,114,,,,delete,
88433,Major League Baseball,4,3,,,,delete,
8844,electronic recycling,53,158,Environment,keyword_match,medium,merge_to_canonical,7036.0
88443,2021-2022 State Budget,16,40,Budget,keyword_match,medium,merge_to_canonical,6786.0
88444,FY 2022 Budget,5,18,Budget,keyword_match,medium,merge_to_canonical,6786.0
88445,Upstate NY,1,17,,,,delete,
88446,Green Buildings,2,25,,,,delete,
88447,Passover,1,2,,,,delete,
8845,Disaster Preparedness,26,132,Emergency Management,keyword_match,medium,merge_to_canonical,71055.0
88453,Passover; COVID-19 Updates; Nursing Home Reforms,1,2,,,,delete,
88454,Women's History Month; COVID-19 Vaccine,1,2,,,,delete,
8846,Fire Safety,57,161,,,,delete,
88461,Bar and Restaurant,12,13,,,,delete,
88463,Cuomo Emergency Powers,4,24,,,,delete,
88464,Restaurant & Hospitality Industry,2,3,Health Care,keyword_match,medium,merge_to_canonical,7166.0
88465,Ashokan Pumped Storage Project,1,1,,,,delete,
8847,Environmental protection,118,943,Environment,seed_exact,high,merge_to_canonical,7036.0
88476,2021-2022 Budget,29,99,Budget,keyword_match,medium,merge_to_canonical,6786.0
88479,FY 2022 State Budget,2,6,Budget,keyword_match,medium,merge_to_canonical,6786.0
8848,Senate Session,12,92,,,,delete,
88480,Hudson Yards,4,4,,,,delete,
88481,Executive Orders,6,35,,,,delete,
88482,Restaurants and Hospitality Industry,2,0,Health Care,keyword_match,medium,merge_to_canonical,7166.0
88483,Expanded Pre-K,7,6,,,,delete,
88484,Improving Education,1,13,Education,keyword_match,medium,merge_to_canonical,7001.0
88485,Working Parents,3,6,,,,delete,
88486,Ranked Choice Voting,2,17,Voting Rights,keyword_match,medium,merge_to_canonical,9001.0
88487,Community Climate Investment Act,2,15,,,,delete,
88489,food vendors,1,7,,,,delete,
88491,SD-46 Project Funding,1,0,,,,delete,
8850,Ammuntion Legislation,2,179,Gun Control,keyword_match,medium,merge_to_canonical,7141.0
8851,Gun Violence,141,1216,Gun Control,seed_exact,high,merge_to_canonical,7141.0
88511,twitter,4,4,,,,delete,
88513,Senate District 26,1,3,,,,delete,
8852,NRA,7,215,Gun Control,keyword_match,medium,merge_to_canonical,7141.0
88523,Marsha P Johnson State Park,2,2,,,,delete,
88524,NYS Parks,5,32,State Parks & Recreation,keyword_match,medium,merge_to_canonical,
88528,noise complaints,6,18,,,,delete,
88529,residents,1,4,,,,delete,
8853,Cardinal Dolan,1,10,,,,delete,
88530,new development,1,3,,,,delete,
8854,TPP,1,28,,,,delete,
88545,2021-22 Executive Budget,1,8,Budget,keyword_match,medium,merge_to_canonical,6786.0
88546,NYS Budget 2021-2022,6,10,Budget,keyword_match,medium,merge_to_canonical,6786.0
8855,public policy,10,93,,,,delete,
88551,college graduation,1,3,Higher Education,keyword_match,medium,merge_to_canonical,7176.0
8856,free trade,6,50,,,,delete,
8857,Blood donation,23,66,,,,delete,
8858,parole reform,26,149,Criminal Justice Reform,keyword_match,medium,merge_to_canonical,8546.0
8859,Seniors. Local Government,4,36,Local Government,keyword_match,medium,merge_to_canonical,7326.0
8860,State budget,211,822,Budget,seed_exact,high,merge_to_canonical,6786.0
88600,Daunte Wright,1,0,,,,delete,
88601,Police Homicide,1,1,First Responders,keyword_match,medium,merge_to_canonical,8930.0
88602,Asian hate,11,20,,,,delete,
88603,Queens Covid Remembrance Day,1,0,COVID-19 Pandemic,keyword_match,medium,merge_to_canonical,78756.0
88604,Legislators of the Year 2021,1,0,,,,delete,
88605,National Libraries Week,4,6,Libraries,keyword_match,medium,merge_to_canonical,8131.0
88606,offshore wind energy,3,9,Energy,keyword_match,medium,merge_to_canonical,7026.0
8861,Reform,15,69,,,,delete,
88612,Syracuse Community Grid,1,3,,,,delete,
88616,Invest In Our New York,1,2,,,,delete,
8862,Legislative session,411,2487,,,,delete,
8863,Gap Elimination Adjustment (GEA),21,67,,,,delete,
8864,Daily Fantasy Sports,3,27,,,,delete,
8865,Human Services,31,397,Social Services,keyword_match,medium,merge_to_canonical,7571.0
8866,Public Protection,97,485,Public Safety,keyword_match,medium,merge_to_canonical,8316.0
8867,Mental Hygiene,30,429,Mental Health,keyword_match,medium,merge_to_canonical,7346.0
88673,Clothing Drive,8,19,,,,delete,
88678,School Kindness,2,10,Education,keyword_match,medium,merge_to_canonical,7001.0
8868,Environmental Conservation,270,2142,Environment,seed_exact,high,merge_to_canonical,7036.0
88681,residential facilities,2,19,,,,delete,
88682,School taxes,3,9,Education,keyword_match,medium,merge_to_canonical,7001.0
88683,holding the line,1,0,,,,delete,
88684,Alliance for Quality Education,2,25,Education,keyword_match,medium,merge_to_canonical,7001.0
88685,Malverne,1,0,,,,delete,
88686,High water bills,3,8,,,,delete,
88689,Opioid Settlement Funds,6,13,Opioid & Substance Use,keyword_match,medium,merge_to_canonical,
8869,Elementary & Secondary Education,87,712,Education,keyword_match,medium,merge_to_canonical,7001.0
88692,Veterans Housing,3,10,Housing,keyword_match,medium,merge_to_canonical,7201.0
88693,NUMC,3,2,,,,delete,
88694,Funding for Education,1,14,Education,keyword_match,medium,merge_to_canonical,7001.0
88697,Small Business Recovery,9,36,Small Business,keyword_match,medium,merge_to_canonical,7561.0
8870,Local Government Officials/ General Government,20,280,Local Government,keyword_match,medium,merge_to_canonical,7326.0
8871,Health/Medicaid,28,528,Health Care,keyword_match,medium,merge_to_canonical,7166.0
8872,Budget Reform,3,104,Budget,keyword_match,medium,merge_to_canonical,6786.0
88729,QUALITYstarsNY,1,0,,,,delete,
8873,Opioid,17,78,Opioid & Substance Use,keyword_match,medium,merge_to_canonical,
88730,2020-2021 NYS Budget,2,6,Budget,keyword_match,medium,merge_to_canonical,6786.0
88731,Combating COVID-19 and Protecting New Yorkers; Governor's Emergency Powers; Bars and Restaurants,5,38,COVID-19 Pandemic,semicolon_first_term_keyword,medium,merge_to_canonical,78756.0
8874,Overdose,2,26,,,,delete,
8875,Term Limits,27,213,Elections,keyword_match,medium,merge_to_canonical,7011.0
88753,Asian-American and Pacific-Islander (AAPI),21,15,,,,delete,
88754,Celebrating Essential Workers; COVID-19 Pandemic; School Nutrition,1,6,Labor,semicolon_first_term_keyword,medium,merge_to_canonical,7286.0
88757,Unemployment Insurance Trust Fund,4,11,Jobs & Employment,keyword_match,medium,merge_to_canonical,7261.0
8876,Subways,48,170,Transportation,keyword_match,medium,merge_to_canonical,7656.0
8877,Public Transit,55,248,Transportation,keyword_match,medium,merge_to_canonical,7656.0
8878,R Train,1,12,,,,delete,
88783,Coequal Branch of Government,1,3,,,,delete,
88786,Derek Chauvin,1,1,,,,delete,
8879,Spending Cap,17,55,,,,delete,
88794,Credit Management,2,5,,,,delete,
88795,American Rescue Plan,2,23,,,,delete,
8880,State Spending,15,148,Budget,keyword_match,medium,merge_to_canonical,6786.0
88808,Assemblymember Bill Magee,1,1,,,,delete,
88809,Ticks,2,8,,,,delete,
8881,Elevator Safety,3,18,,,,delete,
88810,Tick-Borne Illnesses,3,14,Lyme & Tick-Borne Diseases,keyword_match,medium,merge_to_canonical,
8882,Constituent Corner,68,105,,safe_delete,high,delete,
8883,Lower East Side,13,21,,,,delete,
8885,State of the State,45,138,,,,delete,
8886,Sanitation,10,36,,,,delete,
8887,State Finances,2,36,,,,delete,
8888,SAFE Act,15,405,Gun Control,keyword_match,medium,merge_to_canonical,7141.0
8889,Investigations and Government Operations,126,837,Ethics,seed_exact,high,merge_to_canonical,7051.0
88895,Property Owners,1,4,,,,delete,
8890,Prisons,34,317,Criminal Justice Reform,keyword_match,medium,merge_to_canonical,8546.0
88903,gas tax,43,215,Taxes,keyword_match,medium,merge_to_canonical,7626.0
88904,high taxes,4,26,Taxes,keyword_match,medium,merge_to_canonical,7626.0
8891,Memorial Observance,7,18,,,,delete,
8892,Winter Safety,5,37,,,,delete,
8893,Workforce Development Labor,3,43,Labor,keyword_match,medium,merge_to_canonical,7286.0
8894,Rent Stabilization,26,191,Housing,keyword_match,medium,merge_to_canonical,7201.0
88949,Veteran Highway,1,2,Transportation,keyword_match,medium,merge_to_canonical,7656.0
8895,Tenants' Rights,61,499,Housing,keyword_match,medium,merge_to_canonical,7201.0
8896,Israel,61,123,,,,delete,
8897,Homeland Security and Military Affairs,69,397,Public Safety,keyword_match,medium,merge_to_canonical,8316.0
88971,Library of the Year,1,3,Libraries,keyword_match,medium,merge_to_canonical,8131.0
8898,Cultural Affairs,50,185,Arts & Culture,keyword_match,medium,merge_to_canonical,80871.0
88985,Parking Ban,2,7,,,,delete,
88986,Inwood,3,3,,,,delete,
88987,Verdict,1,3,,,,delete,
88988,Record School Aid,1,0,Education,keyword_match,medium,merge_to_canonical,7001.0
8899,Tourism,78,184,State Parks & Recreation,keyword_match,medium,merge_to_canonical,
88998,NYS Commendation,6,1,,,,delete,
88999,Displaced Families,1,3,Families,keyword_match,medium,merge_to_canonical,7061.0
8900,Parks and Recreation,70,396,State Parks & Recreation,keyword_match,medium,merge_to_canonical,
89009,Asian American History,12,18,,,,delete,
8901,Mental Health and Developmental Disabilities,66,806,Mental Health,seed_exact,high,merge_to_canonical,7346.0
89010,Opioid Settlement,2,10,Opioid & Substance Use,keyword_match,medium,merge_to_canonical,
8902,Rural New York,5,91,,,,delete,
8903,Unfunded Mandate,9,25,,,,delete,
89034,New York Police Department,4,24,First Responders,keyword_match,medium,merge_to_canonical,8930.0
89035,East Northport,5,1,,,,delete,
8904,Legal Services,44,165,,,,delete,
89043,New York Families,2,9,Families,keyword_match,medium,merge_to_canonical,7061.0
89047,fuel taxes,3,46,Taxes,keyword_match,medium,merge_to_canonical,7626.0
89048,Long Island Sound,5,6,,,,delete,
8905,Economic Services,2,15,,,,delete,
89055,Long Island Regional Planning Council,1,1,,,,delete,
89056,Smithtown School District,1,0,Education,keyword_match,medium,merge_to_canonical,7001.0
89057,Accompsett Middle School,1,3,Education,keyword_match,medium,merge_to_canonical,7001.0
8906,Resiliency; Storms; lower Manhattan,0,2,,,,delete,
89063,Coronavirus Pandemic; executive orders,6,28,COVID-19 Pandemic,semicolon_first_term_keyword,medium,merge_to_canonical,78756.0
8907,HUD,3,41,,,,delete,
89071,Combating COVID-19,61,161,COVID-19 Pandemic,keyword_match,medium,merge_to_canonical,78756.0
89073,Governor Andrew Cuomo; Sexual Harassment; Nursing Homes; Resign,1,7,,,,delete,
89076,Energy Taxes,2,24,Taxes,keyword_match,medium,merge_to_canonical,7626.0
89077,COVID-19 restaurants and bars,5,15,COVID-19 Pandemic,keyword_match,medium,merge_to_canonical,78756.0
8908,Battery Park City,28,32,,,,delete,
89080,COVID-19 Relief,7,23,COVID-19 Pandemic,keyword_match,medium,merge_to_canonical,78756.0
89081,COVID-19 Stimulus Checks,3,52,COVID-19 Pandemic,keyword_match,medium,merge_to_canonical,78756.0
89087,Repeal Governor's Executive Powers,1,9,,,,delete,
89088,Governor Andrew Cuomo; Nursing Homes; Impeachment,8,38,,,,delete,
89089,LI News Radio,1,2,,,,delete,
8909,Battery Park City Authority,19,20,,,,delete,
89090,Legal Marijuana,3,23,Cannabis Policy,keyword_match,medium,merge_to_canonical,
89091,office space,1,1,,,,delete,
8910,Community Board 1,11,14,,,,delete,
89107,Infrastructure Funding,3,9,Infrastructure,keyword_match,medium,merge_to_canonical,4521.0
89108,City of Kingston,1,1,,,,delete,
89109,State Touring Route Program,1,1,,,,delete,
8911,Community Representation,12,44,,,,delete,
89110,Beach Capacity,2,3,,,,delete,
89111,COVID-19; Small Business; Reopening,1,5,COVID-19 Pandemic,semicolon_first_term_seed,high,merge_to_canonical,78756.0
89120,Single-use plastics,1,16,,,,delete,
89121,COVID-19: Nursing Homes,4,16,Health Care,keyword_match,medium,merge_to_canonical,7166.0
8913,Water Infrastructure,37,124,Infrastructure,keyword_match,medium,merge_to_canonical,4521.0
8915,Contraception,5,102,Reproductive Rights,keyword_match,medium,merge_to_canonical,9346.0
8916,Contraceptive Equity,2,57,,,,delete,
8917,Constituent Services,222,364,,,,delete,
8918,corrections,17,125,Criminal Justice Reform,keyword_match,medium,merge_to_canonical,8546.0
8919,Drug Abuse,35,154,Opioid & Substance Use,keyword_match,medium,merge_to_canonical,
89196,Cities 2,10,10,Local Government,keyword_match,medium,merge_to_canonical,7326.0
89197,Earth day legislative package,2,2,Environment,keyword_match,medium,merge_to_canonical,7036.0
8920,Snynthetic Marijuana,1,55,Cannabis Policy,keyword_match,medium,merge_to_canonical,
89202,1 on 1,14,15,,,,delete,
89203,Advanced Care Planning,1,11,,,,delete,
89204,End of Life,3,21,,,,delete,
8921,CPR,11,40,,,,delete,
89216,Earth Day 2021,1,0,Environment,keyword_match,medium,merge_to_canonical,7036.0
8922,Fire Saftey,1,24,,,,delete,
89225,Sacks for Soldiers,1,1,,,,delete,
89226,Vietnam Service Medal,2,7,,,,delete,
89227,Ramadan,10,0,,,,delete,
89228,Genocide Awareness Month,5,5,,,,delete,
89229,Stimulus and Vaccine Information,0,6,Health Care,keyword_match,medium,merge_to_canonical,7166.0
8923,mixed martial arts,7,17,Arts & Culture,keyword_match,medium,merge_to_canonical,80871.0
89232,County Fairs; Agriculture; Tourism,2,9,,,,delete,
89233,Eligibility,0,5,,,,delete,
89234,Ccrisis Services,5,9,,,,delete,
8924,S6378A,1,3,,,,delete,
89242,Beech Syrup,1,2,,,,delete,
89243,Beech Sugar,1,3,,,,delete,
89244,Truth in Labeling,1,2,,,,delete,
8925,zombie homes,13,56,,,,delete,
89255,vaccine misinformation,25,91,Health Care,keyword_match,medium,merge_to_canonical,7166.0
8926,blizzard Jonas,1,2,,,,delete,
89267,NYS Senator Sean Ryan,12,109,,,,delete,
89268,NYS Senate District 60,10,72,,,,delete,
89269,Refugee,1,3,Immigration,keyword_match,medium,merge_to_canonical,7221.0
8927,S5752A,1,4,,,,delete,
89274,Upstate Business Recovery,1,2,,,,delete,
89275,School Modernization,1,4,Education,keyword_match,medium,merge_to_canonical,7001.0
89278,Protect Tenants,4,35,Housing,keyword_match,medium,merge_to_canonical,7201.0
89279,Small Landlords,10,42,,,,delete,
8928,S6425,1,3,,,,delete,
89280,and Small Businesses,6,25,Small Business,keyword_match,medium,merge_to_canonical,7561.0
89281,Young Street Bridge Collisions In Tonawanda,1,1,,,,delete,
89288,Senate District 60,2,4,,,,delete,
89294,Librarian Awards,4,5,Libraries,keyword_match,medium,merge_to_canonical,8131.0
89295,Western NY,0,4,,,,delete,
89298,Hamburg NY,1,0,,,,delete,
89299,Immigration Coalition,1,14,Immigration,keyword_match,medium,merge_to_canonical,7221.0
8930,First Responders,112,348,First Responders,seed_exact,high,already_canonical,8930.0
89300,President Biden,4,22,,,,delete,
8931,Planned Parenthood,9,182,Reproductive Rights,keyword_match,medium,merge_to_canonical,9346.0
8932,Reproductive Health,80,560,Health Care,keyword_match,medium,merge_to_canonical,7166.0
8933,regulations,10,71,,,,delete,
89337,Vaccine Site; Healthcare Disparities; Increasing Education Diversity,1,8,Health Care,semicolon_first_term_keyword,medium,merge_to_canonical,7166.0
89339,#EndPuppyMills,2,225,Animal Welfare,keyword_match,medium,merge_to_canonical,9462.0
8934,Ticket Reselling,12,27,,,,delete,
8935,Ticket Reform,16,23,,,,delete,
89357,Upstate Business Reopening and Recovery Tour,2,1,,,,delete,
89358,National Pet Week,1,6,,,,delete,
8936,Ticket Scalping,6,14,,,,delete,
89369,Election Misinformation,7,47,Elections,keyword_match,medium,merge_to_canonical,7011.0
8937,Attorney General Schneiderman,7,53,,,,delete,
89370,East River Tunnels,2,0,,,,delete,
8938,Unfunded state mandates,13,75,,,,delete,
8939,compassionate care act,3,80,,,,delete,
8940,medical marijuana,21,551,Cannabis Policy,keyword_match,medium,merge_to_canonical,
8941,Reproductive Health Women's Health,0,271,Health Care,keyword_match,medium,merge_to_canonical,7166.0
8942,Children and Families,229,1403,Families,seed_exact,high,merge_to_canonical,7061.0
89421,#ProtectNYHeroes,1,113,,,,delete,
8943,Gaming and Wagering,49,105,Gaming,keyword_match,medium,merge_to_canonical,7111.0
8944,Heroin and Opioid Addiction,125,339,Opioid & Substance Use,seed_exact,high,merge_to_canonical,
89440,Kelp Cultivation,2,3,,,,delete,
89441,Combatting Government Corruption,4,17,Ethics,keyword_match,medium,merge_to_canonical,7051.0
8945,property taxes,52,422,Taxes,keyword_match,medium,merge_to_canonical,7626.0
8946,Social Equality,3,61,,,,delete,
8947,Social Justice,20,259,Civil Rights,keyword_match,medium,merge_to_canonical,6831.0
8948,Hurricane Sandy,25,25,,,,delete,
89485,Gasoline Taxes,12,79,Taxes,keyword_match,medium,merge_to_canonical,7626.0
89486,Home Heating Taxes,2,26,Taxes,keyword_match,medium,merge_to_canonical,7626.0
89487,Protecting Long Islanders,1,7,,,,delete,
8949,Tax relief,69,361,Taxes,keyword_match,medium,merge_to_canonical,7626.0
89492,NYS Senator Roxanne J. Persaud,2,0,,,,delete,
89493,Salvation Army,6,5,,,,delete,
89494,Food Distrubution,1,9,,,,delete,
89495,Unemployment Fraud,2,12,Jobs & Employment,keyword_match,medium,merge_to_canonical,7261.0
89496,COVID-19 reopening,1,19,COVID-19 Pandemic,keyword_match,medium,merge_to_canonical,78756.0
89497,Walkway over the hudson,1,3,,,,delete,
89498,farm to market,1,7,Agriculture,keyword_match,medium,merge_to_canonical,6716.0
8950,New York Senate,13,224,,,,delete,
8951,Tax Assistance,3,25,Taxes,keyword_match,medium,merge_to_canonical,7626.0
8952,OPWDD,23,71,,,,delete,
8953,Manufacturers,5,9,,,,delete,
8954,Dream Act,29,194,Immigration,keyword_match,medium,merge_to_canonical,7221.0
8955,Substance Abuse,14,75,Opioid & Substance Use,keyword_match,medium,merge_to_canonical,
8956,PTSD,15,98,,,,delete,
8957,Alcohol and Substance Abuse,21,199,Opioid & Substance Use,keyword_match,medium,merge_to_canonical,
8958,Lunar New Year,23,23,,,,delete,
89587,Senator Borrello,1,2,,,,delete,
89588,Oppose Gas Tax,10,79,Taxes,keyword_match,medium,merge_to_canonical,7626.0
8959,Chinatown,13,17,,,,delete,
89592,Vaccine Updates; Veterans; Maternal Healthcare; Local Elections,1,10,Health Care,semicolon_first_term_keyword,medium,merge_to_canonical,7166.0
89593,vaccine appointments; women's history; workplace safety,1,6,Health Care,semicolon_first_term_keyword,medium,merge_to_canonical,7166.0
89594,Vaccine Eligibility; Black History Month; Absentee Ballot Voting Reforms; Small Business Relief,1,5,Health Care,semicolon_first_term_keyword,medium,merge_to_canonical,7166.0
89595,Vaccines; Paid Sick Leave; Rent Relief; High School Sports; Small Business; Public Budget Hearings,1,15,Health Care,semicolon_first_term_keyword,medium,merge_to_canonical,7166.0
89599,sex crimes,2,10,,,,delete,
8960,Chinese-language,8,11,,,,delete,
89600,Senator Borrello SD57,1,2,,,,delete,
8961,Holidays,45,83,,,,delete,
8962,Economic Development and Small Business,157,670,Economic Development,seed_exact,high,merge_to_canonical,6996.0
89623,First Responders Vaccines; Seniors; Small Business; Empire Award,1,10,Health Care,semicolon_first_term_keyword,medium,merge_to_canonical,7166.0
89627,Protect Those Who Protect Us,2,13,,,,delete,
89628,Men and Women In Blue,1,5,,,,delete,
8963,Crime Victims,147,514,Crime,seed_exact,high,merge_to_canonical,6926.0
8964,Crime and Correction,134,801,Criminal Justice Reform,seed_exact,high,merge_to_canonical,8546.0
89641,Red Flag Law,9,45,,,,delete,
89643,Eviction Moratorium; Rental Assistance; Legal Clinic,1,14,Tenant Rights,semicolon_first_term_keyword,medium,merge_to_canonical,61615.0
89648,SED Fines,1,0,,,,delete,
8965,Senator Hoylman,13,21,,,,delete,
8966,kar,1,0,,,,delete,
8967,violence,17,76,,,,delete,
89672,Detective Anastasios Tsakos,1,1,,,,delete,
89673,Back The Blue,6,25,,,,delete,
89679,FY 2022,1,5,,,,delete,
8968,Seneca County,3,5,,,,delete,
89688,Baldwin Revitalization,1,1,,,,delete,
89689,Government Grant,2,7,,,,delete,
8969,jail,10,54,,,,delete,
89696,Law Enforcement Appreciation; Public Safety,10,43,First Responders,semicolon_first_term_keyword,medium,merge_to_canonical,8930.0
8970,community,266,601,Community Development,seed_exact,high,merge_to_canonical,6856.0
89700,medical aid in dying,28,51,,,,delete,
89701,In Case of Emergency Photo ID,1,2,,,,delete,
8971,do not litter,1,21,,,,delete,
89717,Senior ID; Shed the Meds,1,2,,,,delete,
89718,managing medication,1,3,,,,delete,
89719,pillow case project,1,1,,,,delete,
8972,Methamphetamine,19,44,,,,delete,
8973,ferry,1,8,,,,delete,
8974,east river ferry,1,9,,,,delete,
8975,economic development corporation,1,17,Economic Development,keyword_match,medium,merge_to_canonical,6996.0
8976,buses,17,59,,,,delete,
8977,ESCOs,4,4,,,,delete,
89771,New York Privacy Act,5,60,Data Privacy,keyword_match,medium,merge_to_canonical,75986.0
8978,Food Banks,25,179,Finance,keyword_match,medium,merge_to_canonical,7081.0
8979,Organ and tissue donation,16,64,,,,delete,
89797,Colonial Pipeline; cybersecurity; cyberattack,1,3,,,,delete,
8980,Alcoholism and Drug Abus,1,64,Opioid & Substance Use,keyword_match,medium,merge_to_canonical,
8981,Energy and Telecommunications,97,532,Energy,keyword_match,medium,merge_to_canonical,7026.0
89813,Guilderland Schools,1,1,Education,keyword_match,medium,merge_to_canonical,7001.0
8982,Economic and Revenue,16,59,,,,delete,
89824,Mask Mandates,25,239,COVID-19 Pandemic,keyword_match,medium,merge_to_canonical,78756.0
8983,Organ Donation,53,119,,,,delete,
89835,Empire Award Small Business; Education Funding,0,3,Small Business,semicolon_first_term_keyword,medium,merge_to_canonical,7561.0
89836,City Touring Routes,2,2,,,,delete,
8984,illegal immigration,39,308,Immigration,keyword_match,medium,merge_to_canonical,7221.0
89849,2021 Empire Award,3,5,,,,delete,
8985,board of regents,12,76,,,,delete,
89850,Empire Award; Small Businesses; New Rochelle,2,2,,,,delete,
89859,Governor COVID-19 Book Deal,1,1,COVID-19 Pandemic,keyword_match,medium,merge_to_canonical,78756.0
8986,licensing,5,42,,,,delete,
8987,office of the professions,1,16,,,,delete,
89876,GENDER EQUALITY. DIVERSITY & INCLUSION,1,13,Women's Rights,keyword_match,medium,merge_to_canonical,9128.0
89879,Stony Brook,1,0,,,,delete,
8988,sleepy hollow,9,12,,,,delete,
89880,Ward Melville Heritage Organization,1,0,,,,delete,
89881,New York State Flag,2,2,,,,delete,
8989,Women of Distinction,961,222,Women of Distinction,seed_exact,high,already_canonical,8989.0
89898,new york state tourism,1,1,State Parks & Recreation,keyword_match,medium,merge_to_canonical,
89899,matching grants program,1,6,,,,delete,
8990,Kalief's Law; criminal justice; speedy trial,0,23,,,,delete,
89908,NY Build Renewables Act,1,10,,,,delete,
8991,city council,4,35,,,,delete,
89910,2021 Earth Day Poster Celebration,1,5,Environment,keyword_match,medium,merge_to_canonical,7036.0
89911,firefighter recruitment,3,7,First Responders,keyword_match,medium,merge_to_canonical,8930.0
89912,Job Opportunities,5,22,,,,delete,
89913,Flame-Retardants,1,2,,,,delete,
89914,Family and Firefighter Protection Act,1,10,First Responders,keyword_match,medium,merge_to_canonical,8930.0
89915,Basic STAR,4,44,Taxes,keyword_match,medium,merge_to_canonical,7626.0
89917,Clean Slate,12,37,,,,delete,
89918,Empire Award; Small Business; New Rochelle,1,1,,,,delete,
8992,Planting Seeds,1,18,,,,delete,
89920,School Funding; Yonkers,2,2,Education,semicolon_first_term_keyword,medium,merge_to_canonical,7001.0
89922,rural ems,3,11,,,,delete,
89923,National Principals' Day,1,0,,,,delete,
89924,Third Ave Summer Strolls,1,2,,,,delete,
89925,Open Streets,3,6,,,,delete,
89927,The Data Economy Labor Compensation and Accountability Act,1,2,Economic Development,keyword_match,medium,merge_to_canonical,6996.0
89928,S6727,1,1,,,,delete,
8993,American Legion,17,42,,,,delete,
8994,birds,3,38,,,,delete,
8995,animal abandonment,6,157,Animal Welfare,keyword_match,medium,merge_to_canonical,9462.0
8996,Alcoholism and Drug Abuse,28,222,Opioid & Substance Use,keyword_match,medium,merge_to_canonical,
8997,military spouses,4,16,Veterans,keyword_match,medium,merge_to_canonical,7691.0
8998,Community Events,407,616,,,,delete,
8999,Election,31,396,Elections,keyword_match,medium,merge_to_canonical,7011.0
89990,Little League,4,0,,,,delete,
9000,Black History Month,76,140,,,,delete,
9001,Voting Rights,113,884,Voting Rights,seed_exact,high,already_canonical,9001.0
9002,cb1,5,6,,,,delete,
9003,cec 2,1,2,,,,delete,
9004,kalief browder,9,53,,,,delete,
90048,Middle East,2,1,,,,delete,
90049,COVID-19; Veterans Hall of Fame; Yonkers; Greenburgh; Black Lives Matter,1,2,COVID-19 Pandemic,semicolon_first_term_seed,high,merge_to_canonical,78756.0
9005,Youth in Government,4,22,Children,keyword_match,medium,merge_to_canonical,6816.0
90051,vaccine eligibility; COVID-19; Domestic Travel; Marijuana Regulation and Taxation Act; Denouncing Anti-Asian Hate,1,2,Health Care,semicolon_first_term_keyword,medium,merge_to_canonical,7166.0
9006,Occupational Therapy,3,18,,,,delete,
9007,charity tickets,4,7,,,,delete,
90070,Executive Orders; Mask Guidance; Justice For Daunte Wright; Climate Action; Arbor Day,1,5,,,,delete,
90075,NY Hero Act; Safe Staffing; Rent Moratorium; Teacher Appreciation,1,8,,,,delete,
90077,Covid Protocols,1,15,COVID-19 Pandemic,keyword_match,medium,merge_to_canonical,78756.0
90078,Pro Women Legislation,0,11,,,,delete,
9008,Literacy,15,61,,,,delete,
90083,DMX's Death; Yonkers,1,2,,,,delete,
90085,Veterans cemeteries,2,6,Veterans,keyword_match,medium,merge_to_canonical,7691.0
9009,business,51,155,,,,delete,
9010,transportation funding,14,55,Transportation,keyword_match,medium,merge_to_canonical,7656.0
9011,Narcan Training,32,95,,,,delete,
9012,Music Education,19,69,Education,keyword_match,medium,merge_to_canonical,7001.0
9013,Alzheimer's Research,5,59,,,,delete,
9014,SUNY,59,236,Higher Education,seed_exact,high,merge_to_canonical,7176.0
9015,Ramarley Graham,1,3,,,,delete,
9016,Local Roads,38,129,Transportation,keyword_match,medium,merge_to_canonical,7656.0
9017,Tax Cuts,23,132,Taxes,keyword_match,medium,merge_to_canonical,7626.0
90171,State Budget; Civil Legal Services,1,9,Budget,semicolon_first_term_seed,high,merge_to_canonical,6786.0
90172,Climate Change; Earth Day,1,30,Climate Change,semicolon_first_term_seed,high,merge_to_canonical,6841.0
90173,Derek Chauvin; Verdict,1,0,,,,delete,
9018,LMCCC,2,2,,,,delete,
9019,quality of life,24,206,,,,delete,
9020,Construction Coordination,2,12,Infrastructure,keyword_match,medium,merge_to_canonical,4521.0
9021,DOT,28,104,,,,delete,
9022,Middle Class,6,57,,,,delete,
9023,Farmers,29,127,Agriculture,keyword_match,medium,merge_to_canonical,6716.0
9024,Baseball Hall of Fame,4,8,,,,delete,
9025,Toxic Chemicals,18,86,,,,delete,
9026,Clean Water,115,855,Clean Water,seed_exact,high,already_canonical,9026.0
9027,Health and Safety,23,224,Health Care,keyword_match,medium,merge_to_canonical,7166.0
90279,Coronavirus; COVID-19; Seniors; Nursing Homes; Adult Care Facilities; Essential Caregivers,1,5,COVID-19 Pandemic,semicolon_first_term_seed,high,merge_to_canonical,78756.0
9028,Higher Education. Binghamton University,1,16,Education,keyword_match,medium,merge_to_canonical,7001.0
90280,Student Achievement,5,12,Education,keyword_match,medium,merge_to_canonical,7001.0
90281,Local Business,15,33,Small Business,keyword_match,medium,merge_to_canonical,7561.0
90282,Local Restaurants,4,10,,,,delete,
90283,Flag Day,2,2,,,,delete,
90289,empire station complex,3,2,,,,delete,
9029,Heart Health,12,53,Health Care,keyword_match,medium,merge_to_canonical,7166.0
90295,Unemployment Benefits,9,43,Jobs & Employment,keyword_match,medium,merge_to_canonical,7261.0
9030,St. Patrick's Parade,6,5,,,,delete,
90309,COVID stimulus checks,1,6,COVID-19 Pandemic,keyword_match,medium,merge_to_canonical,78756.0
9031,tuition,17,139,Higher Education,keyword_match,medium,merge_to_canonical,7176.0
90311,Diwali,15,3,,,,delete,
9032,student loans,49,416,Education,keyword_match,medium,merge_to_canonical,7001.0
90323,Environment; George Floyd; Vaccine Appointments; Covid-19 Funeral Expenses; DMX; Road Repairs,1,5,Environment,semicolon_first_term_seed,high,merge_to_canonical,7036.0
90324,Environment; George Floyd; Vaccine Appointments; Covid-19 Funeral Expenses; DMX; Road Repairs; Asian hate,0,4,Environment,semicolon_first_term_seed,high,merge_to_canonical,7036.0
9033,Senate Budget Resolution,18,58,Budget,keyword_match,medium,merge_to_canonical,6786.0
90336,Protecting Ratepayers,6,4,Utilities,keyword_match,medium,merge_to_canonical,7686.0
90337,Craft Beverage Industry,2,4,,,,delete,
90338,Distiller Parity,1,1,,,,delete,
9034,Outdoor recreation,38,161,State Parks & Recreation,keyword_match,medium,merge_to_canonical,
9035,Illegal Immigrants,26,225,Immigration,keyword_match,medium,merge_to_canonical,7221.0
9036,justice reform,21,155,,,,delete,
90367,Sports and Recreation,2,6,State Parks & Recreation,keyword_match,medium,merge_to_canonical,
90368,Transcript Witholding,5,13,,,,delete,
90369,Ethics Reforms,1,8,Ethics,keyword_match,medium,merge_to_canonical,7051.0
9037,Immigration Senate Budget Resolution,0,35,Budget,keyword_match,medium,merge_to_canonical,6786.0
9038,Korean-language,3,0,,,,delete,
90386,Protect the Police,2,14,First Responders,keyword_match,medium,merge_to_canonical,8930.0
90387,illegal street racing,2,4,,,,delete,
90388,FURIOUS Act,2,1,,,,delete,
9039,Language Access,12,43,,,,delete,
9040,Childcare Advance,3,24,Child Care,keyword_match,medium,merge_to_canonical,9530.0
90408,rural health,2,11,Health Care,keyword_match,medium,merge_to_canonical,7166.0
90409,blood transfusions,3,4,,,,delete,
9041,Parents & Families,6,59,Families,keyword_match,medium,merge_to_canonical,7061.0
90415,Strengthening Our Communities,1,6,,,,delete,
9042,Library Funding,90,223,Libraries,keyword_match,medium,merge_to_canonical,8131.0
90421,SLEEP Act,1,10,,,,delete,
9043,Pier 42,7,4,,,,delete,
9044,Education Board of Regents,9,96,Education,keyword_match,medium,merge_to_canonical,7001.0
9045,Down Syndrome,6,20,,,,delete,
9046,Community Services for the Elderly,10,64,Seniors,keyword_match,medium,merge_to_canonical,7546.0
9047,radical islamic terrorism,4,21,Public Safety,keyword_match,medium,merge_to_canonical,8316.0
90473,Fred's Law,2,2,,,,delete,
9048,refugees,20,166,Immigration,keyword_match,medium,merge_to_canonical,7221.0
9049,American motorsports,16,30,,,,delete,
9050,Rain Barrel Give Away,16,102,,,,delete,
90509,Animal protections,12,33,Animal Welfare,keyword_match,medium,merge_to_canonical,9462.0
9051,YMCA,6,17,,,,delete,
9052,Childhood Obesity,2,33,,,,delete,
90521,Election 2020; Voting,1,6,Elections,semicolon_first_term_keyword,medium,merge_to_canonical,7011.0
90522,COVID-19; Vaccines; Yonkers,0,4,COVID-19 Pandemic,semicolon_first_term_seed,high,merge_to_canonical,78756.0
90523,Yonkers;COVID-19 Vaccines,1,5,,,,delete,
90524,passage,1,1,,,,delete,
90525,pembroke,1,0,,,,delete,
90526,Emergency Rental Assistance Program,8,29,,,,delete,
90528,Ballots,1,9,,,,delete,
90529,Cyberbullying Task Force,3,15,,,,delete,
9054,straphangers,21,15,,,,delete,
90548,Women; Reproductive Healthcare,0,24,Women's Rights,semicolon_first_term_seed,high,merge_to_canonical,9128.0
9055,fares,2,12,,,,delete,
90555,Memorial Day; Service Members; Gold Star; Veterans,2,1,,,,delete,
90556,Senior Citizen Rent Increase Exemption,1,4,Tenant Rights,keyword_match,medium,merge_to_canonical,61615.0
9056,Gun Safety,104,1089,Gun Control,seed_exact,high,merge_to_canonical,7141.0
9057,Children's Health,90,529,Health Care,keyword_match,medium,merge_to_canonical,7166.0
90573,Volunteer Firefighter Recruitment,13,29,First Responders,keyword_match,medium,merge_to_canonical,8930.0
90579,NYS Soil Health & Climate Resiliency Act,1,9,Health Care,keyword_match,medium,merge_to_canonical,7166.0
9058,Safe Storage,5,34,,,,delete,
90581,Eviction Moratorium; Rental Assistance; Legal Services,1,10,Tenant Rights,semicolon_first_term_keyword,medium,merge_to_canonical,61615.0
90582,State Funding; Yonkers Public Schools,1,1,,,,delete,
9059,Critical Infrastructure Safety Act,2,20,Infrastructure,keyword_match,medium,merge_to_canonical,4521.0
9060,Brooklyn Bridge,7,10,,,,delete,
90605,Veterans of Foreign Wars,3,10,Veterans,keyword_match,medium,merge_to_canonical,7691.0
90606,Vernon Downs,2,2,,,,delete,
90608,The Data Economy Labor Compensation and Accountability Act (DELCAA),1,1,Economic Development,keyword_match,medium,merge_to_canonical,6996.0
90609,employment discrimination,2,16,Jobs & Employment,keyword_match,medium,merge_to_canonical,7261.0
9061,SAFETY,29,134,,,,delete,
90610,workplace harassment,4,14,,,,delete,
9062,Craft Beer industry,6,29,,,,delete,
90620,Firearms,5,131,Gun Control,keyword_match,medium,merge_to_canonical,7141.0
90625,Sampson Veterans Memorial Cemetery,3,4,Veterans,keyword_match,medium,merge_to_canonical,7691.0
90626,New York State Veterans Cemetery,2,6,Veterans,keyword_match,medium,merge_to_canonical,7691.0
90627,Air EMS,3,9,,,,delete,
9063,state government,9,95,,,,delete,
90635,Honoring Fallen Soldiers,3,9,,,,delete,
90636,Memorial Bridge,1,0,,,,delete,
90638,Women's History Month; Covid-19,1,2,,,,delete,
9064,ReCharge NY,2,14,,,,delete,
90642,Solitary Confinement; Criminal Justice,1,6,,,,delete,
90644,Veteran Suicide Prevention,2,6,Mental Health,keyword_match,medium,merge_to_canonical,7346.0
90649,Rental Relief; Tenants Forum; Legal Services,1,8,,,,delete,
9065,Students,73,371,Education,keyword_match,medium,merge_to_canonical,7001.0
90652,Rent Relief; Housing,2,14,Tenant Rights,semicolon_first_term_keyword,medium,merge_to_canonical,61615.0
90654,bike safety,10,28,,,,delete,
90655,bikers,1,12,,,,delete,
90656,pedestrians,2,9,,,,delete,
90658,Communications,2,6,,,,delete,
9066,NYSSMA,8,14,,,,delete,
9067,Music in our Schools Month,3,12,Education,keyword_match,medium,merge_to_canonical,7001.0
90671,Memorial Day; Joseph G. Lemm Memorial Bridge,1,1,,,,delete,
90672,Gun Violence Prevention; Gun Reforms,2,50,Gun Control,semicolon_first_term_seed,high,merge_to_canonical,7141.0
9068,Enhanced Star,9,98,Taxes,keyword_match,medium,merge_to_canonical,7626.0
9069,Asbestos,2,14,,,,delete,
9070,Job Creation,77,265,Jobs & Employment,keyword_match,medium,merge_to_canonical,7261.0
9071,opt out,3,26,,,,delete,
90717,New York State Senate Commendations,12,14,,,,delete,
9072,testing,6,24,,,,delete,
9073,SCRIE,13,10,,,,delete,
9074,DRIE,10,6,,,,delete,
90743,2021 Session,3,28,,,,delete,
9075,Rent,29,252,Tenant Rights,keyword_match,medium,merge_to_canonical,61615.0
90754,CVIA,1,0,,,,delete,
90755,Community Violence Intervention Act,1,4,,,,delete,
90756,Detective Alvarez,1,1,,,,delete,
90757,Dredging,3,4,,,,delete,
90758,Water District,1,0,,,,delete,
90759,COVID-19 and Schools; Executive Orders; Mandates,1,30,Education,semicolon_first_term_keyword,medium,merge_to_canonical,7001.0
9076,Affordability,212,386,Affordability,seed_exact,high,already_canonical,9076.0
90760,Combating COVID-19 and Protecting New Yorkers' Mental Healh,1,17,COVID-19 Pandemic,keyword_match,medium,merge_to_canonical,78756.0
90764,New York Build Public Renewables Act,1,7,,,,delete,
90768,Odyssey of the Mind,1,0,,,,delete,
9077,animal abuse,34,262,Animal Welfare,keyword_match,medium,merge_to_canonical,9462.0
90779,Syringes,1,1,,,,delete,
9078,distracted driving,9,35,,,,delete,
90780,Decriminalization,1,12,,,,delete,
90783,ERAP,18,36,,,,delete,
90784,Emergency Blood Shortage; Empire City Casino; Blood Drive,2,1,,,,delete,
9079,Volunteer firefighters,139,263,First Responders,seed_exact,high,merge_to_canonical,8930.0
90798,COVID Guidelines,1,9,COVID-19 Pandemic,keyword_match,medium,merge_to_canonical,78756.0
9080,Pudding Street Overpass,5,6,,,,delete,
9081,Democratic Policy Group,7,31,,,,delete,
9082,Children & families,60,389,Families,keyword_match,medium,merge_to_canonical,7061.0
90820,COVID-19 Pandemic Small Business Recovery Grant Program,13,38,Small Business,keyword_match,medium,merge_to_canonical,7561.0
90824,diet pills; body image; self esteem,7,7,,,,delete,
90825,Appointments,2,3,,,,delete,
90826,State Boards,1,1,,,,delete,
90827,State Parole Board,1,4,Criminal Justice Reform,keyword_match,medium,merge_to_canonical,8546.0
9083,grasslands,1,9,,,,delete,
90830,National Baseball Hall of Fame,2,0,,,,delete,
90831,Official State Symbols,2,1,,,,delete,
90832,Breed insurance,3,9,Insurance,keyword_match,medium,merge_to_canonical,7236.0
90833,subsidized housing,1,13,Housing,keyword_match,medium,merge_to_canonical,7201.0
90839,adirondacks,3,16,,,,delete,
9084,croton point park,3,5,,,,delete,
90841,Sand Mining,1,1,,,,delete,
90846,Virtual Verification,1,4,,,,delete,
90847,highway infrastructure,12,20,Infrastructure,keyword_match,medium,merge_to_canonical,4521.0
90848,passenger cars,0,4,,,,delete,
90849,environmentally friendly,1,10,Environment,keyword_match,medium,merge_to_canonical,7036.0
9085,croton-on-hudson,12,5,,,,delete,
90850,Environmental conservartion,3,21,Environment,keyword_match,medium,merge_to_canonical,7036.0
90851,Saratoga Springs,16,20,,,,delete,
90855,hotel conversion,1,1,,,,delete,
90856,vacant commercial space,1,2,,,,delete,
90859,Spam protection,1,7,,,,delete,
9086,Tampon Tax,7,51,Taxes,keyword_match,medium,merge_to_canonical,7626.0
90860,Swimming Safety,7,2,,,,delete,
90861,NYPA; Northern New York Power Proceeds Allocation Act ; St. Lawrence County; Economic Development,1,0,,,,delete,
90862,250th Commemoration,1,5,,,,delete,
90863,American History,4,20,,,,delete,
90865,Postpartum Care,1,3,,,,delete,
90866,Beyond The Fourth Trimester,1,3,,,,delete,
90867,Session 2021;,1,4,,,,delete,
90868,Governor Nominations,2,7,,,,delete,
9087,Consecutive Sentencing,3,22,Criminal Justice Reform,keyword_match,medium,merge_to_canonical,8546.0
90877,Budget 2021,1,4,Budget,keyword_match,medium,merge_to_canonical,6786.0
90878,Build Back Better,3,18,,,,delete,
9088,bridges,25,64,,,,delete,
9089,community schools,12,64,Education,keyword_match,medium,merge_to_canonical,7001.0
9090,Senate Interns,13,20,,,,delete,
9091,Brian Kavanagh,3,12,,,,delete,
9092,CB3,5,8,,,,delete,
9093,Main Streets,30,57,,,,delete,
9094,Business Regulation Council,2,17,,,,delete,
9095,mohegan lake,2,1,,,,delete,
9096,richard doyle,1,0,,,,delete,
90962,State Roads,1,4,Transportation,keyword_match,medium,merge_to_canonical,7656.0
90963,Soil Health and Climate Resiliency Act,1,5,Health Care,keyword_match,medium,merge_to_canonical,7166.0
90964,Queens Power 100,1,1,,,,delete,
90965,City & State,3,9,,,,delete,
90966,childhood drowning,2,1,,,,delete,
90967,siblings,2,3,,,,delete,
90968,housing stability,0,8,Housing,keyword_match,medium,merge_to_canonical,7201.0
90969,Catskill Park,2,5,,,,delete,
9097,department of Agriculture and Markets,3,51,Agriculture,keyword_match,medium,merge_to_canonical,6716.0
90970,Mothers,4,27,,,,delete,
90971,safe summer,2,0,,,,delete,
90972,Pandemic,2,9,COVID-19 Pandemic,keyword_match,medium,merge_to_canonical,78756.0
90973,Westchester County Senior Hall of Fame,2,0,,,,delete,
90974,COVID-19; Westchester County,1,0,COVID-19 Pandemic,semicolon_first_term_seed,high,merge_to_canonical,78756.0
90975,Asian Victims of Violence;  Ardsley High School,1,0,,,,delete,
90976,White Plains; Elderly Asian-American Women Attacked,1,0,,,,delete,
9098,Digital Literacy,8,26,,,,delete,
90982,Hinchey End of Session Review,1,0,,,,delete,
90983,ethics oversight,2,40,Ethics,keyword_match,medium,merge_to_canonical,7051.0
90984,enforcement,1,7,,,,delete,
90985,turbovax,1,2,,,,delete,
90986,huge ma,1,0,,,,delete,
90989,escooters,3,2,,,,delete,
9099,District Update,24,112,,,,delete,
90990,Combatting Nitrogen Pollution,1,5,Environment,keyword_match,medium,merge_to_canonical,7036.0
90991,Utility Debt Securitization Authority,1,2,Utilities,keyword_match,medium,merge_to_canonical,7686.0
90992,Peter Sobel,1,0,,,,delete,
90993,Peter V. Sobol Memorial Bridge,1,0,,,,delete,
90994,Community Leader,1,1,,,,delete,
90995,Adirondack Park,7,30,,,,delete,
90996,Overweight Truck Enforcement,1,0,,,,delete,
90997,Weigh-In-Motion,2,1,,,,delete,
90998,Overweight Trucks,1,0,,,,delete,
90999,Exhaust Pollution; 2021 Legislative Session; S784B,1,1,Environment,semicolon_first_term_keyword,medium,merge_to_canonical,7036.0
9100,Recruit NY,3,10,,,,delete,
91001,Oceanside High School,1,1,Education,keyword_match,medium,merge_to_canonical,7001.0
91002,Teen Substance Abuse,1,2,Opioid & Substance Use,keyword_match,medium,merge_to_canonical,
91003,Public Takeover,1,1,,,,delete,
91004,Real Property Tax Exemption Task Force,1,6,Taxes,keyword_match,medium,merge_to_canonical,7626.0
91005,Wellness Week,1,1,,,,delete,
91006,Emergency Response,9,29,,,,delete,
91007,Empire Award; SD62;  Small Businesses,2,3,,,,delete,
91008,U.S. - Canadian Border,3,10,,,,delete,
9101,Senior Issues,34,135,,,,delete,
91010,Delt-8 THC,1,2,,,,delete,
91011,Youth Leadership Awards,7,4,Children,keyword_match,medium,merge_to_canonical,6816.0
91012,rudy giuliani,1,2,,,,delete,
91013,Class of 2021,1,2,,,,delete,
91016,alcohol-to-go,5,10,Opioid & Substance Use,keyword_match,medium,merge_to_canonical,
9102,Senior Center,9,27,,,,delete,
91022,Gubernatorial Appointments,1,0,,,,delete,
91023,Full Frontal With Samantha Bee,1,1,,,,delete,
91026,Rockefeller Park,1,1,,,,delete,
9103,Cooking,1,11,,,,delete,
91030,Crisis Response,5,15,,,,delete,
91031,New York City Board Of Elections,1,5,Elections,keyword_match,medium,merge_to_canonical,7011.0
91032,Workers' Mental Health,1,12,Health Care,keyword_match,medium,merge_to_canonical,7166.0
91033,NYCBOE,1,4,,,,delete,
91034,Outside Income Limit,1,1,,,,delete,
91035,Town of Lewisboro Police Department,1,0,First Responders,keyword_match,medium,merge_to_canonical,8930.0
91036,Eco-friendly vehicles,1,7,,,,delete,
91037,traffic fatality,2,11,,,,delete,
91038,South Side High School,1,0,Education,keyword_match,medium,merge_to_canonical,7001.0
9104,cherry blossoms,1,3,,,,delete,
91040,modified cars,2,5,,,,delete,
91041,4th of July,4,13,,,,delete,
91043,Emirati Day,2,0,,,,delete,
91044,Hofstra University,1,1,Higher Education,keyword_match,medium,merge_to_canonical,7176.0
91045,Long Island History,1,5,,,,delete,
91046,Workforce Mental Health,1,16,Health Care,keyword_match,medium,merge_to_canonical,7166.0
91047,Building Codes,4,20,,,,delete,
91048,NYS Codes,1,7,,,,delete,
91049,Building Inspections,1,8,,,,delete,
9105,cherry trees,1,2,,,,delete,
91052,Conservation Easement,1,5,Environment,keyword_match,medium,merge_to_canonical,7036.0
91053,Land Preservation,2,6,,,,delete,
91054,Peru,1,0,,,,delete,
91058,incarceration,5,7,Criminal Justice Reform,keyword_match,medium,merge_to_canonical,8546.0
9106,Confucius plaza,1,2,,,,delete,
9107,Entrepreneurship,28,86,,,,delete,
9108,Employment Bulletin,5,22,Jobs & Employment,keyword_match,medium,merge_to_canonical,7261.0
9109,Maternal Depression,12,28,,,,delete,
91091,home health care,4,10,Health Care,keyword_match,medium,merge_to_canonical,7166.0
91092,elders,6,11,,,,delete,
91093,wages,1,7,,,,delete,
91094,gun ownership,1,51,Gun Control,keyword_match,medium,merge_to_canonical,7141.0
91095,Hospice Care,1,1,,,,delete,
91096,Capital Region and Central New York,10,8,,,,delete,
91097,Lighthouse Initiative,5,1,,,,delete,
91098,the Hudson Valley,2,17,,,,delete,
91099,and Long Island,3,19,,,,delete,
9110,Health Insurance,64,521,Health Care,keyword_match,medium,merge_to_canonical,7166.0
91100,Western NY and the North Country,2,9,,,,delete,
91101,Opioid Settlement Fund,4,8,Opioid & Substance Use,keyword_match,medium,merge_to_canonical,
91102,Harm Reduction,3,9,,,,delete,
91103,Senator Republican Conference,1,2,,,,delete,
91104,Purdue Pharma,1,2,,,,delete,
91105,Dix Hills,1,0,,,,delete,
91106,Suffolk County Sheriff,1,3,,,,delete,
9111,Drug Prevention,25,81,Opioid & Substance Use,keyword_match,medium,merge_to_canonical,
91113,Overdose Prevention Centers,6,15,,,,delete,
91114,Rhode Island,1,0,,,,delete,
91115,Office of Temporary and Disability Assistance,1,23,Disability Rights,keyword_match,medium,merge_to_canonical,75029.0
91116,Stop Asian Hate,8,17,,,,delete,
91117,protect black women,1,7,,,,delete,
9112,Woman of Distinction,154,38,,,,delete,
91120,Racial and Religious Bias,3,23,,,,delete,
91121,BioReference,1,1,,,,delete,
91123,Office of the Deaf and Hard of Hearing,1,4,,,,delete,
91126,legislative redistricting,4,19,Elections,keyword_match,medium,merge_to_canonical,7011.0
91127,Leadership Award,1,4,,,,delete,
91128,Rural Schools Association,1,4,Education,keyword_match,medium,merge_to_canonical,7001.0
91129,and Homecare,5,21,,,,delete,
9113,Stony Brook University,13,10,Higher Education,keyword_match,medium,merge_to_canonical,7176.0
91132,NY Barns,1,1,,,,delete,
91133,Agricultural Architecture,1,4,Arts & Culture,keyword_match,medium,merge_to_canonical,80871.0
91134,State and Congressional Districts,5,9,,,,delete,
91139,monument,1,1,,,,delete,
9114,Parks and Recreation; Environment,12,147,State Parks & Recreation,semicolon_first_term_keyword,medium,merge_to_canonical,
91140,remediation,2,2,,,,delete,
91141,cleanup,2,4,,,,delete,
91142,NY Mets,1,0,,,,delete,
91145,New York State Department of Transportation,10,20,Transportation,keyword_match,medium,merge_to_canonical,7656.0
91146,Office of Cannabis Management (OCM),11,41,Cannabis Policy,keyword_match,medium,merge_to_canonical,
91151,Browns River,2,3,,,,delete,
91152,Cuomo investigations,5,14,Ethics,keyword_match,medium,merge_to_canonical,7051.0
91153,delta variant,1,8,,,,delete,
91154,Western Bays,2,1,,,,delete,
91155,Bay Park Project,1,1,,,,delete,
91156,Woodmere Golf Club,1,0,,,,delete,
91157,Small Business of the Month,3,7,Small Business,keyword_match,medium,merge_to_canonical,7561.0
91158,Bay Park,1,1,,,,delete,
91159,Direct Support Professionals,14,23,,,,delete,
9116,construction safety,3,20,Infrastructure,keyword_match,medium,merge_to_canonical,4521.0
91160,Early Intervention,4,11,,,,delete,
91162,College Fair,1,2,Higher Education,keyword_match,medium,merge_to_canonical,7176.0
91165,Disability Pride Month,2,16,Disability Rights,keyword_match,medium,merge_to_canonical,75029.0
91166,Excluded Workers Fund,6,9,,,,delete,
91167,Financial Relief,1,8,,,,delete,
91168,Undocumented Workers,1,3,,,,delete,
91169,Senate Commendation,1,1,,,,delete,
9117,personal needs allowance,4,8,,,,delete,
91170,Dementia Care,2,7,,,,delete,
91171,Long-Term Care,11,70,,,,delete,
91177,Elections; Voting Rights; Westchester,1,5,Elections,semicolon_first_term_seed,high,merge_to_canonical,7011.0
91179,Coram,2,0,,,,delete,
9118,nursing homes,54,165,Health Care,keyword_match,medium,merge_to_canonical,7166.0
91180,Coram Fire Department,1,0,,,,delete,
91181,Vigil,2,0,,,,delete,
91182,Haiti,11,10,,,,delete,
91183,Improving Road Safety,5,3,,,,delete,
91184,Heroic Rescue,2,1,,,,delete,
91185,MTA Chair,2,2,MTA,keyword_match,medium,merge_to_canonical,9222.0
91186,Janno Lieber,2,0,,,,delete,
91187,Sarah Feinberg,1,0,,,,delete,
91188,protect the environment,2,8,Environment,keyword_match,medium,merge_to_canonical,7036.0
91189,Mannion,157,37,,,,delete,
9119,sustainability,26,151,,,,delete,
91190,COPS program; law enforcement; crime,1,8,,,,delete,
91194,Authorities and Commisions,4,24,,,,delete,
91195,Workforce Challenges,1,25,Jobs & Employment,keyword_match,medium,merge_to_canonical,7261.0
91196,overdose crisis,2,7,,,,delete,
91197,Return To Work Tax Credit,2,6,Taxes,keyword_match,medium,merge_to_canonical,7626.0
91198,special olympics,4,2,,,,delete,
91199,Attorney General Investigation on Governor Cuomo,8,8,,,,delete,
9120,Volunteers,14,49,,,,delete,
91202,Attorney General Investigation of Governor Cuomo,13,25,,,,delete,
91203,Free Fishing Weekend,0,2,,,,delete,
91204,Crematories,0,5,,,,delete,
91205,Neighborhood Improvements,1,4,,,,delete,
91206,Native American Artifact Repatriation,0,6,,,,delete,
91207,Urban and Community Forestry,0,6,,,,delete,
91208,bridge,2,3,,,,delete,
9121,Multiple Sclerosis,2,4,,,,delete,
91210,Governor Andrew Cuomo; Sexual Harassment; Lieutenant Governor,1,4,,,,delete,
91211,Kyra's Law,15,51,,,,delete,
91212,Community Leadership,5,8,,,,delete,
91213,African American History,25,108,,,,delete,
91214,Honoring Community Leader,3,4,,,,delete,
91215,Gateway Youth Outreach,1,1,Children,keyword_match,medium,merge_to_canonical,6816.0
91217,Temporary Permits,1,1,,,,delete,
9122,Prescription drugs,31,173,Opioid & Substance Use,keyword_match,medium,merge_to_canonical,
91222,COMBATING COVID-19 VACCINE MISINFORMATION,6,67,Health Care,keyword_match,medium,merge_to_canonical,7166.0
91225,roadway repair,1,3,,,,delete,
91226,Cuomo resignation,7,9,,,,delete,
91227,Gov. Cuomo,1,1,,,,delete,
91228,Governor Cuomo's Resignation,8,4,,,,delete,
91229,Governor Hochul,33,184,,,,delete,
9123,Homeland Security and Military Affairs Meeting,7,31,Public Safety,keyword_match,medium,merge_to_canonical,8316.0
91230,Lieutenant Governor,11,7,,,,delete,
91231,Resignation,3,3,,,,delete,
91232,Governor Kathy Hochul,34,158,,,,delete,
91233,Governor Andrew Cuomo Resignation; Kathy Hochul; Lieutenant Governor,7,24,,,,delete,
91235,Kathy Hochul,4,18,,,,delete,
91236,The Empire State,1,2,,,,delete,
91238,Power To Feed,1,1,,,,delete,
9124,Arbor Day,1,13,,,,delete,
91241,Governor Andrew Cuomo Resignation; Kathy Hochul,4,8,,,,delete,
91243,Business Webinar,1,3,,,,delete,
91244,Ryan Patrick O'Shea Foundation,1,0,,,,delete,
91246,noise,1,2,,,,delete,
91247,mayor,1,2,,,,delete,
9125,unfunded mandates,20,59,,,,delete,
91250,Opposing BDS,5,3,,,,delete,
91255,HONDA,1,0,,,,delete,
91256,Sikh American Community,4,4,,,,delete,
91259,2021 Women of Distinction,9,31,Women of Distinction,keyword_match,medium,merge_to_canonical,8989.0
9126,Cold War Veterans,7,33,Veterans,keyword_match,medium,merge_to_canonical,7691.0
91261,Natural Emergencies,2,21,,,,delete,
91263,Afghanistan,4,30,,,,delete,
91267,Cannabis Workforce Initiative,0,20,Jobs & Employment,keyword_match,medium,merge_to_canonical,7261.0
91268,Cannabis Education Initiative,1,34,Education,keyword_match,medium,merge_to_canonical,7001.0
9127,aquatic invasive species,5,43,,,,delete,
91273,Governor's Resignation; Kathy Hochul; Andrew Cuomo,1,0,,,,delete,
91274,Death by Dealer,2,6,,,,delete,
91275,Water Damage Claims,2,2,,,,delete,
91277,india independence day,2,2,,,,delete,
91278,NoNRG,2,1,,,,delete,
91279,Power Plant,4,7,,,,delete,
9128,Women's Rights,58,634,Women's Rights,keyword_match,medium,already_canonical,9128.0
91280,Department of Veterans Affairs; Clinic; Veterans; Massena; Potsdam,1,6,Veterans,semicolon_first_term_keyword,medium,merge_to_canonical,7691.0
91286,governor,3,2,,,,delete,
91287,Excluded Worker Fund,1,3,,,,delete,
91288,COVID-19; Department of health,3,33,COVID-19 Pandemic,semicolon_first_term_seed,high,merge_to_canonical,78756.0
9129,Workers' Rights,28,259,Labor,keyword_match,medium,merge_to_canonical,7286.0
9130,Pension Forfeiture,12,46,,,,delete,
9131,Select Bus Service,3,8,,,,delete,
91310,COVID-19 Death Count,1,16,COVID-19 Pandemic,keyword_match,medium,merge_to_canonical,78756.0
91311,Marijuana Law,1,22,Cannabis Policy,keyword_match,medium,merge_to_canonical,
9132,SBS,3,2,,,,delete,
9133,NYPD,79,458,First Responders,keyword_match,medium,merge_to_canonical,8930.0
9134,graffiti,7,6,,,,delete,
9135,Sex Abuse,15,83,,,,delete,
9136,St. Patrick's Day,12,11,,,,delete,
9137,Rockaway Ferry,2,2,,,,delete,
9138,Rockaway,14,7,,,,delete,
91387,food assistance,3,17,,,,delete,
91389,Brian Benjamin,10,5,,,,delete,
9139,Job Fair,50,98,,,,delete,
91395,NYS Senator Shelley B. Mayer,2,4,,,,delete,
91396,Combating COVID-19 and Protecting New Yorkers; Public Health; Mask Mandates,4,169,COVID-19 Pandemic,semicolon_first_term_keyword,medium,merge_to_canonical,78756.0
91398,Critical Infrastructure,11,39,Infrastructure,keyword_match,medium,merge_to_canonical,4521.0
91399,S7312,1,2,,,,delete,
9140,recycling,68,286,Environment,keyword_match,medium,merge_to_canonical,7036.0
91400,State Technology Law,1,21,Technology Policy,keyword_match,medium,merge_to_canonical,
91402,Onam,4,1,,,,delete,
91404,Hunger Free Campus Act,3,26,Nutrition,keyword_match,medium,merge_to_canonical,7411.0
91405,International Overdose Awareness Day,2,5,,,,delete,
91406,COVID Deaths,1,8,COVID-19 Pandemic,keyword_match,medium,merge_to_canonical,78756.0
91407,Commissioner Zucker,3,3,,,,delete,
91408,Buffalo Bills,8,29,,,,delete,
91409,District 6,1,0,,,,delete,
9141,boy scouts,8,25,,,,delete,
91410,Open Meetings Law,11,32,,,,delete,
91415,Vaccination Cards,5,21,Health Care,keyword_match,medium,merge_to_canonical,7166.0
91416,Falsifying Vaccination Records,6,12,Health Care,keyword_match,medium,merge_to_canonical,7166.0
91417,eviction and foreclosure moratorium,1,9,Housing,keyword_match,medium,merge_to_canonical,7201.0
91418,NYS DEC,1,5,,,,delete,
91419,Jewish Community Council,3,3,,,,delete,
9142,Rockaway Beach,4,4,,,,delete,
91420,HIV/AIDS,2,3,Health Care,keyword_match,medium,merge_to_canonical,7166.0
91421,United States of America,2,24,,,,delete,
91422,Pentagon,1,3,,,,delete,
91429,Cannabis Control Board,7,52,Cannabis Policy,keyword_match,medium,merge_to_canonical,
9143,Boardwalk,2,4,,,,delete,
91430,Office of Cannabis Management,2,30,Cannabis Policy,keyword_match,medium,merge_to_canonical,
91432,Roe v. Wade,21,123,Reproductive Rights,keyword_match,medium,merge_to_canonical,9346.0
91433,Texas Abortion Law,1,13,Reproductive Rights,keyword_match,medium,merge_to_canonical,9346.0
91434,SB8,1,2,,,,delete,
91437,Hurricane Ida,11,3,,,,delete,
91438,Hardworking Men and Women,3,8,,,,delete,
91439,Bank of Greene County,1,1,,,,delete,
9144,street lights,2,9,,,,delete,
91440,Nassau County Police Department,3,4,First Responders,keyword_match,medium,merge_to_canonical,8930.0
91441,license plate readers,9,19,Transportation,keyword_match,medium,merge_to_canonical,7656.0
91442,Safe Center,2,6,,,,delete,
91443,Tropical Storm Ida,2,3,,,,delete,
91446,Civil Air Patrol,2,1,,,,delete,
91447,U.S. Air Force,1,0,,,,delete,
91448,construction grants,1,1,Infrastructure,keyword_match,medium,merge_to_canonical,4521.0
91449,Mobile Office Hours,8,2,,,,delete,
9145,School Safety Agents,6,17,Education,keyword_match,medium,merge_to_canonical,7001.0
91450,nys fair,2,7,,,,delete,
91456,ARP funds,2,2,,,,delete,
91458,combating Islamophobia,9,29,,,,delete,
91459,anti-Muslim bias,1,6,,,,delete,
9146,Allergies,11,57,,,,delete,
91463,Construction Aid,2,8,Infrastructure,keyword_match,medium,merge_to_canonical,4521.0
91465,Farm Labor Wage Board,4,11,Labor,keyword_match,medium,merge_to_canonical,7286.0
91466,Constitutional Freedoms,8,40,,,,delete,
9147,Medicaid Coverage,4,48,Medicaid,keyword_match,medium,merge_to_canonical,7331.0
91470,2021 Woman of Distinction,4,7,,,,delete,
91471,suicide prevention month,4,1,Mental Health,keyword_match,medium,merge_to_canonical,7346.0
91472,Traumatic Brain Injury,9,8,,,,delete,
91473,TBI Service Delivery,1,1,,,,delete,
91474,Great Lakes Cheese,3,0,,,,delete,
91475,IRC,1,1,,,,delete,
91476,Legislative Maps,2,8,,,,delete,
91477,New Hyde Park,2,0,,,,delete,
91478,Office of Mental Health,1,17,Health Care,keyword_match,medium,merge_to_canonical,7166.0
91479,Protect Jobs,1,3,Jobs & Employment,keyword_match,medium,merge_to_canonical,7261.0
9148,FASNY,5,3,,,,delete,
91480,Disabilities Services,19,42,Disability Rights,keyword_match,medium,merge_to_canonical,75029.0
91481,Quarantine Policy,1,6,,,,delete,
91482,workforce shortage,5,21,Jobs & Employment,keyword_match,medium,merge_to_canonical,7261.0
91483,Mask Mandate,18,158,COVID-19 Pandemic,keyword_match,medium,merge_to_canonical,78756.0
91484,NYS Grown and Certified,1,4,,,,delete,
91485,Fibers,1,1,,,,delete,
91486,Water Wells,1,3,,,,delete,
91487,Town of Warwick,3,1,,,,delete,
91488,Glasco Turnpike,1,0,,,,delete,
91489,Ramapo-Catskill,1,0,,,,delete,
9149,Nurses,18,112,,,,delete,
91494,Acts of Hate,10,47,,,,delete,
91499,DOH Regulations,1,11,,,,delete,
9150,New York State Senate,63,588,,,,delete,
91500,COVID-19 vaccines,2,48,Health Care,keyword_match,medium,merge_to_canonical,7166.0
91501,Woman of Distinction Honoree,4,0,,,,delete,
91506,libraries. library construction,9,20,Libraries,keyword_match,medium,merge_to_canonical,8131.0
91507,Whitey Ford,1,0,,,,delete,
91508,Reapportionment,8,8,,,,delete,
91509,State Constitution,1,7,,,,delete,
9151,Special Prosecutor,1,4,,,,delete,
91510,Pre-k funding,5,8,,,,delete,
91511,League of Conservation Voters,1,3,Environment,keyword_match,medium,merge_to_canonical,7036.0
91512,Less is More Legislation,4,8,,,,delete,
91513,Less is More Act,3,6,,,,delete,
91514,Food relief,1,11,,,,delete,
91515,Small Landlord Support,3,17,,,,delete,
9152,Technology,63,245,Technology Policy,keyword_match,medium,merge_to_canonical,
91520,Erie Embankment Integrity Program (EEIP),1,1,,,,delete,
91523,Virtual Career Fair,1,5,,,,delete,
91525,Masks,9,33,,,,delete,
91526,NYS Liberty Medal; Gold Star Families; Military,2,10,,,,delete,
91527,Fort Totten,2,0,,,,delete,
91528,Lake Erie Grape Belt,1,0,,,,delete,
91529,Concord Grape,1,0,,,,delete,
9153,Homeowners,44,372,Housing,keyword_match,medium,merge_to_canonical,7201.0
91530,NYS DOH,2,12,,,,delete,
91531,Central Business District Tolling Program,3,1,,,,delete,
91532,Correctional Crisis,3,11,Criminal Justice Reform,keyword_match,medium,merge_to_canonical,8546.0
91533,Protecting Our Environment,2,10,Environment,keyword_match,medium,merge_to_canonical,7036.0
91534,paralympics,1,1,,,,delete,
91539,Elmont School District,2,0,Education,keyword_match,medium,merge_to_canonical,7001.0
9154,Translation Services,9,16,,,,delete,
91540,Charges,1,2,,,,delete,
91543,Frontotemporal Degeneration Awareness Week,1,0,,,,delete,
91544,FTD,1,1,,,,delete,
91546,Nominations,3,3,,,,delete,
91547,Hudson River Valley Ramble,1,1,Environment,keyword_match,medium,merge_to_canonical,7036.0
91548,Land conservation,2,11,Environment,keyword_match,medium,merge_to_canonical,7036.0
91549,eliminate court surcharges and fees,1,6,,,,delete,
9155,Cyber Security,28,174,Data Privacy,keyword_match,medium,merge_to_canonical,75986.0
91550,Language Justice,2,4,,,,delete,
91551,municipal needs,1,6,Local Government,keyword_match,medium,merge_to_canonical,7326.0
91552,OASAS,7,7,,,,delete,
91553,Court of Appeals,42,80,,,,delete,
91554,Commission on Judicial Nominations,9,10,Judiciary,keyword_match,medium,merge_to_canonical,7271.0
91555,Farmworkers; wage board; overtime,8,17,,,,delete,
9156,Cyber Crimes,6,45,,,,delete,
91560,Empire State Trail,1,5,,,,delete,
91566,Kaufman Astoria Studios,1,0,,,,delete,
91567,Film and TV industry,6,10,,,,delete,
91568,Emergency Response Infrastructure,0,3,Infrastructure,keyword_match,medium,merge_to_canonical,4521.0
9157,Cyber Terrorism,6,37,Public Safety,keyword_match,medium,merge_to_canonical,8316.0
91570,Adolescents,1,10,,,,delete,
91575,Shirley Chisholm,0,3,,,,delete,
91577,COVID-19 Antibody Testing. Addabbo,1,3,COVID-19 Pandemic,keyword_match,medium,merge_to_canonical,78756.0
9158,Civil Service and Pension,2,55,Civil Service & Pensions,keyword_match,medium,merge_to_canonical,
91581,Executive authority,1,3,,,,delete,
91582,American Airpower Museum,1,2,,,,delete,
91583,Senate District 38,1,0,,,,delete,
91584,Senator Reichlin-Melnick,1,0,,,,delete,
91586,AirTrain,1,5,,,,delete,
91587,LGA AirTrain,3,3,,,,delete,
91588,Port Authority,4,3,,,,delete,
91589,Sound the Alarm,4,4,,,,delete,
9159,Investigations and Government,6,53,Ethics,keyword_match,medium,merge_to_canonical,7051.0
91590,Free Smoke Alarms,5,17,,,,delete,
91599,Child tax credit,22,15,Taxes,keyword_match,medium,merge_to_canonical,7626.0
9160,Construction and Community,3,16,Infrastructure,keyword_match,medium,merge_to_canonical,4521.0
91604,Pittsford,2,0,,,,delete,
91605,Pittsford School District,1,0,Education,keyword_match,medium,merge_to_canonical,7001.0
91606,Earthen Embankment Integrity Program,1,0,,,,delete,
91608,Hicksville,3,1,,,,delete,
91609,Simone Biles,1,0,,,,delete,
9161,Mayoral Control,23,44,,,,delete,
91610,The Olympic Games,1,0,,,,delete,
91611,#AbortionJustice,4,432,Reproductive Rights,keyword_match,medium,merge_to_canonical,9346.0
91612,Cleaning Supplies,1,2,,,,delete,
91613,Combating COVID-19; Testing,2,21,COVID-19 Pandemic,semicolon_first_term_keyword,medium,merge_to_canonical,78756.0
91614,Bridge Dedication,8,0,,,,delete,
91615,Flower Hill,1,0,,,,delete,
91616,Public Space,4,7,,,,delete,
91617,Fighting Extortion,5,1,,,,delete,
91618,Honor Flight,1,2,,,,delete,
91619,Honor Flight Long Island,1,1,,,,delete,
9162,West Point Day,12,2,,,,delete,
91620,Illegal Eviction,1,4,Tenant Rights,keyword_match,medium,merge_to_canonical,61615.0
91621,War Memorial,1,0,,,,delete,
91622,York Street Station,2,0,,,,delete,
91623,Ferry Service,4,2,,,,delete,
91624,5 World Trade Center,7,9,,,,delete,
91625,Museum of Jewish Heritage,1,1,,,,delete,
91628,Electric Vehicles,14,34,Transportation,keyword_match,medium,merge_to_canonical,7656.0
9163,Student Council,2,1,Education,keyword_match,medium,merge_to_canonical,7001.0
91630,F Train,1,1,,,,delete,
91632,Smithtown Sewers,1,0,,,,delete,
91633,Supervisor Ed Wehrheim,1,0,,,,delete,
91635,Coffee with Cops,2,14,,,,delete,
91638,Healthcare Worker Shortage,3,27,Health Care,keyword_match,medium,merge_to_canonical,7166.0
9164,Food Drive,57,113,,,,delete,
91642,short-term apartment rental,2,4,,,,delete,
91643,NYC Mayor's Office of Special Enforcement,1,0,,,,delete,
91644,Artists,1,7,,,,delete,
91646,rentals,3,10,,,,delete,
91647,rental units,1,7,,,,delete,
91648,apartments,2,23,,,,delete,
91649,local,1,8,,,,delete,
9165,Mother's Day,9,8,,,,delete,
91651,vaccine mandates,2,54,Health Care,keyword_match,medium,merge_to_canonical,7166.0
91654,lead-based paint exposure,1,1,,,,delete,
9166,Animal Advocacy,44,361,Animal Welfare,keyword_match,medium,merge_to_canonical,9462.0
91661,Independent Redistricting Commission; Redistricting; Constitutional Amendment,3,9,Elections,semicolon_first_term_keyword,medium,merge_to_canonical,7011.0
91662,no north brooklyn pipeline,1,1,,,,delete,
91667,Protecting Victims,3,11,,,,delete,
9167,Pet Safety,3,39,,,,delete,
91675,Opioid Prevention,1,3,Opioid & Substance Use,keyword_match,medium,merge_to_canonical,
91676,Treatment & Recovery Funding,1,5,,,,delete,
9169,tenant harassment,7,38,,,,delete,
9170,rent laws,17,147,Tenant Rights,keyword_match,medium,merge_to_canonical,61615.0
9171,tenants,71,554,Housing,keyword_match,medium,merge_to_canonical,7201.0
9172,indigent legal services,6,17,,,,delete,
9173,Bag Tax,9,107,Taxes,keyword_match,medium,merge_to_canonical,7626.0
9174,craft breweries,6,23,,,,delete,
9175,Women's Bar Association,2,7,,,,delete,
9176,Police Memorial,8,15,First Responders,keyword_match,medium,merge_to_canonical,8930.0
9177,Sugar Sweetened Drinks,1,9,,,,delete,
9178,Obesity,2,30,,,,delete,
91785,Early Voting; Elections,8,52,Voting Rights,semicolon_first_term_keyword,medium,merge_to_canonical,9001.0
91786,Mobile Testing,1,4,,,,delete,
91787,Rapid Testing,2,13,,,,delete,
91788,New Hartford Fire Department,1,2,,,,delete,
9179,Ticket Law,12,16,,,,delete,
91793,Electrification,4,2,,,,delete,
91794,ballot proposals,2,19,Elections,keyword_match,medium,merge_to_canonical,7011.0
91795,Correctional Health,1,7,Health Care,keyword_match,medium,merge_to_canonical,7166.0
91798,Levittown,1,1,,,,delete,
9180,Ticker Reform,1,3,,,,delete,
91801,El Mofongo,1,2,,,,delete,
91807,NYS Senator Sean,0,2,,,,delete,
91808,Taxis,2,2,,,,delete,
91809,Debt Relief,2,20,,,,delete,
9181,Ticket Extender,4,3,,,,delete,
91814,Lackawanna Fallfest,1,2,,,,delete,
91816,Power Plants,2,2,,,,delete,
9182,2016 Women of Distinction,70,29,Women of Distinction,keyword_match,medium,merge_to_canonical,8989.0
91820,Danskammer,1,0,,,,delete,
91821,Trick or Treat,1,4,,,,delete,
91822,Zero emission lawn care,1,5,,,,delete,
91825,New York State Thruway Authority; DOT,1,4,,,,delete,
91829,Gansevoort Market Historic District,2,0,,,,delete,
9183,College,48,268,Higher Education,keyword_match,medium,merge_to_canonical,7176.0
91836,Bystander Intervention,2,13,,,,delete,
91837,Anti-Asian Violence,8,30,,,,delete,
91838,stadium,2,3,,,,delete,
91839,Gun Violence Prevention Funding,3,24,Gun Control,keyword_match,medium,merge_to_canonical,7141.0
9184,early childhood,4,26,,,,delete,
91840,Queens College,1,1,Higher Education,keyword_match,medium,merge_to_canonical,7176.0
91841,bail law; criminal justice;,5,56,Criminal Justice Reform,semicolon_first_term_keyword,medium,merge_to_canonical,8546.0
91846,LRAP,2,0,,,,delete,
91847,Vet reporting,1,3,,,,delete,
9185,2016 Woman of Distinction,4,26,,,,delete,
91850,Visitation,2,2,,,,delete,
91852,Restoration of Honor Act,1,0,,,,delete,
91853,college choice tuition savings account,1,7,Higher Education,keyword_match,medium,merge_to_canonical,7176.0
91859,Climate Chan,0,7,,,,delete,
9186,bicycle safety,29,91,,,,delete,
91860,Treatment Not Jails,1,7,,,,delete,
91861,Whistleblower,1,3,,,,delete,
91862,Labor Law,2,21,Labor,keyword_match,medium,merge_to_canonical,7286.0
91863,Pay Transparency,2,58,Ethics,keyword_match,medium,merge_to_canonical,7051.0
9187,Construction and Community Development,65,284,Infrastructure,keyword_match,medium,merge_to_canonical,4521.0
91871,daylight saving time,3,31,,,,delete,
91872,loud cars,1,2,,,,delete,
91873,Farmingdale Public Library,1,1,Libraries,keyword_match,medium,merge_to_canonical,8131.0
91875,Universal Childcare,13,20,Child Care,keyword_match,medium,merge_to_canonical,9530.0
91876,NYCunder3,1,1,,,,delete,
91877,Flood Insurance,2,9,Insurance,keyword_match,medium,merge_to_canonical,7236.0
91878,Parole Justice,3,17,Criminal Justice Reform,keyword_match,medium,merge_to_canonical,8546.0
91879,Fair & Timely Parole,3,15,Criminal Justice Reform,keyword_match,medium,merge_to_canonical,8546.0
9188,FDNY,29,61,,,,delete,
91882,northern border; canada,7,8,,,,delete,
91885,Suffolk County Community College,1,1,Higher Education,keyword_match,medium,merge_to_canonical,7176.0
91886,Selden,1,1,,,,delete,
91887,Legislator Nick Caracappa,1,1,,,,delete,
91888,Assemblyman Doug Smith,1,3,,,,delete,
9189,Greenpoint,4,6,,,,delete,
91895,Southport Correctional Facility,1,3,Criminal Justice Reform,keyword_match,medium,merge_to_canonical,8546.0
91896,Double Bunking,1,0,,,,delete,
91897,Consumer Debt,4,25,,,,delete,
91899,Universal Childcare; Childcare Funding; Childcare;,3,25,Child Care,semicolon_first_term_keyword,medium,merge_to_canonical,9530.0
9190,Empire State Development,19,61,,,,delete,
91900,2021 Veterans Hall of Fame,0,10,Veterans,keyword_match,medium,merge_to_canonical,7691.0
91902,Veterans Benefits,2,7,Veterans,keyword_match,medium,merge_to_canonical,7691.0
91903,GOSR,1,0,,,,delete,
91904,Downtown Island Park Revitalization Project,1,1,,,,delete,
91905,Long Island State Senate delegation,1,2,,,,delete,
91906,consumer protections,2,11,Consumer Protection,keyword_match,medium,merge_to_canonical,6886.0
91907,telecom companies,2,3,,,,delete,
91908,Federal Communications Commission,1,2,,,,delete,
91909,STIR/SHAKEN Act,1,0,,,,delete,
9191,DEC,26,136,,,,delete,
91910,online,1,2,,,,delete,
91911,National Council of Jewish Women-Peninsula Section,1,0,,,,delete,
91912,85 years,1,3,,,,delete,
91913,Silver Lake Park,1,0,,,,delete,
91914,Silver Park Drainage Project,1,1,,,,delete,
91915,Inwood Park,1,0,,,,delete,
91916,Dream Court,1,0,,,,delete,
91917,Andrew Cuomo,2,3,,,,delete,
91918,Reimbursment,1,5,,,,delete,
9192,Hunting,28,201,,,,delete,
91921,gas taxes,4,33,Taxes,keyword_match,medium,merge_to_canonical,7626.0
91922,student of the month,1,0,Education,keyword_match,medium,merge_to_canonical,7001.0
91925,Child Care; Child Care Accessibility,4,20,Child Care,semicolon_first_term_seed,high,merge_to_canonical,9530.0
91929,highway dedication,3,0,Transportation,keyword_match,medium,merge_to_canonical,7656.0
9193,Trapping,1,14,,,,delete,
91930,Child Care; Child Care Accessibility; Universal Childcare,12,36,Child Care,semicolon_first_term_seed,high,merge_to_canonical,9530.0
91931,Defense,2,3,,,,delete,
91932,Child Care; Universal Childcare,2,15,Child Care,semicolon_first_term_seed,high,merge_to_canonical,9530.0
91933,Supply Chain; Snow Plows; Computer Chips;,1,2,,,,delete,
91934,Criminal Legal System,1,9,,,,delete,
91936,Infrastructure; Federal Funding,1,10,Infrastructure,semicolon_first_term_seed,high,merge_to_canonical,4521.0
91937,Rate Hikes,6,13,,,,delete,
91938,Used Cars,1,2,,,,delete,
91939,Mandatory arbitration,1,1,,,,delete,
9194,E-impersonation,1,17,,,,delete,
91940,Veteran Students,1,7,Education,keyword_match,medium,merge_to_canonical,7001.0
91941,Smart Speakers,1,0,,,,delete,
91942,voice recordings,1,1,,,,delete,
91943,For-Profit Colleges,1,7,Higher Education,keyword_match,medium,merge_to_canonical,7176.0
91944,For-Profit Universities,1,5,,,,delete,
91945,School Holidays,3,1,Education,keyword_match,medium,merge_to_canonical,7001.0
91946,Eid al-Fitr,7,1,,,,delete,
91947,Eid al-Adha,2,1,,,,delete,
91948,Gym Memberships,1,5,,,,delete,
91949,Cancelling Gym Memberships,1,6,,,,delete,
9195,Bullying,4,78,,,,delete,
91950,Women Veterans Advisory Committee,1,2,Veterans,keyword_match,medium,merge_to_canonical,7691.0
91951,Small business grants,0,6,Small Business,keyword_match,medium,merge_to_canonical,7561.0
91956,Covid Vaccine. Roundtable,1,19,Health Care,keyword_match,medium,merge_to_canonical,7166.0
91958,Consumer Directed Personal Assistance Program,5,6,,,,delete,
91959,rap music,1,4,,,,delete,
9196,No Bag Tax,2,43,Taxes,keyword_match,medium,merge_to_canonical,7626.0
91960,Cuomo,1,2,,,,delete,
91962,#HouseNY,1,143,,,,delete,
91963,START Act,1,1,,,,delete,
9197,Open Space,13,46,,,,delete,
9198,Williamsburg,5,9,,,,delete,
9199,Bushwick Inlet Park,5,7,,,,delete,
9200,regulatory reform,31,122,,,,delete,
9201,Fire Department,26,60,,,,delete,
9202,Community Meeting,20,49,,,,delete,
92029,Industrial Hemp,0,3,,,,delete,
9203,Department of Transportation,64,237,Transportation,keyword_match,medium,merge_to_canonical,7656.0
9204,First Resonders,14,101,,,,delete,
92040,Police Community Relations,1,3,First Responders,keyword_match,medium,merge_to_canonical,8930.0
92041,Suffolk County Police Department,2,3,First Responders,keyword_match,medium,merge_to_canonical,8930.0
92042,SCPD 6th Precinct,1,1,,,,delete,
92045,Impeachment; COVID-19; COVID-19 in Nursing Homes; Pandemic Review,1,5,,,,delete,
92046,giving back,3,8,,,,delete,
92047,toiletry drive,3,1,,,,delete,
92048,vaccine bus,1,0,Health Care,keyword_match,medium,merge_to_canonical,7166.0
92049,Shopping Safety,1,1,,,,delete,
9205,Fire,19,31,,,,delete,
92050,Senior Guide,2,4,,,,delete,
92051,Diversity in the Workforce,7,13,Jobs & Employment,keyword_match,medium,merge_to_canonical,7261.0
92058,press freedom,3,2,,,,delete,
9206,Stop the Violence,8,32,,,,delete,
92063,sales tax relief,1,3,Taxes,keyword_match,medium,merge_to_canonical,7626.0
92064,public bodies,2,1,,,,delete,
92065,open meetings,6,21,,,,delete,
92066,visitability,1,6,,,,delete,
92067,accessible housing,10,90,Housing,keyword_match,medium,merge_to_canonical,7201.0
92068,residence,1,21,,,,delete,
92069,Matthew Falcone,11,0,,,,delete,
9207,Bike,7,52,,,,delete,
92070,retail permit,1,1,,,,delete,
92072,Marriage License,2,3,,,,delete,
92073,vaccine card,1,27,Health Care,keyword_match,medium,merge_to_canonical,7166.0
92074,power failure,1,21,,,,delete,
92075,manhasset,8,4,,,,delete,
92076,workforce,3,25,Jobs & Employment,keyword_match,medium,merge_to_canonical,7261.0
92077,assessor,1,3,,,,delete,
92078,Sojourner Truth Day,1,1,,,,delete,
92079,intolerance,0,0,,,,delete,
9208,Bike Tour,1,12,,,,delete,
92085,Independent Redistricting Commission; Redistricting,6,15,Elections,semicolon_first_term_keyword,medium,merge_to_canonical,7011.0
92086,Sunnyside Community Services,1,2,,,,delete,
92087,Food Procurement,1,10,,,,delete,
92088,Stony Brook Children's Hospital,3,3,Health Care,keyword_match,medium,merge_to_canonical,7166.0
92089,Prisons; Corrections Officers; DOCCS; Violent Inmate Attacks,10,48,Criminal Justice Reform,semicolon_first_term_keyword,medium,merge_to_canonical,8546.0
9209,Exercise,7,24,,,,delete,
92090,Stony Brook University Cancer Center,2,0,Health Care,keyword_match,medium,merge_to_canonical,7166.0
92091,Mobile Mammography,12,11,,,,delete,
92097,Carlos' Law,1,1,,,,delete,
92099,Car Tax,1,5,Taxes,keyword_match,medium,merge_to_canonical,7626.0
9210,Brooklyn Greenway Initiative,3,19,,,,delete,
9211,Bike New York,13,65,,,,delete,
92115,Dubai,1,0,,,,delete,
92117,north hempstead,4,3,,,,delete,
92118,Trucking Industry,4,3,,,,delete,
92119,Energy Affordability,24,92,Affordability,keyword_match,medium,merge_to_canonical,9076.0
9212,East Brooklyn,1,5,,,,delete,
92120,HAF,3,1,,,,delete,
92121,Homeowners Assistance Fund,5,21,Housing,keyword_match,medium,merge_to_canonical,7201.0
92122,New York State Homeowners Assistance Fund,3,17,Housing,keyword_match,medium,merge_to_canonical,7201.0
92124,Session Planning,2,3,,,,delete,
92125,Local Priorities,4,13,,,,delete,
9213,4-H,8,31,,,,delete,
92134,Senior Pet Month,1,1,,,,delete,
92135,Noodle the Pug,1,0,,,,delete,
92136,Voting Integrity,1,3,Voting Rights,keyword_match,medium,merge_to_canonical,9001.0
9214,Environmental Justice,22,266,Environment,keyword_match,medium,merge_to_canonical,7036.0
92141,Voting; Elections,1,9,Voting Rights,semicolon_first_term_keyword,medium,merge_to_canonical,9001.0
92142,State Financial Restructuring Board,1,3,,,,delete,
92143,taxpayer,1,3,Budget,keyword_match,medium,merge_to_canonical,6786.0
92144,Emergency Department,1,2,,,,delete,
92145,Mount Sinai South Nassau,1,0,,,,delete,
92146,sales,1,1,,,,delete,
9215,Plastic Bags,21,138,Environment,keyword_match,medium,merge_to_canonical,7036.0
92154,Education Public Schools; Halal & Kosher Food; School Lunches,1,9,Education,semicolon_first_term_keyword,medium,merge_to_canonical,7001.0
92156,Historic Barn Rehabilitation Tax Credit,1,2,Taxes,keyword_match,medium,merge_to_canonical,7626.0
92157,homeowner assistance fund,3,9,Housing,keyword_match,medium,merge_to_canonical,7201.0
92158,helping homeowners,7,24,Housing,keyword_match,medium,merge_to_canonical,7201.0
9216,Clean Energy Standard,5,99,Renewable Energy,keyword_match,medium,merge_to_canonical,7511.0
9217,Offshore Wind,18,53,,,,delete,
9218,Public Service Commission,53,112,Utilities,keyword_match,medium,merge_to_canonical,7686.0
9219,Cultural Institutions,9,41,Arts & Culture,keyword_match,medium,merge_to_canonical,80871.0
9220,Re-Entry Services,10,29,,,,delete,
9221,John Flowers,1,0,,,,delete,
9222,MTA,261,645,MTA,seed_exact,high,already_canonical,9222.0
9223,L Train,7,22,,,,delete,
9224,Guyana,2,0,,,,delete,
92240,scott,1,0,,,,delete,
92242,Mineola,1,0,,,,delete,
92243,local decision-making,1,9,,,,delete,
92244,250 Water Street,19,12,,,,delete,
92245,Environmental Remediation,1,14,Environment,keyword_match,medium,merge_to_canonical,7036.0
9225,Legislative Report,3,17,,,,delete,
92255,Farm Labor Act,1,5,Labor,keyword_match,medium,merge_to_canonical,7286.0
92256,Guaghran,1,0,,,,delete,
9226,2nd Amendment,10,513,Gun Control,keyword_match,medium,merge_to_canonical,7141.0
92262,2022-2023 Executive Budget,10,43,Budget,keyword_match,medium,merge_to_canonical,6786.0
92263,Dwyer Program,1,0,,,,delete,
92264,Blood Shortage,7,7,,,,delete,
92265,2022 U.S. Presidential Scholar Nominee,2,6,,,,delete,
92266,Infrastructure Improvement,9,8,Infrastructure,keyword_match,medium,merge_to_canonical,4521.0
92267,bad landlords,3,34,,,,delete,
9227,College Affordability,50,372,Higher Education,keyword_match,medium,merge_to_canonical,7176.0
92276,nongovernmental,1,0,,,,delete,
92277,state-paid staff,1,3,,,,delete,
92278,volun-told,1,0,,,,delete,
92279,Public Officers Law,1,8,,,,delete,
9228,student safety,10,42,Education,keyword_match,medium,merge_to_canonical,7001.0
92280,Parkland,4,12,,,,delete,
92281,Emily Warren Roebling,1,2,,,,delete,
92282,western Queens,1,3,,,,delete,
92284,State Regional Economic Grants,1,6,,,,delete,
92285,2022 Legislative Session,20,153,,,,delete,
92287,Shoplifting; Coronavirus Pandemic; Law Enforcement,1,15,,,,delete,
92288,testing sites,3,3,,,,delete,
9229,Sexual Violence,20,97,,,,delete,
92293,Cell Phones For Soldiers; Military; Calling Cards,6,11,,,,delete,
92297,Bridge NY,3,3,,,,delete,
92302,Susbtance Abuse Treatment,1,0,,,,delete,
92304,Department of criminal justice services,1,13,Criminal Justice Reform,keyword_match,medium,merge_to_canonical,8546.0
92305,NYS Ombudsman,4,3,,,,delete,
92306,Residents' Bill of Rights,1,8,,,,delete,
92307,Childbirth,6,22,,,,delete,
92308,Eviction Proposal,2,3,Tenant Rights,keyword_match,medium,merge_to_canonical,61615.0
92309,Sen. Salazar,1,0,,,,delete,
9231,Resources,7,44,,,,delete,
92310,Pharmacies; COVID-19,1,3,,,,delete,
92312,National Suicide Hotline Designation Act of 2020,1,1,,,,delete,
92314,Ontario County,2,0,,,,delete,
92315,Public Participation,1,1,,,,delete,
92316,Rulemaking,3,4,,,,delete,
92317,Domestic Violence Records for Prosecutors,1,10,Domestic Violence,keyword_match,medium,merge_to_canonical,6971.0
92319,Farm Laborers Wage Board,9,11,Agriculture,keyword_match,medium,merge_to_canonical,6716.0
9232,United Federation of Teacher,1,8,,,,delete,
92321,Test to Stay,1,13,,,,delete,
92322,City of New York,1,5,,,,delete,
92323,Governor of New York,1,5,,,,delete,
92324,COVID-19 Treatments,1,14,COVID-19 Pandemic,keyword_match,medium,merge_to_canonical,78756.0
92325,NYS HAF,2,2,,,,delete,
92326,Medical Debt,2,15,,,,delete,
92327,upstate health equity,1,6,Health Care,keyword_match,medium,merge_to_canonical,7166.0
92328,Youth Justice Reform,1,8,Children,keyword_match,medium,merge_to_canonical,6816.0
92329,workforce crisis,1,4,Jobs & Employment,keyword_match,medium,merge_to_canonical,7261.0
9233,Charter Schools,24,94,Education,keyword_match,medium,merge_to_canonical,7001.0
92330,science education,1,5,Education,keyword_match,medium,merge_to_canonical,7001.0
92331,Term Limits; Good Government Reform,1,7,Elections,semicolon_first_term_keyword,medium,merge_to_canonical,7011.0
92332,strong economy,1,0,Economic Development,keyword_match,medium,merge_to_canonical,6996.0
92333,business opportunity,2,1,,,,delete,
92334,security for the vulnerable,1,1,,,,delete,
92335,Take Back New York 2022,5,29,,,,delete,
92336,Virtual Press,1,1,,,,delete,
9234,Rail Crossing,1,1,,,,delete,
9235,Policy Body Camera,0,9,,,,delete,
9236,FOIL,19,61,,,,delete,
9237,Freedom of information,5,65,,,,delete,
92379,2022 State of the State,9,26,,,,delete,
9238,Police Body Camera,6,70,First Responders,keyword_match,medium,merge_to_canonical,8930.0
92380,Interborough Express,4,2,,,,delete,
92381,Take Back New York,1,2,,,,delete,
92382,January 6th Insurrection,19,92,,,,delete,
92383,Universal Broadband,1,7,Telecommunications,keyword_match,medium,merge_to_canonical,7631.0
92384,Workforce Training,2,11,Jobs & Employment,keyword_match,medium,merge_to_canonical,7261.0
92385,light pollution,2,5,Environment,keyword_match,medium,merge_to_canonical,7036.0
92386,2022 State of the State Address,4,8,,,,delete,
92387,2022 Legislative Session; Opening Remarks,1,7,,,,delete,
92388,SD35; Historic Business Preservation Registry,1,0,,,,delete,
9239,2016 Veterans Hall of Fame,0,36,Veterans,keyword_match,medium,merge_to_canonical,7691.0
9240,Workforce and Development,8,61,Jobs & Employment,keyword_match,medium,merge_to_canonical,7261.0
9241,Task Force on Workforce Development,22,53,Jobs & Employment,keyword_match,medium,merge_to_canonical,7261.0
9242,Veterans Services,49,289,Veterans,keyword_match,medium,merge_to_canonical,7691.0
9243,Freddie Gray,1,4,,,,delete,
92433,New York City Department of Education,3,26,Education,keyword_match,medium,merge_to_canonical,7001.0
9244,CAMPAIGN FINANCE REFORMS,1,45,Finance,keyword_match,medium,merge_to_canonical,7081.0
92442,Coronavirus Pandemic; COVID-19: Nursing Homes; Visitation; Testing,2,15,COVID-19 Pandemic,semicolon_first_term_keyword,medium,merge_to_canonical,78756.0
9245,Combating Heroin and Opioid Addiction,185,563,Opioid & Substance Use,seed_exact,high,merge_to_canonical,
9246,Scholarship Opportunities,11,64,,,,delete,
92460,New York State Attorney General Letitia James,1,6,,,,delete,
92461,Shake a Paw,1,1,,,,delete,
92464,NYC OATH,3,0,,,,delete,
92465,City of Long Beach,1,1,,,,delete,
92466,smart water meter system,1,2,,,,delete,
92467,green innovation grant program,1,1,,,,delete,
92468,utility transparency,1,4,Ethics,keyword_match,medium,merge_to_canonical,7051.0
92469,HERALD PERSON OF THE YEAR,1,1,,,,delete,
9247,VHOF,1,0,,,,delete,
92470,Senator Cooney,4,1,,,,delete,
92472,pit bulls,1,2,,,,delete,
92473,Senator Jeremy Cooney,10,3,,,,delete,
92474,Architecture,2,1,,,,delete,
9248,Iraq and Afghanistan Veterans,8,60,Veterans,keyword_match,medium,merge_to_canonical,7691.0
9249,Correction Officers,23,86,,,,delete,
92490,Upstate Cities,6,16,Local Government,keyword_match,medium,merge_to_canonical,7326.0
9250,NYSCOPBA,5,5,,,,delete,
9251,Lyme,5,33,Lyme & Tick-Borne Diseases,keyword_match,medium,merge_to_canonical,
9252,prevention,1,6,,,,delete,
9253,Credit Unions,9,36,,,,delete,
92532,NYS Senator Jeremy Cooney,26,12,,,,delete,
92533,RCSD,1,1,,,,delete,
9254,Peralta,13,5,,,,delete,
9255,Sweat,2,4,,,,delete,
9256,theft of wages,2,8,,,,delete,
9257,fake IDs,1,5,,,,delete,
9258,Roosevelt Avenue,3,1,,,,delete,
9259,Memorial Day,42,36,,,,delete,
9260,Basketball,9,7,,,,delete,
92600,Interview;,2,1,,,,delete,
92601,Elections; Voting Rights,19,87,Elections,semicolon_first_term_seed,high,merge_to_canonical,7011.0
9261,Police Athletic League,3,4,First Responders,keyword_match,medium,merge_to_canonical,8930.0
9262,Sportsmen,15,83,,,,delete,
9263,Lyme and Tick-Borne Diseases,137,466,Lyme & Tick-Borne Diseases,seed_exact,high,merge_to_canonical,
9264,ID Program,7,14,,,,delete,
9265,Blood Drive,91,78,,,,delete,
92652,Consumer Alert,2,8,,,,delete,
92653,Federal Student Loans,4,40,Education,keyword_match,medium,merge_to_canonical,7001.0
92654,Student Loan Moratorium,1,6,Education,keyword_match,medium,merge_to_canonical,7001.0
92655,Religious Holidays,2,0,,,,delete,
92656,Disease Prevention,1,5,,,,delete,
92657,Asian American Community,8,20,,,,delete,
9266,pension,6,47,,,,delete,
92660,Rural Ambulance,2,11,,,,delete,
9267,Green Initiatives,5,65,,,,delete,
92675,Baden Street,1,1,,,,delete,
9268,dairy industry,12,38,,,,delete,
9269,Copiague,5,2,,,,delete,
9270,Memory Screening,7,15,,,,delete,
9271,Retirement,31,419,Civil Service & Pensions,keyword_match,medium,merge_to_canonical,
9272,Ready Rule,2,2,,,,delete,
92726,take back NY,2,16,,,,delete,
9273,Justice,28,170,,,,delete,
9274,LMDC,2,1,,,,delete,
9275,Performing Arts Center,3,14,Arts & Culture,keyword_match,medium,merge_to_canonical,80871.0
9276,Postpartum Depression,1,11,,,,delete,
9277,Blood Based Allergy Testing,2,12,,,,delete,
9278,Immigrant Heritage Month,4,8,Immigration,keyword_match,medium,merge_to_canonical,7221.0
92789,Comites del Senado Estatal,1,0,,,,delete,
9279,Korean War Veterans,20,28,Veterans,keyword_match,medium,merge_to_canonical,7691.0
92790,Comision de Cuidades,1,0,,,,delete,
9280,Economic Development Projects,8,44,Economic Development,keyword_match,medium,merge_to_canonical,6996.0
9281,lead testing,18,46,,,,delete,
9282,Jose Peralta,6,7,,,,delete,
9283,TAP,10,27,,,,delete,
92838,Wood Burning Ban,3,33,,,,delete,
92839,New York State Athletic Commission,1,1,,,,delete,
9284,Identity theft,18,108,,,,delete,
92849,NYS Senator Cooney,28,10,,,,delete,
92851,OTB,1,0,,,,delete,
92857,Brownfield Cleanup Program,22,22,,,,delete,
92858,Neighborhood Revitalization,1,6,,,,delete,
92859,Navient,1,0,,,,delete,
9286,Pier 6,1,1,,,,delete,
92860,Credit Card Terminals,1,4,,,,delete,
92863,Student Loan Crisis,5,23,Education,keyword_match,medium,merge_to_canonical,7001.0
92867,Agritourism; Agriculture; REDC,2,4,State Parks & Recreation,semicolon_first_term_keyword,medium,merge_to_canonical,
9287,Land Use,7,70,,,,delete,
92873,North Hempstead Beach Park,1,0,,,,delete,
92874,Hempstead Harbor,1,0,,,,delete,
92875,Shoreline Restoration,1,3,,,,delete,
92876,Erosion,1,2,,,,delete,
92877,Public Meetings,1,3,,,,delete,
92878,Misinformation,1,6,,,,delete,
92879,Combating COVID-19 and Protecting Children's Health,2,33,Health Care,keyword_match,medium,merge_to_canonical,7166.0
9288,ULURP,3,3,,,,delete,
92881,Protecting Students and Teachers,6,8,Education,keyword_match,medium,merge_to_canonical,7001.0
92882,Bellerose Terrace,1,0,,,,delete,
92883,UBS Arena,2,0,,,,delete,
92884,Residential Parking,1,1,,,,delete,
92885,Truth in Vaccination,5,11,Health Care,keyword_match,medium,merge_to_canonical,7166.0
92886,Remembering Reggie Lafayette,1,0,,,,delete,
92887,Senate Majority Leader Andrea Stewart-Cousins,7,7,,,,delete,
9289,Parks & Open Space,10,86,State Parks & Recreation,keyword_match,medium,merge_to_canonical,
9290,Urban Revitalization,2,16,,,,delete,
92900,Justice for Fraud Victims Project,1,3,,,,delete,
92901,SUNY Old Westbury,1,0,Higher Education,keyword_match,medium,merge_to_canonical,7176.0
9291,Home Rule,6,20,,,,delete,
92911,SD35; Funding;,1,0,,,,delete,
9292,Plastic Pollution,5,75,Environment,keyword_match,medium,merge_to_canonical,7036.0
92925,FY 2023 Executive Budget,3,4,Budget,keyword_match,medium,merge_to_canonical,6786.0
9293,Arts,33,179,Arts & Culture,keyword_match,medium,merge_to_canonical,80871.0
92934,Youth Summer Summit,1,0,Children,keyword_match,medium,merge_to_canonical,6816.0
92938,Joseph Dwyer Peer-to-Peer Veterans' Support Program; State Budget,3,8,Veterans,semicolon_first_term_keyword,medium,merge_to_canonical,7691.0
9294,Animal Advocacy Day,14,96,Animal Welfare,keyword_match,medium,merge_to_canonical,9462.0
92942,dredge,1,0,,,,delete,
92943,waterway,1,0,,,,delete,
92945,Mandates,4,15,,,,delete,
9295,Drug Take Back,16,42,Opioid & Substance Use,keyword_match,medium,merge_to_canonical,
9296,Prostate Screening,8,8,,,,delete,
9297,Baldwin,11,7,,,,delete,
9298,Caribbean American Heritage Month,4,8,,,,delete,
9299,Transportation Safety,23,53,Transportation,keyword_match,medium,merge_to_canonical,7656.0
9300,Youth Leadership,23,161,Children,keyword_match,medium,merge_to_canonical,6816.0
9301,Agriculte,6,30,,,,delete,
9302,Property,6,47,,,,delete,
9303,mandate relief,39,110,,,,delete,
9304,Cricket,10,8,,,,delete,
9305,local heritage,2,5,,,,delete,
93050,Authorities & Commissions,4,3,,,,delete,
93051,2022-23 academic year,1,12,,,,delete,
93052,Coronavirus Pandemic; COVID-19: Nursing Homes; Health Commissioner,4,14,COVID-19 Pandemic,semicolon_first_term_keyword,medium,merge_to_canonical,78756.0
9306,Stroke Care,1,9,,,,delete,
93068,Canandaigua,0,1,,,,delete,
93069,Healthcare Vaccination Mandate,2,14,Health Care,keyword_match,medium,merge_to_canonical,7166.0
93070,New York State Mandates,2,35,,,,delete,
93071,Willard Drug Treatment Facility,0,2,Opioid & Substance Use,keyword_match,medium,merge_to_canonical,
93074,Farm Wage Board,3,3,Agriculture,keyword_match,medium,merge_to_canonical,6716.0
9308,Mobile Office,58,34,,,,delete,
9309,Comptroller,2,10,,,,delete,
9310,Mayor's Office of Immigration,6,36,Immigration,keyword_match,medium,merge_to_canonical,7221.0
9311,Shooting,8,41,,,,delete,
9312,Orlando,1,3,,,,delete,
93120,Community Services,1,9,,,,delete,
93121,Commonpoint Queens,2,0,,,,delete,
93124,Inflation,34,134,,,,delete,
93126,Lower Taxes,1,10,Taxes,keyword_match,medium,merge_to_canonical,7626.0
93129,Businesses. Pandemic,2,6,COVID-19 Pandemic,keyword_match,medium,merge_to_canonical,78756.0
9313,It's Joe Time,7,3,,,,delete,
93130,Employee,1,4,,,,delete,
93132,Willard Drug Treatment Campus,1,2,Opioid & Substance Use,keyword_match,medium,merge_to_canonical,
93139,COVID-19 Mandates,4,29,COVID-19 Pandemic,keyword_match,medium,merge_to_canonical,78756.0
9314,Community Voice Survey,13,77,,,,delete,
93140,Executive Branch,1,3,,,,delete,
9315,Senior Resources,35,129,Seniors,keyword_match,medium,merge_to_canonical,7546.0
9316,Elder Law,5,54,,,,delete,
9317,Small Businesses,7,453,Small Business,keyword_match,medium,merge_to_canonical,7561.0
93174,Business Tax Cuts,6,9,Taxes,keyword_match,medium,merge_to_canonical,7626.0
93176,JobsPlus,1,3,,,,delete,
9318,Local Businesses,42,167,Small Business,keyword_match,medium,merge_to_canonical,7561.0
93181,Nail Salon Workers,1,2,,,,delete,
93182,Minimum Standards Council,1,1,,,,delete,
93183,Immigrant Workers,1,5,Immigration,keyword_match,medium,merge_to_canonical,7221.0
93184,fossil fuel,2,5,,,,delete,
93185,gas,5,18,,,,delete,
93186,emissions,2,7,,,,delete,
93187,climate law,1,14,,,,delete,
9319,microloans,3,8,,,,delete,
9320,Small Business Revolving Loan Fund,3,18,Small Business,keyword_match,medium,merge_to_canonical,7561.0
93207,India Republic Day,1,1,,,,delete,
93208,SD35; Affordable Housing,1,15,,,,delete,
9321,Medical Authorization Form,1,11,,,,delete,
93210,Redistricting; Joint Statement;,1,5,Elections,semicolon_first_term_keyword,medium,merge_to_canonical,7011.0
93215,Not-For-Profit Security grant program,1,3,,,,delete,
93216,South Shore,1,0,,,,delete,
93217,Vincent Scheppa Law,1,2,,,,delete,
9322,APPR,9,40,,,,delete,
93221,Malayalee Heritage Month,1,0,,,,delete,
93224,Meetings,1,3,,,,delete,
93229,Fare Increase,2,2,,,,delete,
9323,patriotism,11,36,,,,delete,
93230,Stand Your Ground,2,20,,,,delete,
93231,Self-Defense,3,15,,,,delete,
93233,Athletes,2,4,,,,delete,
93234,Newsday's Top 100,1,1,,,,delete,
93237,Good Food Purchasing,1,10,,,,delete,
93238,antigen rapid tests,2,8,,,,delete,
9324,guardianship,4,12,,,,delete,
93240,Digital Inclusion Grant Program,0,7,,,,delete,
93241,SUNY Poly; SUNY; State of the State,1,3,Higher Education,semicolon_first_term_keyword,medium,merge_to_canonical,7176.0
93243,Farmworkers; wage board; overtime; farm laborers fair practices act,4,6,,,,delete,
93246,Labor Wage Board,1,7,Labor,keyword_match,medium,merge_to_canonical,7286.0
9325,Spelling Bee,2,2,,,,delete,
9326,Brittany's Law,5,26,,,,delete,
9327,Zoning,11,52,,,,delete,
9328,2016 National Spelling Bee,1,21,,,,delete,
9329,taxes and fees,14,161,Taxes,keyword_match,medium,merge_to_canonical,7626.0
9330,school water quality,2,15,Education,keyword_match,medium,merge_to_canonical,7001.0
9331,Freeport,8,6,,,,delete,
9332,Recall,4,20,,,,delete,
93322,IBM,1,0,,,,delete,
93324,Island Trees Public Library,1,1,Libraries,keyword_match,medium,merge_to_canonical,8131.0
9333,Safe Water,6,43,,,,delete,
9334,wine and craft beverages,16,55,,,,delete,
9335,State Liquor Authority,28,46,,,,delete,
9336,Ridesharing,71,155,Transportation,keyword_match,medium,merge_to_canonical,7656.0
9337,bots,2,9,,,,delete,
93384,Early Learning Child Care Act,1,5,Child Care,keyword_match,medium,merge_to_canonical,9530.0
93389,Governor's Proposed 2022-2023 Appropriation Bill,5,19,,,,delete,
9339,school drinking water quality,8,36,Education,keyword_match,medium,merge_to_canonical,7001.0
93390,Governor's Proposed 2022-2023 Article VII Bill,9,32,,,,delete,
93391,LiveOn NY,7,6,,,,delete,
9340,Albany,28,95,,,,delete,
9341,Flex Work,3,19,,,,delete,
9342,Employment,39,236,Jobs & Employment,keyword_match,medium,merge_to_canonical,7261.0
9343,Productivity,1,4,,,,delete,
93431,Gas Transition,1,4,,,,delete,
93432,Fracked Gas,1,5,,,,delete,
93433,Constitutional Amendment,8,31,,,,delete,
9344,Zombie properties,11,37,,,,delete,
93441,transit accessibility,1,5,Disability Rights,keyword_match,medium,merge_to_canonical,75029.0
93442,Baldwin Public Library,1,0,Libraries,keyword_match,medium,merge_to_canonical,8131.0
93443,state-of-the-art technology,1,8,Technology Policy,keyword_match,medium,merge_to_canonical,
93444,Teen Zone,1,1,,,,delete,
93445,Fair Pay for Homecare,8,26,,,,delete,
93446,healthy schools,1,10,Education,keyword_match,medium,merge_to_canonical,7001.0
93447,Maternal Mental Health,9,33,Health Care,keyword_match,medium,merge_to_canonical,7166.0
93448,Black Youth Suicide,2,6,Children,keyword_match,medium,merge_to_canonical,6816.0
93449,The All-Electric Building Act,2,23,,,,delete,
9345,Heroin and Opioid Abuse,23,139,Opioid & Substance Use,keyword_match,medium,merge_to_canonical,
93450,electric,2,7,,,,delete,
9346,Reproductive Rights,76,593,Reproductive Rights,keyword_match,medium,already_canonical,9346.0
93464,Business Associations and Small Business,17,32,Small Business,keyword_match,medium,merge_to_canonical,7561.0
93465,Safe Haven,1,1,,,,delete,
9347,Health; Community Event,5,26,Health Care,semicolon_first_term_seed,high,merge_to_canonical,7166.0
9348,Rent Regulation,27,215,Tenant Rights,keyword_match,medium,merge_to_canonical,61615.0
9349,Rent Guidelines Board,6,33,Tenant Rights,keyword_match,medium,merge_to_canonical,61615.0
93493,COVID-19 Nursing Home Deaths; Investigation,10,25,Health Care,semicolon_first_term_keyword,medium,merge_to_canonical,7166.0
93494,Trauma Recovery Centers,3,10,,,,delete,
9350,Rent Freeze,8,74,Tenant Rights,keyword_match,medium,merge_to_canonical,61615.0
9351,Staten Island Resident Verrazano-Narrows Bridge Discount Program,6,9,,,,delete,
9352,CBD Tolls,2,6,,,,delete,
9353,Staten Island North Shore BRT,2,3,,,,delete,
9354,Staten Island West Shore BRT,2,1,,,,delete,
93582,bail reform; criminal justice; discovery; law enforcement; public safety,19,147,Criminal Justice Reform,semicolon_first_term_seed,high,merge_to_canonical,8546.0
93589,School Mask Mandate,4,31,Education,keyword_match,medium,merge_to_canonical,7001.0
9359,DACA,5,61,,,,delete,
9360,DAPA,1,6,,,,delete,
93604,Youth Advisory Board,3,10,Children,keyword_match,medium,merge_to_canonical,6816.0
93609,Greece Central Schools,1,2,Education,keyword_match,medium,merge_to_canonical,7001.0
9361,GMO Labeling,1,29,,,,delete,
93610,NYS Grant Funding,19,2,,,,delete,
9362,summer reading,45,79,,,,delete,
93620,Super Bowl,1,0,,,,delete,
9363,SAGE,1,4,,,,delete,
93630,Billy's Law,2,1,,,,delete,
93632,2021-S8320,0,4,,,,delete,
93633,2022 Earth Day Poster Celebration,3,11,Environment,keyword_match,medium,merge_to_canonical,7036.0
93634,Report Potholes Long Island,1,3,,,,delete,
93635,Nassau County Potholes,2,2,,,,delete,
93636,Potholes Long Island,1,4,,,,delete,
93638,2021-S8322,0,4,,,,delete,
9364,Service & Government Engagement,2,13,,,,delete,
93640,2021-S8324,1,3,,,,delete,
9365,Civic Engagement,99,145,,,,delete,
9366,substance abuse treatment and recovery,26,102,Opioid & Substance Use,keyword_match,medium,merge_to_canonical,
9367,emloyment,1,17,,,,delete,
9368,Park,1,5,,,,delete,
9369,Scam Prevention,26,89,,,,delete,
9370,public libraries,108,279,Libraries,seed_exact,high,merge_to_canonical,8131.0
9371,Tuskegee Airmen,4,9,,,,delete,
9372,Governors Island,6,10,,,,delete,
9373,Slide Hill,1,2,,,,delete,
9374,the hills,1,2,,,,delete,
9375,Finger Lakes wine industry,15,34,,,,delete,
9376,blood donations,14,26,,,,delete,
9377,Fourth of July,7,19,,,,delete,
9378,Merrick. Property Tax Exemptions,0,3,Taxes,keyword_match,medium,merge_to_canonical,7626.0
93784,Landing,0,0,,,,delete,
93785,2021-A9327,0,4,,,,delete,
9379,Property Tax Exemptions,32,269,Taxes,keyword_match,medium,merge_to_canonical,7626.0
9380,Accessibility,38,134,Disability Rights,keyword_match,medium,merge_to_canonical,75029.0
9381,Resource Fair,14,20,,,,delete,
9382,Passing of Dr. Roscoe C. Brown,1,1,,,,delete,
9383,Bronx Community College,1,11,Higher Education,keyword_match,medium,merge_to_canonical,7176.0
9384,Don't Mess With Stress,1,14,,,,delete,
9385,invasive species,16,86,,,,delete,
93853,Amazon Key Program,1,7,,,,delete,
93858,hunting safety,1,10,,,,delete,
9386,Helicopters,5,4,,,,delete,
93864,Mayoral Accountability,2,2,Ethics,keyword_match,medium,merge_to_canonical,7051.0
93865,Pines of Perinton,2,1,,,,delete,
93866,Safe Housing,3,6,Housing,keyword_match,medium,merge_to_canonical,7201.0
93867,AAPI,15,10,,,,delete,
93868,Supreme Court Nominee;,1,5,Judiciary,semicolon_first_term_keyword,medium,merge_to_canonical,7271.0
9387,NYC DEP,6,26,,,,delete,
93871,Officer Sumit Sulan,1,1,,,,delete,
93883,Utility Bills,71,82,Utilities,keyword_match,medium,merge_to_canonical,7686.0
9389,Summer Programming,5,18,,,,delete,
93890,Student Borrower Bill of Rights,1,6,Education,keyword_match,medium,merge_to_canonical,7001.0
93891,Student Loan Servicers,1,3,Education,keyword_match,medium,merge_to_canonical,7001.0
93892,LaGuardia AirTrain,1,4,,,,delete,
93893,llcs,1,5,,,,delete,
93895,Women’s History Month,1,10,,,,delete,
9390,music,19,55,,,,delete,
93905,Albany Corruption,9,26,Ethics,keyword_match,medium,merge_to_canonical,7051.0
93906,Tax Payer Funds,1,1,Taxes,keyword_match,medium,merge_to_canonical,7626.0
93907,Honest Government,1,1,,,,delete,
9391,digital gaming,3,16,Gaming,keyword_match,medium,merge_to_canonical,7111.0
93918,New York State Troopers,5,12,,,,delete,
93919,Steering,1,2,,,,delete,
9392,Dashboard Cameras,1,18,,,,delete,
9393,road safety,23,73,,,,delete,
93930,Combating Extremism,9,37,,,,delete,
93936,Private Student Loans,3,7,Education,keyword_match,medium,merge_to_canonical,7001.0
93937,Private Student Loan Cosigners,2,5,Education,keyword_match,medium,merge_to_canonical,7001.0
93938,Affordability. Environment,8,31,Affordability,keyword_match,medium,merge_to_canonical,9076.0
93939,Skilled Trades; Workforce Development; Economic Recovery,2,15,,,,delete,
9394,Streets,2,8,,,,delete,
9395,Median,1,2,,,,delete,
93952,Accessory Dwelling Units,1,14,,,,delete,
93953,Workforce Housing,1,9,Jobs & Employment,keyword_match,medium,merge_to_canonical,7261.0
93957,draft scoping,1,2,,,,delete,
9396,local government shared services,7,26,Local Government,keyword_match,medium,merge_to_canonical,7326.0
93969,Competition,3,4,,,,delete,
9397,Suffolk County,49,31,,,,delete,
93973,Climate Action Council Draft Scoping Plan,6,36,Climate Change,keyword_match,medium,merge_to_canonical,6841.0
9398,Algonquin Pipeline,2,43,,,,delete,
93981,Online Marketplace,1,3,,,,delete,
93982,third-party sellers,1,1,,,,delete,
93983,Online Retail Marketplaces,3,2,,,,delete,
9399,bioswale,0,10,,,,delete,
9400,Pokemon GO,1,2,,,,delete,
9401,Virtual Reality,1,2,,,,delete,
9402,Rent Regulations,8,66,Tenant Rights,keyword_match,medium,merge_to_canonical,61615.0
9403,Newsstands,1,1,,,,delete,
9404,legislation,49,424,,,,delete,
9405,Americans with Disabilities Act,15,184,Disability Rights,keyword_match,medium,merge_to_canonical,75029.0
9406,safe drinking water,13,95,Clean Water,keyword_match,medium,merge_to_canonical,9026.0
94066,air pollution,5,28,Environment,keyword_match,medium,merge_to_canonical,7036.0
94067,EV,1,2,,,,delete,
94068,racetrack,1,2,,,,delete,
9407,Constituency,1,5,,,,delete,
94070,Video Games,1,3,,,,delete,
9408,World War II,10,14,,,,delete,
94094,Railroad Safety,2,10,,,,delete,
9410,Build-It-Back,1,7,,,,delete,
94101,district lines,1,2,,,,delete,
94102,National Problem Gambing Awareness Month,1,1,,,,delete,
94104,seizures,1,5,,,,delete,
94105,statue,1,1,,,,delete,
94106,community project,1,1,,,,delete,
94107,Yaphank,1,2,,,,delete,
9411,Medication,5,41,,,,delete,
94111,St. James,4,2,,,,delete,
9412,Summer Safety,6,14,,,,delete,
94126,Upstate Housing,1,16,Housing,keyword_match,medium,merge_to_canonical,7201.0
94127,Roger Clayman,1,1,,,,delete,
94128,Long Island Federation of Labor,1,2,Labor,keyword_match,medium,merge_to_canonical,7286.0
9413,New York Mets  Baseball Hall of Fame,1,1,,,,delete,
9414,Community Gardens,12,45,,,,delete,
94149,nonfiscal policy,1,0,,,,delete,
9415,Synthetic Drugs,7,25,Opioid & Substance Use,keyword_match,medium,merge_to_canonical,
94150,budget proposal,2,4,Budget,keyword_match,medium,merge_to_canonical,6786.0
94151,recycling program,4,15,Environment,keyword_match,medium,merge_to_canonical,7036.0
94152,Climate Change; election reform,1,13,Climate Change,semicolon_first_term_seed,high,merge_to_canonical,6841.0
94154,Gas Tax Holiday,7,22,Taxes,keyword_match,medium,merge_to_canonical,7626.0
94159,Long Term Care,2,7,,,,delete,
9416,county fairs,5,31,,,,delete,
94163,career and technical education,3,27,Education,keyword_match,medium,merge_to_canonical,7001.0
94168,Dotdash Meredith,1,1,,,,delete,
94169,2023 Senate One-House Budget Resolution,9,33,Budget,keyword_match,medium,merge_to_canonical,6786.0
9417,north Brooklyn,2,4,,,,delete,
94172,Child Care; Child Care Accessibility; Universal Childcare; Green Jobs; Farmworkers,1,12,Child Care,semicolon_first_term_seed,high,merge_to_canonical,9530.0
94173,Senate One House Budget Resolution,7,4,Budget,keyword_match,medium,merge_to_canonical,6786.0
94174,2022-2023 Budget,19,49,Budget,keyword_match,medium,merge_to_canonical,6786.0
94175,Library Committee,1,5,Libraries,keyword_match,medium,merge_to_canonical,8131.0
94176,General Budget Conference Committee,1,4,Budget,keyword_match,medium,merge_to_canonical,6786.0
94177,Government Spending,7,5,,,,delete,
9418,Transit,19,91,,,,delete,
94183,SD35;,1,1,,,,delete,
94187,state energy plan,2,34,Energy,keyword_match,medium,merge_to_canonical,7026.0
94188,Supply Chain,2,6,,,,delete,
94189,National Federation of Independent Business,1,0,,,,delete,
9419,Back to School,74,169,Education,keyword_match,medium,merge_to_canonical,7001.0
94190,COVID-19 Regulations,1,6,COVID-19 Pandemic,keyword_match,medium,merge_to_canonical,78756.0
94192,weight discrimination,1,4,Civil Rights,keyword_match,medium,merge_to_canonical,6831.0
94193,employee protections,1,4,,,,delete,
94194,body positivity,1,7,,,,delete,
94195,Community Court,1,1,,,,delete,
94198,2022 Senate One-House Budget,1,6,Budget,keyword_match,medium,merge_to_canonical,6786.0
94200,Senate Energy Committee,4,12,Energy,keyword_match,medium,merge_to_canonical,7026.0
94203,All Electric Buildings,7,52,,,,delete,
94204,Anthony Bottom; Parole; SUNY Brockport,1,2,,,,delete,
9421,manufacturing job growth,17,56,,,,delete,
9422,Capital Projects,8,23,,,,delete,
9423,Funding,69,223,,,,delete,
9424,Buffalo Billion,6,26,,,,delete,
9425,Economic Development and jobs,86,413,Economic Development,keyword_match,medium,merge_to_canonical,6996.0
9426,navigation law,5,4,,,,delete,
9427,Constituents,10,36,,,,delete,
9428,Solitary Confinement,12,50,,,,delete,
94283,Brentwood Fire Department,1,1,,,,delete,
94284,traffic light,1,4,,,,delete,
94285,Peninsula Boulevard,1,1,,,,delete,
9429,hudson river,25,100,Environment,keyword_match,medium,merge_to_canonical,7036.0
94294,Recruit & Retain Employees; Sign-on bonus; labor shortages,1,2,,,,delete,
94298,TGNC Wellness & Equity Fund,1,5,,,,delete,
94299,Senior Tax Exemption,1,6,Taxes,keyword_match,medium,merge_to_canonical,7626.0
9430,Videotaped Interrogations,3,8,,,,delete,
94300,Senior Tax Exemption NY,1,7,Taxes,keyword_match,medium,merge_to_canonical,7626.0
94301,bail reform; criminal justice; discovery; law enforcement; public safety; treatment not jails,1,30,Criminal Justice Reform,semicolon_first_term_seed,high,merge_to_canonical,8546.0
94307,Taxis; Medallion Crisis,1,1,,,,delete,
94308,Greenhouse Gas Reduction,3,15,Climate Change,keyword_match,medium,merge_to_canonical,6841.0
94309,Electric Vehicles. School Buses,0,3,Education,keyword_match,medium,merge_to_canonical,7001.0
9431,national night out,13,8,,,,delete,
94312,Starbucks Workers United,2,8,,,,delete,
94313,Theater,2,5,,,,delete,
94314,Biodiversity,5,16,,,,delete,
94315,Indigenous Rights,6,22,,,,delete,
9432,national night out against crime,8,8,Crime,keyword_match,medium,merge_to_canonical,6926.0
94324,moog,1,1,,,,delete,
94325,Award Programs,1,8,,,,delete,
94326,Long Island Awards,1,1,,,,delete,
9433,Community Board 3,1,1,,,,delete,
94337,Ukraine,5,10,,,,delete,
94338,Donation Drive,5,5,,,,delete,
94339,Humanitarian,2,7,,,,delete,
9434,public housing,31,125,Housing,keyword_match,medium,merge_to_canonical,7201.0
9435,New York city housing authority,6,45,Housing,keyword_match,medium,merge_to_canonical,7201.0
94354,Holocaust Remembrance,50,22,,,,delete,
94359,Greek Americans,5,7,,,,delete,
9436,law enforcement and at-risk youth,6,50,First Responders,keyword_match,medium,merge_to_canonical,8930.0
94368,SMART Seniors,1,9,Seniors,keyword_match,medium,merge_to_canonical,7546.0
9437,America's Best Waterfront Hotel,1,10,,,,delete,
94371,New York Times,1,7,,,,delete,
94372,Digital Fair Repair Act,1,7,,,,delete,
9438,state fair,3,13,,,,delete,
94381,Infrastructure: Federal Funding,1,3,Infrastructure,keyword_match,medium,merge_to_canonical,4521.0
94382,Women's History Month Celebration; SD35,1,3,,,,delete,
9439,Breastfeeding,17,68,,,,delete,
9440,Early Childhood Development,5,22,,,,delete,
94402,All-Electric Mandate,2,44,,,,delete,
94403,Hardworking Men and Women of Labor,6,7,Labor,keyword_match,medium,merge_to_canonical,7286.0
94404,Model Alliance,1,3,,,,delete,
94405,Fashion Workers,2,6,,,,delete,
94406,Regulate Modeling Agencies,1,3,,,,delete,
94409,Gas Prices,12,55,,,,delete,
9441,Credit Union,2,19,Labor,keyword_match,medium,merge_to_canonical,7286.0
94410,Economic Relief,1,6,,,,delete,
94411,2022-2023 state budget,5,25,Budget,keyword_match,medium,merge_to_canonical,6786.0
94412,Schooting,1,1,,,,delete,
94413,Bayside,7,5,,,,delete,
94416,Lyme disease Funding,1,3,Lyme & Tick-Borne Diseases,keyword_match,medium,merge_to_canonical,
9442,Banking,12,73,Finance,keyword_match,medium,merge_to_canonical,7081.0
9443,Juvenile Justice Reform,63,241,Criminal Justice Reform,keyword_match,medium,merge_to_canonical,8546.0
9444,Strengthening Communities,6,33,,,,delete,
9445,local champions,6,5,,,,delete,
9446,childhood hunger,6,49,Nutrition,keyword_match,medium,merge_to_canonical,7411.0
9447,Summer update,1,2,,,,delete,
9448,newsletter,15,62,,,,delete,
9449,community update,7,20,,,,delete,
9450,Traffic Safety,55,131,,,,delete,
9451,Pudding Street,1,0,,,,delete,
9452,sen. peralta,1,1,,,,delete,
9453,Non-profit Human Services Organizations,9,85,Social Services,keyword_match,medium,merge_to_canonical,7571.0
9454,CUNY,54,141,Higher Education,keyword_match,medium,merge_to_canonical,7176.0
9455,Legislative Pay Raise,14,59,,,,delete,
9456,Taxpayer Dollars,20,156,Budget,keyword_match,medium,merge_to_canonical,6786.0
9457,NYS Comptroller,8,29,,,,delete,
94573,Humanitarian Aid,2,6,,,,delete,
94574,Kings Park Central School District,1,2,Education,keyword_match,medium,merge_to_canonical,7001.0
94577,Ammunition Legislation,2,10,Gun Control,keyword_match,medium,merge_to_canonical,7141.0
94578,plastic waste,5,22,,,,delete,
94579,EPR,1,6,,,,delete,
9458,Elder Literacy,1,7,,,,delete,
94580,East Meadow Veterans,1,2,Veterans,keyword_match,medium,merge_to_canonical,7691.0
94587,childcare,2,12,Child Care,seed_exact,high,merge_to_canonical,9530.0
9459,Mammography Screening,28,39,,,,delete,
94594,Persian Culture. Nowruz,1,1,,,,delete,
94595,Persian Holidays,0,0,,,,delete,
94596,Persian Holidays,1,1,,,,delete,
94597,Antisemitism,104,284,Hate Crimes,seed_exact,high,merge_to_canonical,9619.0
9460,Health & Wellness,78,438,Health Care,keyword_match,medium,merge_to_canonical,7166.0
9461,Hearing,14,20,,,,delete,
94612,Coverage For All,2,8,,,,delete,
94613,Healthcare,47,46,Health Care,seed_exact,high,merge_to_canonical,7166.0
94618,Historic Business Preservation Registry,7,3,,,,delete,
9462,animal welfare,45,371,Animal Welfare,keyword_match,medium,already_canonical,9462.0
94620,2022 Legislative Questionnaire,1,10,,,,delete,
94625,Transcript Withholding,4,7,,,,delete,
94626,Transcript Ransoming,4,5,,,,delete,
94627,Minimum Staffing,1,7,,,,delete,
9463,STS Testing,9,1,,,,delete,
94630,Vacancies,1,2,,,,delete,
94631,Vacant Elected Position,1,2,,,,delete,
94632,Cadets,3,3,,,,delete,
94633,New York State Budget; Redistricting; Lack of Transparency,1,9,Budget,semicolon_first_term_seed,high,merge_to_canonical,6786.0
9464,Women's Suffrage,3,16,,,,delete,
9465,Cheektowaga,3,6,,,,delete,
9466,Pop-Up Pool,3,3,,,,delete,
94660,K9 veterans,1,2,Veterans,keyword_match,medium,merge_to_canonical,7691.0
94661,K9 Veterans Day,1,3,Veterans,keyword_match,medium,merge_to_canonical,7691.0
94662,free tax prep,11,11,Taxes,keyword_match,medium,merge_to_canonical,7626.0
94663,Richmond Hill,3,2,,,,delete,
9467,Pools,7,10,,,,delete,
94675,Supporting Libraries,8,16,Libraries,keyword_match,medium,merge_to_canonical,8131.0
94676,NYS Council on the Arts Funding,6,10,Arts & Culture,keyword_match,medium,merge_to_canonical,80871.0
94677,Charitable Gaming Act; Online Raffles; Charities; Fundraisers,1,5,Gaming,semicolon_first_term_keyword,medium,merge_to_canonical,7111.0
9468,Mail Fraud,1,7,,,,delete,
94689,Saratoga County,21,10,,,,delete,
9469,Diabetes,9,30,,,,delete,
94695,Graduate Student Workers,1,7,Education,keyword_match,medium,merge_to_canonical,7001.0
94696,Organized Labor,2,17,Labor,keyword_match,medium,merge_to_canonical,7286.0
94697,Fordham University,1,2,Higher Education,keyword_match,medium,merge_to_canonical,7176.0
94699,Supporting Families,2,6,Families,keyword_match,medium,merge_to_canonical,7061.0
9470,public school,12,113,Education,keyword_match,medium,merge_to_canonical,7001.0
94700,Middle Class Tax Credit,1,10,Taxes,keyword_match,medium,merge_to_canonical,7626.0
94701,2022-23 New York State Budget,3,24,Budget,keyword_match,medium,merge_to_canonical,6786.0
9471,upstate revitalization,6,39,,,,delete,
9472,Fracking,10,84,,,,delete,
94727,FY2023 State Budget,2,3,Budget,keyword_match,medium,merge_to_canonical,6786.0
94728,state financial aid,1,3,,,,delete,
94729,pre-K,3,7,,,,delete,
9473,Fracking Waste,8,64,,,,delete,
94730,vacant property,2,8,,,,delete,
94731,foreclosed properties,1,5,,,,delete,
94732,Housing Committee,1,25,Housing,keyword_match,medium,merge_to_canonical,7201.0
94733,medical equipment,1,6,,,,delete,
94734,casino licenses,3,6,Gaming,keyword_match,medium,merge_to_canonical,7111.0
9474,Rural Schools,5,22,Education,keyword_match,medium,merge_to_canonical,7001.0
94743,Cut the gas tax,3,9,Taxes,keyword_match,medium,merge_to_canonical,7626.0
94744,fuel tax,1,2,Taxes,keyword_match,medium,merge_to_canonical,7626.0
94745,Bruce Blakeman,1,3,,,,delete,
94746,2023 state budget,11,84,Budget,keyword_match,medium,merge_to_canonical,6786.0
94749,Lieutenant Governor; Ethics Reform,2,3,,,,delete,
9475,Disaster Recovery,16,42,,,,delete,
94754,Senator Brouk,3,3,,,,delete,
94755,Maternal Resources,1,7,,,,delete,
94756,Doula Care,16,11,,,,delete,
94758,Health Screenings,4,16,Health Care,keyword_match,medium,merge_to_canonical,7166.0
94759,EMS Cost Recovery Act,1,7,First Responders,keyword_match,medium,merge_to_canonical,8930.0
9476,Women Empowerment,25,154,Women's Rights,keyword_match,medium,merge_to_canonical,9128.0
9477,REDC,7,6,,,,delete,
9478,Long Island,135,358,,,,delete,
94780,FY'23 State Budget,2,8,Budget,keyword_match,medium,merge_to_canonical,6786.0
94781,Easter 2022,1,4,,,,delete,
9479,Police-Civilian Relations,6,53,First Responders,keyword_match,medium,merge_to_canonical,8930.0
9480,Literacy; Reading,34,136,,,,delete,
9481,Prostate Cancer Screening,20,18,Health Care,keyword_match,medium,merge_to_canonical,7166.0
94812,#AdoptDontShop,0,132,Animal Welfare,keyword_match,medium,merge_to_canonical,9462.0
94817,West Point,5,1,,,,delete,
9482,Newsletters,11,38,,,,delete,
9483,Hurricane Preparedness,8,21,,,,delete,
9484,World Champs!,1,0,,,,delete,
9485,Labor Day,12,10,Labor,keyword_match,medium,merge_to_canonical,7286.0
9486,Senator Peralta,1,3,,,,delete,
94867,Penn Station Redevelopment,9,17,,,,delete,
94868,Democratic Conference Members,1,2,,,,delete,
9487,EpiPen Pricing,6,37,,,,delete,
9488,Family Health,14,124,Health Care,keyword_match,medium,merge_to_canonical,7166.0
9489,Public Hearing,38,96,,,,delete,
9490,Hudson River U.S. Coast Guard Anchorage Proposal,8,9,Environment,keyword_match,medium,merge_to_canonical,7036.0
9491,Jones Beach,4,9,,,,delete,
9492,Community Service,39,138,,,,delete,
9493,Breast Cancer Awareness,58,119,Health Care,keyword_match,medium,merge_to_canonical,7166.0
9494,Patriot Day,2,3,,,,delete,
9495,Enviromental Conservation,54,543,Environment,keyword_match,medium,merge_to_canonical,7036.0
9496,Water Contamination,10,52,,,,delete,
94963,Healthy students,1,2,Education,keyword_match,medium,merge_to_canonical,7001.0
9497,Food Insecurity,80,367,Nutrition,keyword_match,medium,merge_to_canonical,7411.0
9498,Meals on Wheels,4,15,,,,delete,
94981,National Donate Life Month,1,1,,,,delete,
94985,Upstate & Rural Housing,1,11,Housing,keyword_match,medium,merge_to_canonical,7201.0
94988,Gun possession,1,32,Gun Control,keyword_match,medium,merge_to_canonical,7141.0
94989,Historic Business Registry,2,1,,,,delete,
9499,counterterrorism,11,71,Public Safety,keyword_match,medium,merge_to_canonical,8316.0
9500,Hydrocephalus,1,1,,,,delete,
9501,Family Farms,58,209,Agriculture,keyword_match,medium,merge_to_canonical,6716.0
95017,Rug Pulling,1,3,,,,delete,
95018,Crypto,0,3,,,,delete,
95019,Crypto Fraud,5,7,,,,delete,
9502,September 11,8,12,,,,delete,
9503,Bioswales,2,13,,,,delete,
95033,Direct Care Workers,5,13,,,,delete,
95034,Punjabi Awareness,1,1,,,,delete,
95035,Sikh Day,3,2,,,,delete,
9504,Long Island Cares,8,17,,,,delete,
95042,2022 NYC Sikh Day Parade,1,8,,,,delete,
95043,Punjabi Awareness Month,1,1,,,,delete,
95044,India,2,3,,,,delete,
9505,Cease and Desist,6,32,,,,delete,
95053,Domestic Violence; Bail Reform,2,17,Domestic Violence,semicolon_first_term_seed,high,merge_to_canonical,6971.0
95054,rug pulls,1,4,,,,delete,
95055,Crypto Scams,3,8,,,,delete,
9506,Emerald Ash Borer,2,9,,,,delete,
95067,New York Stock Act,2,1,,,,delete,
9507,Caregiver Resources,7,60,,,,delete,
9508,Catholic Charities,1,20,,,,delete,
95083,Purple Heart,3,5,,,,delete,
95084,Senate Veterans,2,6,Veterans,keyword_match,medium,merge_to_canonical,7691.0
95085,Earth Day 2022,1,2,Environment,keyword_match,medium,merge_to_canonical,7036.0
95086,I Love My Parks 2022,1,4,State Parks & Recreation,keyword_match,medium,merge_to_canonical,
95087,Children's mental health,12,80,Health Care,keyword_match,medium,merge_to_canonical,7166.0
95088,Regents Exams,2,5,,,,delete,
9509,Recovery Month,1,2,,,,delete,
9510,agriculture economy and Medicaid reform,1,49,Medicaid,keyword_match,medium,merge_to_canonical,7331.0
95103,Veterinary Care,2,0,,,,delete,
95104,Electoral Maps,1,6,,,,delete,
95105,Child Abuse Prevention. Child Abuse,0,4,Children,keyword_match,medium,merge_to_canonical,6816.0
95106,Drug and Alcohol Screening,1,2,Opioid & Substance Use,keyword_match,medium,merge_to_canonical,
9511,Greek,6,4,,,,delete,
9512,community history,13,46,,,,delete,
95121,Amazon; Warehouse Worker Protection Act; Worker Health & Safety,2,10,,,,delete,
95122,Supporting Holocaust Survivors,2,2,,,,delete,
95127,Youth mental health,5,40,Health Care,keyword_match,medium,merge_to_canonical,7166.0
9513,firearms safety,11,312,Gun Control,keyword_match,medium,merge_to_canonical,7141.0
95132,NYS Senate District 11,0,1,,,,delete,
95133,Senator John Liu,10,3,,,,delete,
95134,Email updates,2,4,,,,delete,
95135,Digital News,1,3,,,,delete,
9514,firefighting,3,16,,,,delete,
95141,Womens Issues,10,40,,,,delete,
95148,NY Senate Empire Award,5,9,,,,delete,
95149,Xtreme Fit Nutrition Center,1,2,Nutrition,keyword_match,medium,merge_to_canonical,7411.0
9515,local history,13,63,,,,delete,
9516,Fall Update,1,5,,,,delete,
95165,Drive by Shooting,1,6,,,,delete,
95166,Community violence,4,17,,,,delete,
9517,Community News,3,18,,,,delete,
9518,Email Blast,2,5,,,,delete,
9519,Updates,1,10,,,,delete,
9520,Car Seat Safety Check,12,15,,,,delete,
9521,Veterans Appreciation,30,96,Veterans,keyword_match,medium,merge_to_canonical,7691.0
9522,Rivington House,4,1,,,,delete,
9523,Nursing Home,15,52,Health Care,keyword_match,medium,merge_to_canonical,7166.0
9524,Senior Golden Gathering,7,6,,,,delete,
9525,East Midtown Rezoning,2,7,,,,delete,
9526,Parks & recreation,13,106,State Parks & Recreation,keyword_match,medium,merge_to_canonical,
9527,Media,4,17,,,,delete,
9528,Veteran Programs,6,32,,,,delete,
9530,Child Care,105,366,Child Care,seed_exact,high,already_canonical,9530.0
9531,Citation Request Form,4,15,,,,delete,
9532,breastcacerawareness,1,9,,,,delete,
95321,bus routes,1,7,,,,delete,
9533,citizenship,10,79,,,,delete,
95332,Amazon; Warehouse Worker Protection Act; Worker Health & Safety; Labor Unions,2,16,,,,delete,
9534,Addiction Prevention Counseling and Education,9,138,Opioid & Substance Use,keyword_match,medium,merge_to_canonical,
95341,Candidate Resignation,1,5,,,,delete,
9535,Central Park Five,2,4,,,,delete,
95354,Partisan Politics,2,9,,,,delete,
95355,Lieutenant Governor Brian Benjamin,1,1,,,,delete,
9536,JV Mall,1,1,,,,delete,
9537,Jefferson Valley,2,1,,,,delete,
9538,Cortlandt,7,2,,,,delete,
9539,smart schools,5,13,Education,keyword_match,medium,merge_to_canonical,7001.0
95393,Home Heating Oil Rebate,1,5,,,,delete,
9540,Mt. Pleasant-Blythedale Union Free School District,1,1,Education,keyword_match,medium,merge_to_canonical,7001.0
9541,Mahopac Central School District,5,3,Education,keyword_match,medium,merge_to_canonical,7001.0
9542,Somers,12,5,,,,delete,
9543,Eleanor Prouty,1,1,,,,delete,
9544,Clayton Carpenter,1,0,,,,delete,
9545,Lakeland School District,3,3,Education,keyword_match,medium,merge_to_canonical,7001.0
9546,cortlandt manor,1,3,,,,delete,
9547,election law,15,121,Elections,keyword_match,medium,merge_to_canonical,7011.0
9548,bill de blasio,12,28,,,,delete,
9549,start-up ny,3,25,,,,delete,
9550,wasteful spending,4,37,,,,delete,
9551,New York State Police,53,185,First Responders,keyword_match,medium,merge_to_canonical,8930.0
9552,agricultural economy,26,88,Economic Development,keyword_match,medium,merge_to_canonical,6996.0
9553,potato industry,1,2,,,,delete,
9554,sports,21,49,,,,delete,
95542,life imprisonment,1,7,,,,delete,
95543,life imprisonment,1,8,,,,delete,
95544,Department of Veterans Services,3,15,Veterans,keyword_match,medium,merge_to_canonical,7691.0
95545,city championship,1,1,,,,delete,
95549,2-1-1 Helpline,1,23,,,,delete,
9555,camarda park,1,0,,,,delete,
95550,United Way,2,2,,,,delete,
95551,Israel Independence Day,5,4,,,,delete,
95552,Yom Ha'atzmaut,3,1,,,,delete,
95553,Resolution J.2062,0,0,,,,delete,
95554,HESC,1,3,,,,delete,
9556,carmel sports association,1,1,,,,delete,
9557,mahopac sports association,1,0,,,,delete,
9558,carmel,13,8,,,,delete,
95586,ADU Legalization,2,6,,,,delete,
95587,Carpet EPR,3,5,,,,delete,
95589,SoHo/NoHo Zoning,1,3,,,,delete,
9559,patterson,2,1,,,,delete,
9560,patterson library,1,1,Libraries,keyword_match,medium,merge_to_canonical,8131.0
95605,Rep. Tom Reed,1,2,,,,delete,
95606,23rd Congressional District,1,12,,,,delete,
95608,Everyone Can Play,1,2,,,,delete,
95609,Assemblyman Jensen,1,2,,,,delete,
9561,public art,1,16,,,,delete,
95610,Playground,3,2,,,,delete,
95611,Lead Prevention,1,5,,,,delete,
95615,S2233A,1,1,,,,delete,
9562,south street median,1,0,,,,delete,
9563,south street,1,0,,,,delete,
9564,Trump,10,109,,,,delete,
9565,HUDSON RIVER BARGE,1,5,Environment,keyword_match,medium,merge_to_canonical,7036.0
9566,Youth Justice,3,20,Children,keyword_match,medium,merge_to_canonical,6816.0
9567,Transportation Justice,1,9,Transportation,keyword_match,medium,merge_to_canonical,7656.0
95676,Taiwan,2,1,,,,delete,
9568,Early Childhood Education,10,108,Education,keyword_match,medium,merge_to_canonical,7001.0
95681,2022 Women of Distinction,9,18,Women of Distinction,keyword_match,medium,merge_to_canonical,8989.0
9569,tax credits,8,54,Taxes,keyword_match,medium,merge_to_canonical,7626.0
9570,Snow Removal,8,15,,,,delete,
9571,brewster,7,4,,,,delete,
95712,Baby Formula,2,8,,,,delete,
9572,brewster high school,1,3,Education,keyword_match,medium,merge_to_canonical,7001.0
95721,District 30,5,2,,,,delete,
95722,Dr. Philip Composto,2,2,,,,delete,
9573,Executive Order,8,54,,,,delete,
9574,Police Misconduct,1,49,First Responders,keyword_match,medium,merge_to_canonical,8930.0
9575,Supportive housing,9,40,Housing,keyword_match,medium,merge_to_canonical,7201.0
9576,Churches,3,27,,,,delete,
9577,Historic Preservation,30,166,Historical Preservation,keyword_match,medium,merge_to_canonical,7186.0
9579,Manufacturing,33,47,,,,delete,
9580,Industrial Waterfront,8,8,,,,delete,
9581,Move NY,1,4,,,,delete,
9582,Airbnb,6,43,,,,delete,
9583,Youth Development,22,108,Children,keyword_match,medium,merge_to_canonical,6816.0
9584,Internships,10,51,,,,delete,
9585,STEM,10,62,,,,delete,
9586,Hudson River Anchorage Proposal,10,22,Environment,keyword_match,medium,merge_to_canonical,7036.0
9587,Barge,1,1,,,,delete,
9588,Aid in Dying,1,81,,,,delete,
9589,hendrick hudson school district,10,7,Education,keyword_match,medium,merge_to_canonical,7001.0
9590,Debt,10,142,,,,delete,
9591,Community Resources,45,555,,,,delete,
9592,sewer and water,8,30,,,,delete,
9593,Home Ownership,16,94,,,,delete,
9594,Community Empowerment,124,405,Community Development,seed_exact,high,merge_to_canonical,6856.0
9595,Financial Literacy,6,39,,,,delete,
9596,soil and water quality,2,30,Clean Water,keyword_match,medium,merge_to_canonical,9026.0
95967,Foreclosure Abuse Prevention Act,2,14,Housing,keyword_match,medium,merge_to_canonical,7201.0
95968,Dr. Composto,2,2,,,,delete,
9597,Senator Felder,2,6,,,,delete,
9598,October 2016,1,0,,,,delete,
95980,Tree Planting Campaign,1,9,,,,delete,
95984,Hempstead Lake State Park,1,1,,,,delete,
95987,Sex Trade,3,8,,,,delete,
9599,history,18,72,,,,delete,
95992,NYS Empire Award,5,1,,,,delete,
95993,Peri-Peri GUYS,1,1,,,,delete,
95994,Peri-Peri Guys Hicksville,1,1,,,,delete,
95997,buffalo shooting,1,6,,,,delete,
9600,Pensions,13,73,Civil Service & Pensions,keyword_match,medium,merge_to_canonical,
9601,Village of Northport,2,2,,,,delete,
96011,Floor 2022-05-02Legislative session,1,1,,,,delete,
9602,Raise the Age,76,215,Criminal Justice Reform,keyword_match,medium,merge_to_canonical,8546.0
96021,S8163,1,1,,,,delete,
96028,CEC 30,1,1,,,,delete,
9603,Huntington,8,8,,,,delete,
96035,2022 Veterans Hall of Fame,0,13,Veterans,keyword_match,medium,merge_to_canonical,7691.0
96036,Secrecy Deals,1,5,,,,delete,
96037,Non-disclosure agreements,2,5,,,,delete,
9604,National Popular Vote Compact,1,24,,,,delete,
96042,Police Week,5,9,First Responders,keyword_match,medium,merge_to_canonical,8930.0
9605,film screening,6,13,,,,delete,
96058,Cyberflashing,2,6,,,,delete,
96059,Unsolicited Images,2,3,,,,delete,
9606,Veterans Day,30,47,Veterans,keyword_match,medium,merge_to_canonical,7691.0
96062,East Meadow High School,1,1,Education,keyword_match,medium,merge_to_canonical,7001.0
9607,President,1,21,,,,delete,
96075,veterans cemetery,1,3,Veterans,keyword_match,medium,merge_to_canonical,7691.0
96076,Southern Poverty Law,1,7,,,,delete,
96077,Loud Majority,1,6,,,,delete,
9608,Donald Trump,38,281,,,,delete,
96080,Youth Mentorship,2,8,Children,keyword_match,medium,merge_to_canonical,6816.0
96081,AAPI Awareness,4,7,,,,delete,
96082,AAPI Month,11,12,,,,delete,
96083,Fun Run,3,3,,,,delete,
96084,Black Maternal Health Month,3,12,Health Care,keyword_match,medium,merge_to_canonical,7166.0
96085,Buffalo Mass Shooting,2,18,,,,delete,
96086,Hospitalization,1,7,Health Care,keyword_match,medium,merge_to_canonical,7166.0
9610,section 8,1,13,,,,delete,
96107,Federation of Hellenic Societies of Greater New York,1,2,,,,delete,
96108,Greek Independence Parade,2,5,,,,delete,
9611,SAFMR,1,1,,,,delete,
9612,turkey drive,2,0,,,,delete,
96128,NYC Subway,5,18,Transportation,keyword_match,medium,merge_to_canonical,7656.0
9613,Presidential Election,8,54,Elections,keyword_match,medium,merge_to_canonical,7011.0
96138,Elderly Pharmaceutical Insurance Coverage (EPIC),1,8,Insurance,keyword_match,medium,merge_to_canonical,7236.0
96139,Medicine,2,5,,,,delete,
9614,Hate Related Crimes,7,41,,,,delete,
96144,anti-extremism,3,14,,,,delete,
96149,Public Sewer System,4,6,,,,delete,
9615,community engagement,185,313,Community Development,seed_exact,high,merge_to_canonical,6856.0
96154,Rensselaer County,1,2,,,,delete,
96157,community building,2,9,,,,delete,
9616,Senator Jeff Sessions,1,12,,,,delete,
9617,Beastie Boys,1,3,,,,delete,
96175,ausable,1,1,,,,delete,
9618,anti-hate,39,256,Hate Crimes,keyword_match,medium,merge_to_canonical,9619.0
96185,Veteran Hall of Fame,17,4,,,,delete,
9619,hate crimes,102,314,Hate Crimes,seed_exact,high,already_canonical,9619.0
96196,Ichabod Crane,1,4,,,,delete,
9620,hate messages,2,23,,,,delete,
9621,Canarsie,7,9,,,,delete,
9622,Tree,1,5,,,,delete,
9623,Lighting,1,4,,,,delete,
9624,NYC Schools,19,73,Education,keyword_match,medium,merge_to_canonical,7001.0
9625,Holiday Safety,3,9,,,,delete,
9626,Happy Thanksgiving,18,15,,,,delete,
96269,Nesconset,1,4,,,,delete,
96271,Dairy Farming,1,8,Agriculture,keyword_match,medium,merge_to_canonical,6716.0
96272,School Lunch Program,4,10,Education,keyword_match,medium,merge_to_canonical,7001.0
9628,department of state,2,19,,,,delete,
9629,travel agencies,1,2,,,,delete,
96290,New York State Senate Veterans Hall of Fame; Vietnam War; Veterans,2,5,Veterans,semicolon_first_term_keyword,medium,merge_to_canonical,7691.0
96295,Build Public Renewables Act,5,26,,,,delete,
9630,charitable gambling,1,8,Gaming,keyword_match,medium,merge_to_canonical,7111.0
96304,Microstamping,1,17,,,,delete,
96305,Semiautomatic weapons,1,32,,,,delete,
96306,Diaper Drive,5,6,,,,delete,
96307,Political Advertisements,2,7,,,,delete,
96308,Parade,4,4,,,,delete,
96309,Memorial Day Weekend,1,5,,,,delete,
9631,Senior Safety,6,26,,,,delete,
96314,Farm Assistance,1,10,Agriculture,keyword_match,medium,merge_to_canonical,6716.0
96315,Fishing and Boating,2,11,,,,delete,
96316,NYC Gun Violence Prevention Task Force,1,19,Gun Control,keyword_match,medium,merge_to_canonical,7141.0
96317,Mayor Eric Adams,12,26,,,,delete,
96319,New York State Historic Business Preservation Registry,6,10,,,,delete,
9632,New York,4,27,,,,delete,
96321,Summer Reading Exercise,2,3,,,,delete,
96322,Senator Skoufis,8,3,,,,delete,
96323,Senate District 39,1,4,,,,delete,
96326,motor fuel excise tax,1,5,Taxes,keyword_match,medium,merge_to_canonical,7626.0
96327,Body Vests,1,7,,,,delete,
96329,New York State Senate Veterans Hall of Fame; Veterans; Military; Sunnyside; Queens,1,2,Veterans,semicolon_first_term_keyword,medium,merge_to_canonical,7691.0
9633,Buffalo,13,51,,,,delete,
96330,Public Recall,1,3,,,,delete,
96331,District Attorney,6,10,,,,delete,
96335,NYS Clean sanitizer,1,2,,,,delete,
96336,prison redevelopment,0,5,Criminal Justice Reform,keyword_match,medium,merge_to_canonical,8546.0
96337,Pro-Life Organizations,1,8,,,,delete,
96338,Pregnancy Centers,3,17,,,,delete,
96339,Education Foundation Aid; NYC Budget,1,14,Education,semicolon_first_term_keyword,medium,merge_to_canonical,7001.0
9634,Senator Gallivan,1,6,,,,delete,
96340,Pro-Life,1,12,,,,delete,
96341,pet drive,1,5,,,,delete,
96342,animal,4,13,Animal Welfare,keyword_match,medium,merge_to_canonical,9462.0
96344,Attorney General Letitia James,2,23,,,,delete,
96345,NYSRPA v. Bruen,5,12,,,,delete,
96346,concealed carry,10,70,,,,delete,
96347,United States Supreme Court,2,10,Judiciary,keyword_match,medium,merge_to_canonical,7271.0
96348,Dobbs v. Jackson Women's Health,1,13,Health Care,keyword_match,medium,merge_to_canonical,7166.0
96349,Reproductive Equity Act,2,24,,,,delete,
9635,NYS Senate,159,913,,,,delete,
96350,Gender-Affirming Care,6,21,,,,delete,
96351,animal care,5,14,Animal Welfare,keyword_match,medium,merge_to_canonical,9462.0
96352,legal help,3,6,,,,delete,
96353,catalytic converters,10,10,,,,delete,
96354,theft,10,13,,,,delete,
96355,cars,5,12,,,,delete,
96356,tolls by mail,1,2,,,,delete,
96357,Problem Gambling Advisory Council,1,1,Gaming,keyword_match,medium,merge_to_canonical,7111.0
9636,Charitable,4,13,,,,delete,
96360,Starbucks,1,2,,,,delete,
96361,Workers United,1,2,,,,delete,
96365,commerce and Small Business,30,67,Small Business,keyword_match,medium,merge_to_canonical,7561.0
96366,U.S. Supreme Court,3,22,Judiciary,keyword_match,medium,merge_to_canonical,7271.0
96367,Marriage Equality,1,3,LGBTQ+ Rights,keyword_match,medium,merge_to_canonical,
9637,Notification of Next of Kin,1,2,,,,delete,
96374,Dobbs,2,3,,,,delete,
96375,Bruen,1,2,,,,delete,
9638,Parole Board Hearings,9,34,Criminal Justice Reform,keyword_match,medium,merge_to_canonical,8546.0
9639,anti-poverty,10,119,,,,delete,
9640,Toy Drive,21,19,,,,delete,
9641,Chronic Pain,1,45,,,,delete,
9642,scaffolding,1,5,,,,delete,
9643,Mentorship,4,30,,,,delete,
9644,legislative process,7,53,,,,delete,
9645,311,1,28,,,,delete,
9646,Immigrant Rights,42,335,Immigration,keyword_match,medium,merge_to_canonical,7221.0
9647,RGGI,1,1,,,,delete,
9648,police safety,31,73,First Responders,keyword_match,medium,merge_to_canonical,8930.0
96486,Class Size,4,9,,,,delete,
96487,Class Size Reduction,1,5,,,,delete,
96488,College Point,1,0,Higher Education,keyword_match,medium,merge_to_canonical,7176.0
96489,Senator Gianaris' summer reading program,1,3,,,,delete,
9649,Pearl Harbor,5,6,,,,delete,
96491,Japanese Culture,2,7,,,,delete,
96494,Judge Janet DiFiore,15,15,,,,delete,
96495,Unified Court System,8,26,,,,delete,
96496,Fuel  Tax,1,7,Taxes,keyword_match,medium,merge_to_canonical,7626.0
96497,Commission on Ethics and Lobbying,2,31,Ethics,keyword_match,medium,merge_to_canonical,7051.0
96499,Atomic Veterans,1,1,Veterans,keyword_match,medium,merge_to_canonical,7691.0
9650,Hanukkah,7,4,,,,delete,
96500,Corte de Apelaciones del Estado de Nueva York,1,0,,,,delete,
96503,TimeOut New York,1,3,,,,delete,
96505,2022 Woman of Distinction,3,16,,,,delete,
96506,Crime Rates,1,12,Crime,keyword_match,medium,merge_to_canonical,6926.0
96507,Jose Alba,1,1,,,,delete,
96508,yoga,1,6,,,,delete,
96509,Monkeypox,6,8,,,,delete,
9651,registry,5,7,,,,delete,
96512,Universal Health Care,1,15,Health Care,keyword_match,medium,merge_to_canonical,7166.0
96513,Liens,1,5,,,,delete,
96514,Minority Mental Health Month,1,11,Health Care,keyword_match,medium,merge_to_canonical,7166.0
96516,Fire; Housing; Disaster Relief; Queens,1,2,,,,delete,
96517,prenatal vitamins,1,2,,,,delete,
96518,Labor; Construction; Building Safety,1,16,Labor,semicolon_first_term_seed,high,merge_to_canonical,7286.0
96519,Wage Theft; Labor,1,7,,,,delete,
9652,regional economic development councils,3,16,Economic Development,keyword_match,medium,merge_to_canonical,6996.0
96520,Labor; Nurses; Overtime; Labor force,3,27,Labor,semicolon_first_term_seed,high,merge_to_canonical,7286.0
96521,Wages; Pay Transparency; Wage Gap,1,40,,,,delete,
96522,Amazon; Labor; Warehouse Worker Protection Act,1,24,,,,delete,
96523,Climate Crisis; Fossil Fuels; Energy Infrastructure,5,109,Climate Change,semicolon_first_term_keyword,medium,merge_to_canonical,6841.0
96524,NYCHA; NYCHA Repairs,2,1,,,,delete,
96525,i-gaming,0,3,Gaming,keyword_match,medium,merge_to_canonical,7111.0
96526,gambling addiction,0,1,Opioid & Substance Use,keyword_match,medium,merge_to_canonical,
96527,Congressman Zeldin,1,8,,,,delete,
96528,New York Council on Problem Gambling,3,2,Gaming,keyword_match,medium,merge_to_canonical,7111.0
96529,988,3,11,,,,delete,
9653,economy,43,285,Economic Development,keyword_match,medium,merge_to_canonical,6996.0
96530,National Suicide Prevention Lifeline,1,7,Mental Health,keyword_match,medium,merge_to_canonical,7346.0
96532,Korean War; Korean War Veterans; Road Dedication; State Route 365; Rome,1,2,,,,delete,
96533,EZ-Pass,3,17,,,,delete,
96535,Active Service Members,1,4,,,,delete,
96536,Single Moms Club,2,7,,,,delete,
96539,Rochester City Programs,1,3,,,,delete,
9654,households,1,7,,,,delete,
96540,Street Design,1,4,,,,delete,
96541,Elections; Governor; Campaigns; Violence,1,18,Elections,semicolon_first_term_seed,high,merge_to_canonical,7011.0
96542,New York City Council Districting,1,2,,,,delete,
96544,Colombian Independence Day,1,0,,,,delete,
96547,paratransit,1,0,,,,delete,
96548,transportation authorities,1,4,Transportation,keyword_match,medium,merge_to_canonical,7656.0
96549,Build Public Renewables Act; Climate Crisis,1,23,,,,delete,
9655,upstate public transportation,1,15,Transportation,keyword_match,medium,merge_to_canonical,7656.0
96550,Robert Jackson,0,0,,,,delete,
96551,Liz Krueger,6,0,,,,delete,
96552,Handball,1,1,,,,delete,
96553,Wallball,1,1,,,,delete,
96554,unemployment surcharges,3,8,Jobs & Employment,keyword_match,medium,merge_to_canonical,7261.0
96558,Premium Subsidies,1,2,,,,delete,
96559,ARPA,1,3,,,,delete,
9656,Calendar,2,31,,,,delete,
96560,NY Congressional Delegation,4,19,,,,delete,
96565,Ban Secret Deals,3,20,,,,delete,
96566,Softball,3,1,,,,delete,
96567,Farm Workers,4,11,Agriculture,keyword_match,medium,merge_to_canonical,6716.0
96568,Overtime Threshold,5,5,,,,delete,
96569,FLFPA,1,1,,,,delete,
9657,ASP,1,0,,,,delete,
96571,Backpack Drive,3,2,,,,delete,
96573,HHS,2,4,,,,delete,
96574,Federal Government,8,22,,,,delete,
96575,Syracuse Airport,2,3,,,,delete,
96577,MTA for All,1,4,MTA,keyword_match,medium,merge_to_canonical,9222.0
96578,Queensboro Plaza,1,0,,,,delete,
9658,Alternate Side Parking Calendar,1,6,,,,delete,
96580,Tax Rebate,1,8,Taxes,keyword_match,medium,merge_to_canonical,7626.0
96581,Racist,1,17,,,,delete,
96582,Anti Asian Hate,4,26,,,,delete,
96583,AAPI Education,6,22,Education,keyword_match,medium,merge_to_canonical,7001.0
96584,robotics,2,5,,,,delete,
96585,school improvements,1,5,Education,keyword_match,medium,merge_to_canonical,7001.0
96586,Padavan-Preller Athletic fields,1,1,,,,delete,
96587,U.S. District Court; Judge; Utica,2,1,,,,delete,
96589,Job Search,1,3,,,,delete,
9659,Grand Street Settlement,1,1,,,,delete,
96590,green chips,2,3,,,,delete,
9660,Interstate 81,3,12,,,,delete,
9661,Islamophobia,12,33,,,,delete,
9662,Humanitarian Relief,3,29,,,,delete,
9663,Dominican Republic,101,30,,,,delete,
96632,farm economy,3,8,Economic Development,keyword_match,medium,merge_to_canonical,6996.0
96635,Chautauqua Institution,1,1,,,,delete,
96636,Salman Rushdie,1,0,,,,delete,
96637,Peace Officers,1,1,,,,delete,
96638,JMA Wireless,1,1,,,,delete,
9664,Flood,4,12,,,,delete,
96641,Troop 349,1,1,,,,delete,
96644,Coronavirus Pandemic; COVID-19; Schools,1,11,COVID-19 Pandemic,semicolon_first_term_keyword,medium,merge_to_canonical,78756.0
96646,NFIB; Small Business; Economy,3,15,,,,delete,
96647,NYC DOE,7,23,,,,delete,
9665,High School,27,124,Education,keyword_match,medium,merge_to_canonical,7001.0
96652,NYC Redistricting,1,10,Elections,keyword_match,medium,merge_to_canonical,7011.0
96653,HPSTA,1,1,,,,delete,
96654,Frankenstein Apartments,4,10,,,,delete,
96656,Niagara River,1,0,,,,delete,
96657,lake george,1,4,,,,delete,
96658,wastewater treatment,5,10,,,,delete,
9666,Presidential Scholars,9,17,,,,delete,
96661,Minor League,1,1,,,,delete,
96662,#CancelStudentDebt,2,361,Higher Education,keyword_match,medium,merge_to_canonical,7176.0
96663,American Rescue Plan Act,2,12,,,,delete,
96664,disability outreach,1,21,Disability Rights,keyword_match,medium,merge_to_canonical,75029.0
96665,labor unions,9,22,Labor,keyword_match,medium,merge_to_canonical,7286.0
96669,East Northport Salvation Army,2,1,,,,delete,
9667,electoral college vote,4,51,Higher Education,keyword_match,medium,merge_to_canonical,7176.0
96671,Healthy Eating,3,12,,,,delete,
96672,Marylou Whitney,1,1,,,,delete,
96675,Office of Renewable Energy Permitting,1,8,Energy,keyword_match,medium,merge_to_canonical,7026.0
96676,CLCPA; Local control,3,3,Climate Change,semicolon_first_term_keyword,medium,merge_to_canonical,6841.0
96677,Commission on judicial nomination,3,11,Judiciary,keyword_match,medium,merge_to_canonical,7271.0
9668,I-81,5,16,,,,delete,
96681,International Coastal Cleanup,1,4,,,,delete,
96682,Beach,4,2,,,,delete,
96683,Midtown Community Court,1,1,,,,delete,
96684,Woodside on the Move,1,0,,,,delete,
96685,PS 361Q,1,0,,,,delete,
96686,Chief Judge,28,43,,,,delete,
96687,Tax-Free Debt Forgiveness Act,1,10,Taxes,keyword_match,medium,merge_to_canonical,7626.0
96688,Farm Laborers Wage Board; Agriculture; Farms,4,7,Agriculture,semicolon_first_term_keyword,medium,merge_to_canonical,6716.0
9669,Special Session,5,11,,,,delete,
96691,Combating COVID-19; Governor's Emergency Powers; Regulations,1,10,COVID-19 Pandemic,semicolon_first_term_keyword,medium,merge_to_canonical,78756.0
9670,NYC Taxi and Livery Industry,6,8,,,,delete,
9671,Uber,4,27,,,,delete,
9672,Airport Workers,4,21,,,,delete,
9673,Union Contract,2,11,Labor,keyword_match,medium,merge_to_canonical,7286.0
96734,Polio,3,2,,,,delete,
96735,Pay to Play,1,2,,,,delete,
96736,NYC Public Schools,2,9,Education,keyword_match,medium,merge_to_canonical,7001.0
96739,Minimum Wage; Inflation,2,12,Minimum Wage,semicolon_first_term_seed,high,merge_to_canonical,7361.0
9674,32BJ SEIU,2,12,,,,delete,
96740,school choice,1,4,Education,keyword_match,medium,merge_to_canonical,7001.0
96741,religious freedom,3,7,,,,delete,
96742,children's literacy,9,16,Children,keyword_match,medium,merge_to_canonical,6816.0
96743,Women's Rights Convention,1,8,Women's Rights,keyword_match,medium,merge_to_canonical,9128.0
96744,NYC DOT,7,6,,,,delete,
96745,whipped cream,1,0,,,,delete,
96746,Veterans BBQ,2,1,Veterans,keyword_match,medium,merge_to_canonical,7691.0
96747,Public Authorities Control Board,2,4,,,,delete,
96748,PACB,1,0,,,,delete,
9675,hate speech,18,87,,,,delete,
96759,NYS Rural Ambulance Services Task Force,2,7,,,,delete,
9676,Outstanding People in the 52nd Senate District,1,4,,,,delete,
96760,2022 Women of Distinction. Legal Services of the Hudson Valley,1,4,Women of Distinction,keyword_match,medium,merge_to_canonical,8989.0
96761,Senior Appreciation,1,4,,,,delete,
96762,Senate Investigations Committee,3,21,Ethics,keyword_match,medium,merge_to_canonical,7051.0
96763,bail law; criminal justice; discovery; law enforcement; crime victims,17,135,Criminal Justice Reform,semicolon_first_term_keyword,medium,merge_to_canonical,8546.0
96764,declutter,1,7,,,,delete,
96768,Astoria Planetarium,1,4,,,,delete,
96769,JFK Airport redevelopment,2,4,,,,delete,
9677,Student Union,1,2,Education,keyword_match,medium,merge_to_canonical,7001.0
96770,Women Owned Business Enterprise (MWBE),3,4,Minority & Women-Owned Business,keyword_match,medium,merge_to_canonical,
96771,Gold Award,1,0,,,,delete,
96772,Youth Soccer,2,2,Children,keyword_match,medium,merge_to_canonical,6816.0
96774,High School Admissions,1,3,Education,keyword_match,medium,merge_to_canonical,7001.0
96776,Mahsa Amini,3,2,,,,delete,
96779,National Preparedness Month,1,0,,,,delete,
9678,Community Health,45,227,Health Care,keyword_match,medium,merge_to_canonical,7166.0
96780,Admissions,0,4,,,,delete,
96781,flooding; Steuben County; Tropical Storm Fred,2,1,Environment,semicolon_first_term_keyword,medium,merge_to_canonical,7036.0
96782,Heating bills,3,17,,,,delete,
96783,Electric Vehicles; Green Energy; Mandates,5,30,Transportation,semicolon_first_term_keyword,medium,merge_to_canonical,7656.0
96784,Farm Worker Overtime Threshold,5,4,Agriculture,keyword_match,medium,merge_to_canonical,6716.0
96785,School Admissions,2,4,Education,keyword_match,medium,merge_to_canonical,7001.0
96786,Construction & Community Development,3,24,Infrastructure,keyword_match,medium,merge_to_canonical,4521.0
96789,labor commission,0,4,Labor,keyword_match,medium,merge_to_canonical,7286.0
9679,False Claims Act,1,6,,,,delete,
96790,Safety & Efficiency Upgrades,1,7,,,,delete,
96791,Funding for Environmental Education Programs,1,7,Education,keyword_match,medium,merge_to_canonical,7001.0
96792,Holocaust Museum & Center for Tolerance,0,1,,,,delete,
96793,Holocaust Museum & Center for Tolerance,1,3,,,,delete,
96796,Gun Legislation; Public Safety; Concealed Carry,3,54,Gun Control,semicolon_first_term_keyword,medium,merge_to_canonical,7141.0
96797,Asylum Seekers; Housing,2,12,,,,delete,
96799,109th precinct,1,12,,,,delete,
9680,update,1,7,,,,delete,
96803,Nail Salon Workers; Ventilation,1,3,,,,delete,
96808,Electronics Recycling; Paper Shredding; Prescription Drug Drop-Off,6,9,Environment,semicolon_first_term_keyword,medium,merge_to_canonical,7036.0
96809,Housing & Tenant Protections,2,29,Housing,keyword_match,medium,merge_to_canonical,7201.0
96810,Asylum Seekers; Immigration; Work Permits,16,24,,,,delete,
96811,underage gambling,1,0,Gaming,keyword_match,medium,merge_to_canonical,7111.0
96812,iGaming,3,4,,,,delete,
96813,Comptroller Audit,2,8,,,,delete,
96814,Philanthropy,1,4,,,,delete,
96815,Film Industry,1,8,,,,delete,
96816,Equity Theft,1,0,,,,delete,
96817,Public Bathrooms,1,5,,,,delete,
96818,HANAC,1,0,,,,delete,
96819,AircraftS,1,1,,,,delete,
9682,news,3,18,,,,delete,
96826,Mass violence; School Threats,1,12,,,,delete,
96827,EJ's PJS,3,3,,,,delete,
9683,Chrystie Street,1,1,,,,delete,
96832,Asylun Seekers,1,1,,,,delete,
96834,state budget; government spending; taxes,3,34,Budget,semicolon_first_term_seed,high,merge_to_canonical,6786.0
96835,gaming revenue,1,4,Gaming,keyword_match,medium,merge_to_canonical,7111.0
96839,Hous,0,1,,,,delete,
9684,Biking,3,35,,,,delete,
96840,REAL ID,4,11,,,,delete,
96841,Governors Island Winter Village,1,4,,,,delete,
96843,NYS legislative process,3,26,,,,delete,
96844,Fallen Heroes,4,4,,,,delete,
96845,Memorial Highway Dedication,2,4,Transportation,keyword_match,medium,merge_to_canonical,7656.0
96846,New York State Comptroller,7,14,,,,delete,
96849,Heros 4 Our Heroes,1,9,,,,delete,
9685,Streets and Transportation,10,67,Transportation,keyword_match,medium,merge_to_canonical,7656.0
96852,Lithium-Ion Batteries,15,11,,,,delete,
96853,E-Scooters,3,2,,,,delete,
96854,Green Barrier,1,4,,,,delete,
96856,Minimum Wage; Inflation; Raise the Wage Act,9,32,Minimum Wage,semicolon_first_term_seed,high,merge_to_canonical,7361.0
96857,Korean War Service Medal,1,4,,,,delete,
96858,Supporting Veterans,1,12,Veterans,keyword_match,medium,merge_to_canonical,7691.0
96859,MTA; Six Minute Service,1,6,MTA,semicolon_first_term_seed,high,merge_to_canonical,9222.0
9686,Street Safety,51,90,,,,delete,
96860,Bad Faith Insurance Loophole,1,12,Insurance,keyword_match,medium,merge_to_canonical,7236.0
96866,Holiday Block Party,1,3,,,,delete,
96867,child care; minimum wage; fair pay for home care; salary disclosure,1,15,Child Care,semicolon_first_term_seed,high,merge_to_canonical,9530.0
96869,Crime; Violence; Public Safety; Gun Violence,12,40,Crime,semicolon_first_term_seed,high,merge_to_canonical,6926.0
9687,Religion,7,46,,,,delete,
96870,Treatment Not Jail; public safety; mental health,1,14,,,,delete,
96872,The Villages,1,3,,,,delete,
96873,legislative checks and balances,1,4,,,,delete,
96874,Elizabeth's Law,8,3,,,,delete,
96875,Cuba Lake,1,0,,,,delete,
96876,State-owned land,1,6,,,,delete,
96877,Senator Rob Ortt,1,2,,,,delete,
96878,Legislative Leadership,1,6,,,,delete,
96879,Thruway,2,8,,,,delete,
9688,UNITED NATIONS,5,16,,,,delete,
96880,Museum of the Moving Image,1,1,,,,delete,
96881,Arts funding,7,12,Arts & Culture,keyword_match,medium,merge_to_canonical,80871.0
96882,Toys for Tots,7,2,,,,delete,
96883,Toll increases; New York State Thruway Authority,4,20,,,,delete,
96886,Dr. Mary Bassett,1,0,,,,delete,
96887,Health Commissioner,2,8,Health Care,keyword_match,medium,merge_to_canonical,7166.0
9689,PEACE,3,11,,,,delete,
96890,Thruway Tolls,4,10,,,,delete,
96891,Wrongful Death,1,14,,,,delete,
96892,Grieving Families,4,15,Families,keyword_match,medium,merge_to_canonical,7061.0
96893,Assemblyman Michael Fitzpatrick,2,0,,,,delete,
96895,Deputy Majority Leader,1,3,,,,delete,
96896,Senate Democratic Majority,2,10,,,,delete,
96897,2022-23 Session,1,13,,,,delete,
96898,2022 election,1,7,Elections,keyword_match,medium,merge_to_canonical,7011.0
9690,Martin Luther King Jr,2,4,,,,delete,
96902,state budget; tax burden,1,9,Budget,semicolon_first_term_seed,high,merge_to_canonical,6786.0
96903,Senate Deputy Leader,2,2,,,,delete,
96904,The New School,1,2,Education,keyword_match,medium,merge_to_canonical,7001.0
96905,CUNY School of Law,1,2,Education,keyword_match,medium,merge_to_canonical,7001.0
96906,Illegal Lockouts,1,6,,,,delete,
96907,Ridgewood Tenants Union,1,3,Labor,keyword_match,medium,merge_to_canonical,7286.0
96909,Pajamas,2,0,,,,delete,
9691,Ruben Diaz. Three Kings,1,0,,,,delete,
96911,#FixTheMTA,10,128,,,,delete,
96912,Climate Act,7,27,,,,delete,
96914,Chinatown Economic Development,1,1,Economic Development,keyword_match,medium,merge_to_canonical,6996.0
96915,energy policy; mandates,1,22,Energy,semicolon_first_term_keyword,medium,merge_to_canonical,7026.0
96916,W42ST,1,0,,,,delete,
96917,NYSCA,5,1,,,,delete,
96918,Manhattan CB6,1,0,,,,delete,
96919,clean energy mandates,12,52,Renewable Energy,keyword_match,medium,merge_to_canonical,7511.0
9692,Bronx,43,42,,,,delete,
96922,Village of Silver Creek,1,1,,,,delete,
96923,New York State Senate Empire Award,24,3,,,,delete,
96924,2022 Community Survey,1,7,,,,delete,
96925,St. Catherine of Siena,1,0,,,,delete,
96926,Legislators Pay,1,5,,,,delete,
96927,Legislative Pay,1,5,,,,delete,
96929,Christmas 2022,0,0,,,,delete,
9693,PS5,1,0,,,,delete,
96930,New Year,3,6,,,,delete,
96931,Town of DeWitt,1,0,,,,delete,
96932,Burger King,1,3,,,,delete,
96933,Carrols Corporation,1,0,,,,delete,
96934,holiday hunting,2,8,,,,delete,
96935,Onondaga Community College,1,2,Higher Education,keyword_match,medium,merge_to_canonical,7176.0
96936,Columbus Baking Company,1,0,,,,delete,
96937,NYS Historic Business Preservation Registry,4,1,,,,delete,
96938,Police Funding,4,18,First Responders,keyword_match,medium,merge_to_canonical,8930.0
96939,Camillus State Park,0,0,,,,delete,
9694,New Laws,11,182,,,,delete,
96940,Camillus Park,2,0,,,,delete,
96941,Pickleball,3,0,,,,delete,
96942,Micron,4,2,,,,delete,
96943,Diaper Need,3,5,,,,delete,
96944,CNY Diaper Bank,3,2,,,,delete,
96945,Sysco,1,0,,,,delete,
96946,Gun Buyback,1,12,Gun Control,keyword_match,medium,merge_to_canonical,7141.0
96947,Workers Rights,2,18,Labor,keyword_match,medium,merge_to_canonical,7286.0
96948,Long Island Investment Fund,1,2,,,,delete,
96949,New York State Thruway Authority; Toll Increases,5,12,,,,delete,
9695,events,8,29,,,,delete,
96950,CMV,1,0,,,,delete,
96951,cross lake,2,1,,,,delete,
96952,Seneca River,1,0,,,,delete,
96953,George Santos,13,9,,,,delete,
96954,Republican Extremism,12,13,,,,delete,
96955,2023 legislative session,18,124,,,,delete,
96956,CHARAS,1,0,,,,delete,
96957,gas tax suspension,2,11,Taxes,keyword_match,medium,merge_to_canonical,7626.0
96958,NYS Senate District 61,0,37,,,,delete,
96959,Senate Finance Committee,1,8,Finance,keyword_match,medium,merge_to_canonical,7081.0
9696,parking,10,20,,,,delete,
96960,Banks Committee,2,4,Finance,keyword_match,medium,merge_to_canonical,7081.0
96961,Fulton,2,0,,,,delete,
96962,2023 Legislative Questionnaire,2,15,,,,delete,
96964,Immigration Status,1,20,Immigration,keyword_match,medium,merge_to_canonical,7221.0
9697,nyc,19,63,,,,delete,
9698,photo evidence,3,4,,,,delete,
9699,summonses,2,1,,,,delete,
9700,Second Amendment,36,445,Gun Control,keyword_match,medium,merge_to_canonical,7141.0
9701,police substation,1,0,First Responders,keyword_match,medium,merge_to_canonical,8930.0
9702,city agencies,1,15,,,,delete,
9704,new york state senator jim tedisco,1,7,,,,delete,
9705,nys legislature,10,119,,,,delete,
9706,nys senator jim tedisco,1,4,,,,delete,
97068,capital project funding,8,8,,,,delete,
9707,swearing-in ceremony,15,16,,,,delete,
9708,Wagering,2,6,,,,delete,
9709,Rockland County,55,17,,,,delete,
9710,Tappan Zee Bridge,4,24,,,,delete,
9711,Westchester County,48,79,,,,delete,
97114,2023 State of the State,13,54,,,,delete,
9712,Tolls,21,65,,,,delete,
9713,Rockland Community College,1,3,Higher Education,keyword_match,medium,merge_to_canonical,7176.0
9714,Local Ceremony,2,3,,,,delete,
9715,Indian Point,23,71,,,,delete,
9716,Condominium Owners,3,25,,,,delete,
9717,Real Estate,34,194,,,,delete,
9718,Bill of Rights,1,71,,,,delete,
9719,spending,1,12,,,,delete,
9720,East Ramapo,7,3,,,,delete,
9721,School Boards,12,47,Education,keyword_match,medium,merge_to_canonical,7001.0
9722,Senior Citizens,109,460,Seniors,keyword_match,medium,merge_to_canonical,7546.0
97228,Rescue New York,6,27,,,,delete,
9723,Senator Andrea Stewart-Cousins,5,18,,,,delete,
9724,Women's Reproductive Rights,38,320,Reproductive Rights,keyword_match,medium,merge_to_canonical,9346.0
9725,State Assistance,1,11,,,,delete,
97251,Proclamation or Awards,1,4,,,,delete,
9726,committee assignments,8,30,,,,delete,
9727,Senate committee assignments,11,40,,,,delete,
97273,Make NY Affordable,1,25,,,,delete,
9728,trails,1,13,,,,delete,
97282,Rescue New York 2023 legislative agenda; affordability; public safety; economic opportunity,8,43,,,,delete,
9729,Home Energy Assistance Program,14,58,Energy,keyword_match,medium,merge_to_canonical,7026.0
97298,IDA Reform,2,13,,,,delete,
9730,heap,30,64,,,,delete,
9731,ARRC,1,1,,,,delete,
9732,saw mill river parkway,3,7,,,,delete,
9733,taconic state parkway,2,4,,,,delete,
9734,mahopac,4,2,,,,delete,
97341,school meals,11,18,Education,keyword_match,medium,merge_to_canonical,7001.0
97345,Judicial,1,5,Judiciary,keyword_match,medium,merge_to_canonical,7271.0
9735,cullen malzo,2,0,,,,delete,
97357,Year of the Rabbit,2,3,,,,delete,
9736,new york state liberty medal,2,1,,,,delete,
97366,St. Clare's,6,1,,,,delete,
9737,Van Cortlandtville Elementary School,1,0,Education,keyword_match,medium,merge_to_canonical,7001.0
9738,playgrounds,12,25,,,,delete,
9739,grade crossing elimination act,2,3,,,,delete,
9740,railway safety,4,10,,,,delete,
9741,petition,8,117,,,,delete,
9742,lyft,3,7,,,,delete,
9743,eaglefest,6,3,,,,delete,
97434,2023 Legislative Agenda,1,37,,,,delete,
97435,Outmigration,3,9,,,,delete,
9744,teatown,3,4,,,,delete,
9745,mount pleasant,6,2,,,,delete,
9746,New York Blood Center,19,22,,,,delete,
9747,judith clarke,1,2,,,,delete,
9748,oath of office,10,19,,,,delete,
9749,Rural Resources Commission,3,15,,,,delete,
9750,New York State,28,199,,,,delete,
9751,S1639,1,2,,,,delete,
9752,Affordable Care Care,1,88,,,,delete,
9753,Repeal,1,17,,,,delete,
9754,Senate Republicans,5,70,,,,delete,
9755,Dr. Martin Luther King,4,13,,,,delete,
97555,Final Scoping Plan,1,2,,,,delete,
9756,Jr.,2,2,,,,delete,
9758,Chris Jacobs,1,3,,,,delete,
9759,Dr. Martin Luther King Jr,13,27,,,,delete,
9760,Intercity buses,1,5,,,,delete,
9761,streets & transportation,6,37,Transportation,keyword_match,medium,merge_to_canonical,7656.0
9762,Executive Budget,131,485,Budget,seed_exact,high,merge_to_canonical,6786.0
9763,Congressmember Tom Price,1,7,,,,delete,
97639,blizzard,1,8,,,,delete,
9764,Nomination Hearing,3,12,,,,delete,
97640,WNY storm,1,6,,,,delete,
9765,Department of Health and Human Services,4,83,Health Care,keyword_match,medium,merge_to_canonical,7166.0
9766,NYRA,5,6,,,,delete,
9767,School Aid,26,89,Education,keyword_match,medium,merge_to_canonical,7001.0
9768,State Budget Process,15,85,Budget,keyword_match,medium,merge_to_canonical,6786.0
9769,NYS Budget,100,407,Budget,keyword_match,medium,merge_to_canonical,6786.0
9770,Presidential Inauguration,1,12,,,,delete,
9771,Day of Action,1,15,,,,delete,
97710,2023,1,20,,,,delete,
9772,Inauguration Day,11,10,,,,delete,
9773,Administrative Regulatory Review Commission,4,31,,,,delete,
9774,weather,5,19,,,,delete,
9775,New York State budget,201,999,Budget,seed_exact,high,merge_to_canonical,6786.0
9776,Senate Resolution,6,17,,,,delete,
9777,LNY,1,1,,,,delete,
9778,Greenstreets,1,13,,,,delete,
9779,Early College Program,3,12,Higher Education,keyword_match,medium,merge_to_canonical,7176.0
9780,New York Islanders,9,15,,,,delete,
9781,Senator LaValle,1,2,,,,delete,
9782,Senate District 1,0,0,,,,delete,
9783,Sanctuary Cities,14,98,Local Government,keyword_match,medium,merge_to_canonical,7326.0
9784,Foreclosure Prevention,19,78,Housing,keyword_match,medium,merge_to_canonical,7201.0
9785,Title XX,2,4,,,,delete,
9786,Restore NY,5,34,,,,delete,
9787,Heroes Protection Act,1,9,,,,delete,
97876,gas stoves,2,39,Energy,keyword_match,medium,merge_to_canonical,7026.0
9788,Year of the Rooster,1,2,,,,delete,
9789,Immigrant Heritage,9,24,Immigration,keyword_match,medium,merge_to_canonical,7221.0
9790,Upstate,12,107,,,,delete,
97901,NYS Senator Canzoneri-Fitzpatrick,1,1,,,,delete,
97902,Legislative Commission on Rural Resource,5,9,,,,delete,
9791,National Security,3,25,,,,delete,
9792,Community Heroes Protection Act,9,26,,,,delete,
9793,Made In New York,2,17,,,,delete,
9794,LOWER MANHATTAN CONSTRUCTION COORDINATION,1,3,Infrastructure,keyword_match,medium,merge_to_canonical,4521.0
9795,Warren Street,1,0,,,,delete,
97953,Gas Stove Ban,13,280,Energy,keyword_match,medium,merge_to_canonical,7026.0
9796,public corruption,8,65,Ethics,keyword_match,medium,merge_to_canonical,7051.0
9797,Constitutional Reform,2,29,,,,delete,
9798,property tax cap,38,224,Taxes,keyword_match,medium,merge_to_canonical,7626.0
9799,Holocaust Remembrance Day,5,8,,,,delete,
9800,President Trump,18,124,,,,delete,
9801,Holocaust,55,50,,,,delete,
9802,Jewish History,21,27,,,,delete,
9803,Resolutions,7,18,,,,delete,
9804,Senator Robach,15,17,,,,delete,
9805,Supreme Court,24,119,Judiciary,keyword_match,medium,merge_to_canonical,7271.0
9806,animal cruelty,23,164,Animal Welfare,keyword_match,medium,merge_to_canonical,9462.0
9807,Immigration discrimination,9,102,Civil Rights,keyword_match,medium,merge_to_canonical,6831.0
9808,biotech,1,18,,,,delete,
9809,valhalla,8,10,,,,delete,
9810,new york medical college,5,9,Higher Education,keyword_match,medium,merge_to_canonical,7176.0
9811,Metro-North Railroad,13,23,,,,delete,
98270,BAN on gas cooking stoves,2,150,,,,delete,
98271,NYS Senator Borrello,1,13,,,,delete,
98297,Gas Oven Ban,3,111,,,,delete,
98298,Oppose All Electric,2,71,,,,delete,
98299,Fuel Choice,3,43,,,,delete,
98324,Stop The Ban,1,51,,,,delete,
98327,Overdose Death,1,18,,,,delete,
98362,Madison Square Garden,8,11,,,,delete,
98363,facial technology,0,7,Technology Policy,keyword_match,medium,merge_to_canonical,
98438,Judge LaSalle,7,9,,,,delete,
98486,DOF,1,5,,,,delete,
9875,Nurse Family Partnership,1,15,,,,delete,
9876,Pre-natal to Pre-K,1,7,,,,delete,
9877,Early Childhood Development Task Force,1,14,,,,delete,
9878,Maternal Home Visiting,1,5,,,,delete,
9880,LICH,1,1,,,,delete,
9881,Long island College Hospital,1,0,Health Care,keyword_match,medium,merge_to_canonical,7166.0
9882,Cobble Hill,4,1,,,,delete,
9883,Construction noise,1,5,Infrastructure,keyword_match,medium,merge_to_canonical,4521.0
9884,Department of buildings,3,6,,,,delete,
98849,Town of Huntington,3,5,,,,delete,
9885,Voting Reform,73,568,Voting Rights,keyword_match,medium,merge_to_canonical,9001.0
9886,Democratic Conference Policy Group,3,26,,,,delete,
98862,Justice Hector LaSalle,11,5,,,,delete,
9887,Party Registration,2,18,,,,delete,
9888,Voting,88,765,Voting Rights,keyword_match,medium,merge_to_canonical,9001.0
9890,Familial DNA,7,15,,,,delete,
98906,financial scams,2,6,,,,delete,
9891,Forensic Science,3,6,,,,delete,
9892,Issues,3,14,,,,delete,
9893,star rebate,3,33,Taxes,keyword_match,medium,merge_to_canonical,7626.0
98935,Public Safety; Law Enforcement; Protecting New Yorkers,3,14,Public Safety,semicolon_first_term_seed,high,merge_to_canonical,8316.0
9894,Community Meetings,10,24,,,,delete,
9895,Puerto Rico,28,48,,,,delete,
9896,Betsy DeVos,2,41,,,,delete,
9897,Protest,2,25,,,,delete,
9898,Public Schools,89,564,Education,keyword_match,medium,merge_to_canonical,7001.0
98983,Hateful Graffiti,2,1,,,,delete,
9899,welfare,2,35,,,,delete,
9900,assemblyman kevin byrne,1,4,,,,delete,
9901,mitigation,1,2,,,,delete,
9902,BOCES,21,122,Education,keyword_match,medium,merge_to_canonical,7001.0
9903,School security,17,129,Education,keyword_match,medium,merge_to_canonical,7001.0
9904,Excutive Budget,2,19,Budget,keyword_match,medium,merge_to_canonical,6786.0
9905,5 Cents (5¢) Plastic Bag Fee,3,106,Environment,keyword_match,medium,merge_to_canonical,7036.0
9906,Race,5,45,,,,delete,
9907,cord blood,2,11,,,,delete,
9908,new york state veterans home at montrose,7,7,Veterans,keyword_match,medium,merge_to_canonical,7691.0
9909,furnace woods elementary school,1,0,Education,keyword_match,medium,merge_to_canonical,7001.0
9910,state owned land,2,18,,,,delete,
9911,assessment,3,17,,,,delete,
9912,Re-Entry,9,29,,,,delete,
9913,star,2,22,Taxes,keyword_match,medium,merge_to_canonical,7626.0
9914,tax redemption,1,9,Taxes,keyword_match,medium,merge_to_canonical,7626.0
9915,Organ Donor Weekly Column,0,3,,,,delete,
9916,Vandalism,11,18,,,,delete,
9917,Hate Crime,62,215,Crime,keyword_match,medium,merge_to_canonical,6926.0
99170,Wire fraud,1,3,,,,delete,
99171,Wire Fraud Warning,1,5,,,,delete,
99172,Monterey Park,1,0,,,,delete,
9919,local leaders,5,23,,,,delete,
9920,Area Median Income,2,22,,,,delete,
9921,STAR Rebate Check,6,54,Taxes,keyword_match,medium,merge_to_canonical,7626.0
9922,Criminal Justice Refom,45,552,Criminal Justice Reform,keyword_match,medium,merge_to_canonical,8546.0
9923,charitable gaming,5,10,Gaming,keyword_match,medium,merge_to_canonical,7111.0
9924,Nuclear power,11,35,,,,delete,
9925,Lead in Water,3,31,,,,delete,
9926,Rats,3,6,,,,delete,
9927,EB-5,1,4,,,,delete,
9928,Senate Democratic Conference Policy Group,0,3,,,,delete,
9929,Water Protection,6,20,,,,delete,
9930,Environmental POlicy,3,104,Environment,keyword_match,medium,merge_to_canonical,7036.0
9931,Vermin Infestation,0,2,,,,delete,
9932,Leptospirosis,1,2,,,,delete,
9933,Ved Parkash,1,0,,,,delete,
9934,vermin borne illness,1,0,,,,delete,
9935,Presidents' Day,2,1,,,,delete,
9936,Veterans & Active Duty,8,28,Veterans,keyword_match,medium,merge_to_canonical,7691.0
9937,Transporation,10,43,,,,delete,
9938,amy paulin,2,5,,,,delete,
9939,elephants,4,19,,,,delete,
9940,zoos botanical gardens and acquiariums,2,15,,,,delete,
9941,pace university,7,9,Higher Education,keyword_match,medium,merge_to_canonical,7176.0
9942,5-cents Plastic Bag Fee,0,65,Environment,keyword_match,medium,merge_to_canonical,7036.0
9943,Poor,1,10,,,,delete,
9944,Needy,1,5,,,,delete,
9945,Plastic Bag Fee,2,31,Environment,keyword_match,medium,merge_to_canonical,7036.0
9946,Senior Services,21,108,Seniors,keyword_match,medium,merge_to_canonical,7546.0
9947,Older Adults,51,207,,,,delete,
9948,future farmers,4,23,Agriculture,keyword_match,medium,merge_to_canonical,6716.0
9949,persons with disabilities,17,145,Disability Rights,keyword_match,medium,merge_to_canonical,75029.0
9950,stormwater,3,12,,,,delete,
9951,waste water,3,15,,,,delete,
9952,varsity sports,1,0,,,,delete,
9953,gymnastics,3,2,,,,delete,
9954,mahopac high school,2,2,Education,keyword_match,medium,merge_to_canonical,7001.0
99549,Criminal Justice Data,1,27,Criminal Justice Reform,keyword_match,medium,merge_to_canonical,8546.0
9955,Donate Life,1,3,,,,delete,
9956,NORC,3,2,,,,delete,
9957,2017 Women of Distinction,81,58,Women of Distinction,keyword_match,medium,merge_to_canonical,8989.0
9958,protection,2,7,,,,delete,
99581,local civics,1,7,,,,delete,
9959,sanctuary,2,20,,,,delete,
9960,Indian Point Power Plant,18,85,,,,delete,
9961,Senator Murphy,2,4,,,,delete,
9962,Mitchell-Lama,3,12,,,,delete,
9963,Immigrants,21,120,Immigration,keyword_match,medium,merge_to_canonical,7221.0
9964,Taxi and Livery Drivers,7,8,,,,delete,
9965,WNYCPC,3,4,,,,delete,
99656,Low-Interest Rate Program,1,9,,,,delete,
9966,district updates,2,22,,,,delete,
9967,26th district,1,37,,,,delete,
99676,safer NY,1,9,,,,delete,
9968,email update,2,4,,,,delete,
9969,Little League World Champions,1,1,,,,delete,
9970,Economic and Revenue Consensus,3,13,,,,delete,
9971,Library Advocacy Day,4,15,Libraries,keyword_match,medium,merge_to_canonical,8131.0
9972,women's history,0,33,,,,delete,
9973,gender equality,24,156,Women's Rights,keyword_match,medium,merge_to_canonical,9128.0
9974,policing,15,82,,,,delete,
9975,Garifuna Heritage Month,6,1,,,,delete,
9976,Financial Exploitation,3,20,,,,delete,
9977,Community Renewal,2,11,,,,delete,
9980,Travel Ban,1,16,,,,delete,
9981,Muslim Ban,3,27,,,,delete,
9982,transgender equality,18,165,Women's Rights,keyword_match,medium,merge_to_canonical,9128.0
99822,New York State Thruway Authority; DOT; Exits,1,3,,,,delete,
9984,LGBT,20,170,LGBTQ+ Rights,keyword_match,medium,merge_to_canonical,
9985,speeding,3,8,,,,delete,
9986,school zones,1,3,Education,keyword_match,medium,merge_to_canonical,7001.0
9987,motorists,3,7,,,,delete,
9990,Infrastructure and Capital Investment,24,124,Infrastructure,keyword_match,medium,merge_to_canonical,4521.0
9993,anti-semitism,69,241,Hate Crimes,keyword_match,medium,merge_to_canonical,9619.0
9995,Veterans Hall of Fame,1284,231,Veterans Hall of Fame,seed_exact,high,already_canonical,9995.0
9996,Downtown Express,1,1,,,,delete,
99964,inauguration,4,1,,,,delete,
99965,Smoke Shops,2,18,,,,delete,
9997,Lead,8,27,,,,delete,
9998,Drinking Water,26,164,Clean Water,keyword_match,medium,merge_to_canonical,9026.0
9999,Legislative Questionnaire,19,94,,,,delete,
